method,ntaxa,bl,biastype,pitype,parameter,r,estbias,rmsd
FEL1,128,0.0025,bias,equalpi,dn,0.277796694688378,1.96811063758389,2.93790639344852
FEL1,128,0.0025,bias,unequalpi,dn,0.3015606811864,1.61629999844325,2.55931319435781
FEL1,128,0.0025,nobias,equalpi,dn,0.284591318506847,1.28965104497675,2.1442770433625
FEL1,128,0.0025,nobias,unequalpi,dn,0.325655802498825,1.22374050295042,1.99734361816694
FEL1,128,0.01,bias,equalpi,dn,0.357108005403128,0.378988043030097,0.921581606814063
FEL1,128,0.01,bias,unequalpi,dn,0.331503431748723,0.374513257040691,0.924297372049796
FEL1,128,0.01,nobias,equalpi,dn,0.397336242357212,0.186017701508367,0.723987685600096
FEL1,128,0.01,nobias,unequalpi,dn,0.377917012194524,0.185389752185512,0.708863543566718
FEL1,128,0.04,bias,equalpi,dn,0.51125215120594,0.129598764083938,0.523756186025123
FEL1,128,0.04,bias,unequalpi,dn,0.502419020667833,0.118938462196308,0.492346375190667
FEL1,128,0.04,nobias,equalpi,dn,0.567091886323228,0.0229794797631149,0.424785926324645
FEL1,128,0.04,nobias,unequalpi,dn,0.545883796241044,0.0320440420109501,0.422031925036797
FEL1,128,0.16,bias,equalpi,dn,0.689735801297942,0.09952610642874,0.331002645234093
FEL1,128,0.16,bias,unequalpi,dn,0.691530512630402,0.0953125554962932,0.314309956412523
FEL1,128,0.16,nobias,equalpi,dn,0.729074128782734,-0.00337009574975664,0.258931220724069
FEL1,128,0.16,nobias,unequalpi,dn,0.727745640610623,0.00488384473660768,0.257388550865689
FEL1,128,0.64,bias,equalpi,dn,0.8687507114521,0.0939681398694435,0.204833366724183
FEL1,128,0.64,bias,unequalpi,dn,0.874247020824081,0.084293972070041,0.191259692779344
FEL1,128,0.64,nobias,equalpi,dn,0.891370675763533,-0.0374557722822156,0.139185304911077
FEL1,128,0.64,nobias,unequalpi,dn,0.890453867694771,-0.0403781168644776,0.137662210293491
FEL1,256,0.0025,bias,equalpi,dn,0.309551759918248,0.742073080332392,1.41378316105858
FEL1,256,0.0025,bias,unequalpi,dn,0.310866558564027,0.75017977581258,1.38084823899506
FEL1,256,0.0025,nobias,equalpi,dn,0.332817088295916,0.50399111187839,1.16246195053294
FEL1,256,0.0025,nobias,unequalpi,dn,0.327979178533235,0.59030483910823,1.23518030281243
FEL1,256,0.01,bias,equalpi,dn,0.416681626049617,0.199917454121753,0.698014834003766
FEL1,256,0.01,bias,unequalpi,dn,0.40808110226979,0.222355797472713,0.695930097855783
FEL1,256,0.01,nobias,equalpi,dn,0.453762334961406,0.0581661074707253,0.554204905831747
FEL1,256,0.01,nobias,unequalpi,dn,0.451265413392799,0.0335611091846883,0.509305147916186
FEL1,256,0.04,bias,equalpi,dn,0.572181563829194,0.109105015117816,0.442215452290874
FEL1,256,0.04,bias,unequalpi,dn,0.560535075787246,0.113142351726379,0.437693706497589
FEL1,256,0.04,nobias,equalpi,dn,0.623090562165619,0.0071752041217999,0.352747985604164
FEL1,256,0.04,nobias,unequalpi,dn,0.610109354233083,0.00816958406136757,0.352501813534058
FEL1,256,0.16,bias,equalpi,dn,0.73078126933543,0.097121604187734,0.296462460857498
FEL1,256,0.16,bias,unequalpi,dn,0.740286569729248,0.0904051126071359,0.274294301202078
FEL1,256,0.16,nobias,equalpi,dn,0.76862896180078,-0.0106490144065008,0.22163590819675
FEL1,256,0.16,nobias,unequalpi,dn,0.774676129424883,0.00369660629142866,0.219462823334103
FEL1,256,0.64,bias,equalpi,dn,0.898346992126429,0.0924887330439773,0.182822027890906
FEL1,256,0.64,bias,unequalpi,dn,0.897551392988092,0.0796829478963581,0.169713729869113
FEL1,256,0.64,nobias,equalpi,dn,0.922228666929288,-0.0406534236864398,0.11632325863661
FEL1,256,0.64,nobias,unequalpi,dn,0.918999753030198,-0.040484754393283,0.117539156427233
FEL1,512,0.0025,bias,equalpi,dn,0.371135171364693,0.386397599478127,0.93769401992058
FEL1,512,0.0025,bias,unequalpi,dn,0.364006467806538,0.367212241339101,0.914220131952911
FEL1,512,0.0025,nobias,equalpi,dn,0.413065903419296,0.160135612536934,0.692851650924486
FEL1,512,0.0025,nobias,unequalpi,dn,0.379602212156808,0.170839144000284,0.703983114095956
FEL1,512,0.01,bias,equalpi,dn,0.468248443858883,0.1329861231081,0.552236720229226
FEL1,512,0.01,bias,unequalpi,dn,0.460104217396619,0.146481483733471,0.573975911664192
FEL1,512,0.01,nobias,equalpi,dn,0.522689261723489,0.0139147829146869,0.442151158260964
FEL1,512,0.01,nobias,unequalpi,dn,0.516543780494638,0.0473709251475334,0.473584520811891
FEL1,512,0.04,bias,equalpi,dn,0.601303507291231,0.100232977667632,0.400847625608506
FEL1,512,0.04,bias,unequalpi,dn,0.612452714230061,0.104053535076543,0.3945826860711
FEL1,512,0.04,nobias,equalpi,dn,0.64351239583392,0.0140387860588825,0.33013899521529
FEL1,512,0.04,nobias,unequalpi,dn,0.650924377567716,0.0124757423295331,0.318243425633609
FEL1,512,0.16,bias,equalpi,dn,0.773752343655618,0.0947182169552001,0.262366755553578
FEL1,512,0.16,bias,unequalpi,dn,0.783272851057816,0.0875832377070711,0.247259675472539
FEL1,512,0.16,nobias,equalpi,dn,0.804889729612298,-0.00809326054388909,0.19802492126725
FEL1,512,0.16,nobias,unequalpi,dn,0.806141654992105,-0.00272914374930079,0.194629887632621
FEL1,512,0.64,bias,equalpi,dn,0.919188571362777,0.0928096963958773,0.168640603457146
FEL1,512,0.64,bias,unequalpi,dn,0.925605916289755,0.0833362551991065,0.156664655919494
FEL1,512,0.64,nobias,equalpi,dn,0.939931564804995,-0.0427951705562248,0.103127689769179
FEL1,512,0.64,nobias,unequalpi,dn,0.938726919178012,-0.0421785889622026,0.10356466451403
FEL1,1024,0.0025,bias,equalpi,dn,0.403488758038751,0.183725622984549,0.67598076242129
FEL1,1024,0.0025,bias,unequalpi,dn,0.416257369971274,0.187039040560436,0.672928224327097
FEL1,1024,0.0025,nobias,equalpi,dn,0.451457615959691,0.0645162837512035,0.579061783005434
FEL1,1024,0.0025,nobias,unequalpi,dn,0.430767198485346,0.0586576054032655,0.559268038918988
FEL1,1024,0.01,bias,equalpi,dn,0.523579035081349,0.113955551100223,0.504314747255349
FEL1,1024,0.01,bias,unequalpi,dn,0.521699256432344,0.103087518836799,0.481537718766039
FEL1,1024,0.01,nobias,equalpi,dn,0.552077777044182,0.00651473616264565,0.402612021359627
FEL1,1024,0.01,nobias,unequalpi,dn,0.56347432552607,0.0237575361592832,0.406242100708582
FEL1,1024,0.04,bias,equalpi,dn,0.629734238159268,0.10401281111452,0.384780013192933
FEL1,1024,0.04,bias,unequalpi,dn,0.630899637372835,0.104089911352004,0.36504835288456
FEL1,1024,0.04,nobias,equalpi,dn,0.682880741265449,0.00799540515127233,0.292030144873511
FEL1,1024,0.04,nobias,unequalpi,dn,0.671540818371235,0.0164586926341989,0.300007830027764
FEL1,1024,0.16,bias,equalpi,dn,0.796291128107363,0.0936235769644369,0.244438835071924
FEL1,1024,0.16,bias,unequalpi,dn,0.808003497231964,0.087688389502776,0.230339001530435
FEL1,1024,0.16,nobias,equalpi,dn,0.826567960874715,-0.0133960401309162,0.181298344181822
FEL1,1024,0.16,nobias,unequalpi,dn,0.835149587997842,-0.00780220853302507,0.175045101250293
FEL1,1024,0.64,bias,equalpi,dn,0.932553226167007,0.0887722797249956,0.155944172310804
FEL1,1024,0.64,bias,unequalpi,dn,0.938978056001949,0.0804912257467684,0.144240459339441
FEL1,1024,0.64,nobias,equalpi,dn,0.951721669998562,-0.0442730935548041,0.0944333457112263
FEL1,1024,0.64,nobias,unequalpi,dn,0.949694846481238,-0.0431282181838584,0.0945654580542345
FEL1,2048,0.0025,bias,equalpi,dn,0.454790306240432,0.139199147053729,0.591004934027651
FEL1,2048,0.0025,bias,unequalpi,dn,0.452450021175244,0.136706287539577,0.578187386620273
FEL1,2048,0.0025,nobias,equalpi,dn,0.513350263505305,0.0234271528593188,0.462811574033184
FEL1,2048,0.0025,nobias,unequalpi,dn,0.516444039032764,0.0162033336522733,0.446694956058962
FEL1,2048,0.01,bias,equalpi,dn,0.558016449648124,0.109023794121752,0.454525210395816
FEL1,2048,0.01,bias,unequalpi,dn,0.555814271293345,0.117676005795158,0.470974651629937
FEL1,2048,0.01,nobias,equalpi,dn,0.600100643067236,0.00632439953031006,0.368395756954573
FEL1,2048,0.01,nobias,unequalpi,dn,0.596714991913977,0.0243028861101389,0.380081047181961
FEL1,2048,0.04,bias,equalpi,dn,0.641470050311355,0.0992194393743097,0.364728602579794
FEL1,2048,0.04,bias,unequalpi,dn,0.649667784497378,0.108605561615689,0.358219175482501
FEL1,2048,0.04,nobias,equalpi,dn,0.697021048937062,0.00152151298679922,0.280120762398933
FEL1,2048,0.04,nobias,unequalpi,dn,0.693993740678998,0.0127503722230745,0.280770209576397
FEL1,2048,0.16,bias,equalpi,dn,0.817935810471053,0.0944432326764332,0.231868104798098
FEL1,2048,0.16,bias,unequalpi,dn,0.832450718363787,0.0918247385131657,0.216684316230074
FEL1,2048,0.16,nobias,equalpi,dn,0.852568366951391,-0.0106966654424739,0.1652238607686
FEL1,2048,0.16,nobias,unequalpi,dn,0.857132468301631,-0.00854859845074169,0.159593935527931
FEL1,2048,0.64,bias,equalpi,dn,0.944320589674877,0.0906304718213162,0.150828847929047
FEL1,2048,0.64,bias,unequalpi,dn,0.944526493184375,0.078537427848217,0.136712647007762
FEL1,2048,0.64,nobias,equalpi,dn,0.962524818713739,-0.0436351613760852,0.0852150550239118
FEL1,2048,0.64,nobias,unequalpi,dn,0.958034784132302,-0.0437443885154292,0.0887567365122479
FEL2,128,0.0025,bias,equalpi,dn,0.29005298738598,1.49644694711112,2.66713983035138
FEL2,128,0.0025,bias,equalpi,ds,0.0188498837726286,5.06048027586413,7.35535418158842
FEL2,128,0.0025,bias,unequalpi,dn,0.330698228189201,1.1833160772628,2.37772801202248
FEL2,128,0.0025,bias,unequalpi,ds,0.014899892885231,4.99947446215291,7.10058414265236
FEL2,128,0.0025,nobias,equalpi,dn,0.270642905852721,0.780446955885547,1.94489313762055
FEL2,128,0.0025,nobias,equalpi,ds,0.021407125704373,4.07479680423511,5.04736673082044
FEL2,128,0.0025,nobias,unequalpi,dn,0.328680641866276,0.788023545055829,1.83115903711254
FEL2,128,0.0025,nobias,unequalpi,ds,-0.0717593153321337,4.06044899558302,5.65240920642045
FEL2,128,0.01,bias,equalpi,dn,0.392451813988772,0.223104004647919,0.876005741005576
FEL2,128,0.01,bias,equalpi,ds,-0.00204479735716671,1.68853427563248,2.41515199272572
FEL2,128,0.01,bias,unequalpi,dn,0.369385317644907,0.233897900259348,0.894361497747542
FEL2,128,0.01,bias,unequalpi,ds,-0.00350994209926416,1.7047378399224,2.4097523962839
FEL2,128,0.01,nobias,equalpi,dn,0.430160867712535,0.0719642996042844,0.678567368943541
FEL2,128,0.01,nobias,equalpi,ds,0.00608994006997194,1.11191953611599,2.15136788242341
FEL2,128,0.01,nobias,unequalpi,dn,0.401346297350776,0.0683580992014676,0.665487131944579
FEL2,128,0.01,nobias,unequalpi,ds,0.0104260894597168,1.14741118709189,2.06509034406027
FEL2,128,0.04,bias,equalpi,dn,0.527588582819611,0.121200320017289,0.517538548310752
FEL2,128,0.04,bias,equalpi,ds,0.063243136061146,0.473061213428997,1.09763229824086
FEL2,128,0.04,bias,unequalpi,dn,0.52383332568957,0.10630496149442,0.483749014437409
FEL2,128,0.04,bias,unequalpi,ds,0.0571979181515907,0.57355017374774,1.82687893129223
FEL2,128,0.04,nobias,equalpi,dn,0.577308458363069,0.0151269728640077,0.418528391637877
FEL2,128,0.04,nobias,equalpi,ds,0.00354449841738756,0.152243998473752,1.06722492750629
FEL2,128,0.04,nobias,unequalpi,dn,0.55575611390258,0.0181798074507812,0.411529577135014
FEL2,128,0.04,nobias,unequalpi,ds,-0.00648707322783499,0.177768482643171,1.09298842284818
FEL2,128,0.16,bias,equalpi,dn,0.692197188689954,0.086875703064393,0.318467765591275
FEL2,128,0.16,bias,equalpi,ds,0.2079679644133,0.28151419128685,0.665621140709462
FEL2,128,0.16,bias,unequalpi,dn,0.695134160391838,0.0768295730616168,0.29745778976591
FEL2,128,0.16,bias,unequalpi,ds,0.192828435965512,0.262744036567045,0.65848753808765
FEL2,128,0.16,nobias,equalpi,dn,0.730581505141048,-0.0201189976108507,0.250220908493779
FEL2,128,0.16,nobias,equalpi,ds,0.0110248785772269,0.0334134767916538,0.380531947557281
FEL2,128,0.16,nobias,unequalpi,dn,0.730102922731762,-0.0162551230118819,0.246743611048719
FEL2,128,0.16,nobias,unequalpi,ds,0.00949013377858889,0.0289023627270178,0.390830754344455
FEL2,128,0.64,bias,equalpi,dn,0.868927611168718,0.0545683018316369,0.171722749646426
FEL2,128,0.64,bias,equalpi,ds,0.440305946948428,0.298087985041927,0.510753604767813
FEL2,128,0.64,bias,unequalpi,dn,0.874658948767545,0.0375691783511385,0.156271504287689
FEL2,128,0.64,bias,unequalpi,ds,0.44476853628858,0.277603384770096,0.494925691797955
FEL2,128,0.64,nobias,equalpi,dn,0.89131701809979,-0.0966647159841141,0.156090658282844
FEL2,128,0.64,nobias,equalpi,ds,0.0225121547150833,0.030246449825816,0.248488394105604
FEL2,128,0.64,nobias,unequalpi,dn,0.890288369574761,-0.109587291258277,0.163718353459407
FEL2,128,0.64,nobias,unequalpi,ds,0.039038114319692,0.0323356374806938,0.271977441998381
FEL2,256,0.0025,bias,equalpi,dn,0.31866496831112,0.429275041688786,1.31098943855199
FEL2,256,0.0025,bias,equalpi,ds,-0.0286960563967176,2.80433332728697,3.83114006443934
FEL2,256,0.0025,bias,unequalpi,dn,0.331037590024627,0.44709937680392,1.25941051063027
FEL2,256,0.0025,bias,unequalpi,ds,0.0254620031771099,2.7830852211059,3.87365608865898
FEL2,256,0.0025,nobias,equalpi,dn,0.321686245329259,0.227024542568307,1.07598173790739
FEL2,256,0.0025,nobias,equalpi,ds,0.0137672788102317,1.92607038165034,2.58608107130092
FEL2,256,0.0025,nobias,unequalpi,dn,0.349209486526046,0.278657146583667,1.09191940539997
FEL2,256,0.0025,nobias,unequalpi,ds,-0.0145530762538568,2.19080549466027,3.09366524785802
FEL2,256,0.01,bias,equalpi,dn,0.436982536154416,0.165322854055436,0.705254660574977
FEL2,256,0.01,bias,equalpi,ds,0.024829326941609,0.856244088375438,1.61777223272223
FEL2,256,0.01,bias,unequalpi,dn,0.449070917401899,0.192951718343558,0.691374536540474
FEL2,256,0.01,bias,unequalpi,ds,-0.00217373229968475,0.810874771276492,1.33883090795349
FEL2,256,0.01,nobias,equalpi,dn,0.470507717165203,0.0368973550177607,0.554793172388599
FEL2,256,0.01,nobias,equalpi,ds,0.0295498107587594,0.364942167432335,1.05603216135804
FEL2,256,0.01,nobias,unequalpi,dn,0.479919744706983,0.00462360101832336,0.492176706471184
FEL2,256,0.01,nobias,unequalpi,ds,0.0139248945200925,0.486928377863078,1.63921316815612
FEL2,256,0.04,bias,equalpi,dn,0.57888931240072,0.103370091947402,0.436856004755158
FEL2,256,0.04,bias,equalpi,ds,0.131428744836485,0.31319604877949,0.88620906403866
FEL2,256,0.04,bias,unequalpi,dn,0.570610839814012,0.104061775715003,0.428569143362774
FEL2,256,0.04,bias,unequalpi,ds,0.131555436543739,0.317061816984709,0.943957102068366
FEL2,256,0.04,nobias,equalpi,dn,0.627934812686767,-0.000623974184995152,0.34617499060997
FEL2,256,0.04,nobias,equalpi,ds,-0.00416632305232488,0.0504169465862455,0.591723565246081
FEL2,256,0.04,nobias,unequalpi,dn,0.614388762125593,-0.00516865111796108,0.342983561574433
FEL2,256,0.04,nobias,unequalpi,ds,0.0129183631539886,0.0733195259332052,0.797534741176859
FEL2,256,0.16,bias,equalpi,dn,0.731541925551423,0.0830744160241392,0.283465178795786
FEL2,256,0.16,bias,equalpi,ds,0.282134163084204,0.25689646131284,0.532465908811829
FEL2,256,0.16,bias,unequalpi,dn,0.741136182351832,0.071955338408676,0.258969248011404
FEL2,256,0.16,bias,unequalpi,ds,0.256446986722647,0.237108962159276,0.511648013703153
FEL2,256,0.16,nobias,equalpi,dn,0.768680257906509,-0.0283769418538751,0.215453630591889
FEL2,256,0.16,nobias,equalpi,ds,0.00590901559003352,0.0188403045706842,0.264414254517836
FEL2,256,0.16,nobias,unequalpi,dn,0.774757052006959,-0.0190853017182344,0.210723609858286
FEL2,256,0.16,nobias,unequalpi,ds,-0.0179828223947262,0.0155415768628822,0.280619149737011
FEL2,256,0.64,bias,equalpi,dn,0.898403106983075,0.0545333950023192,0.150773612740456
FEL2,256,0.64,bias,equalpi,ds,0.521252818088194,0.276943128038095,0.433036174072125
FEL2,256,0.64,bias,unequalpi,dn,0.897621417861686,0.033233253424789,0.135647531325569
FEL2,256,0.64,bias,unequalpi,ds,0.509471299165506,0.252286688062437,0.408046541661717
FEL2,256,0.64,nobias,equalpi,dn,0.922273336725886,-0.100974337381478,0.144714263011072
FEL2,256,0.64,nobias,equalpi,ds,0.0424950838058488,0.0160410649540292,0.175816800500751
FEL2,256,0.64,nobias,unequalpi,dn,0.918941920768108,-0.109633459113817,0.151934215727803
FEL2,256,0.64,nobias,unequalpi,ds,0.0543720393280382,0.0141750023167005,0.184564599052989
FEL2,512,0.0025,bias,equalpi,dn,0.401925913768824,0.23469302334907,0.896307772716826
FEL2,512,0.0025,bias,equalpi,ds,0.0305384202664608,1.84617953574451,3.11522185849135
FEL2,512,0.0025,bias,unequalpi,dn,0.378997650579444,0.216204942153152,0.876050337272207
FEL2,512,0.0025,bias,unequalpi,ds,-0.0372050496597499,1.821219528446,3.0373738878766
FEL2,512,0.0025,nobias,equalpi,dn,0.440606111304981,0.0521884645955433,0.659585226974887
FEL2,512,0.0025,nobias,equalpi,ds,0.0256696443113225,0.970632990613874,1.49802709305072
FEL2,512,0.0025,nobias,unequalpi,dn,0.413857995323768,0.0606782536669243,0.666924580880374
FEL2,512,0.0025,nobias,unequalpi,ds,0.0048353867580638,1.02637171868671,1.61821951417595
FEL2,512,0.01,bias,equalpi,dn,0.488117041601468,0.133822750318074,0.557091340603068
FEL2,512,0.01,bias,equalpi,ds,0.0422648606881744,0.437168658392492,1.01959114318465
FEL2,512,0.01,bias,unequalpi,dn,0.474623934752654,0.137962510281743,0.572979971404767
FEL2,512,0.01,bias,unequalpi,ds,0.0751359732219341,0.508970120804468,1.45270062529821
FEL2,512,0.01,nobias,equalpi,dn,0.531672366158906,0.00674871251390687,0.437786751258582
FEL2,512,0.01,nobias,equalpi,ds,0.025226823608189,0.110175114378973,0.874002192443043
FEL2,512,0.01,nobias,unequalpi,dn,0.532177122584831,0.038182124980753,0.46409355093038
FEL2,512,0.01,nobias,unequalpi,ds,0.0162787632721696,0.114986902053365,0.701278372862015
FEL2,512,0.04,bias,equalpi,dn,0.604641525842804,0.0929395797318197,0.393232631568568
FEL2,512,0.04,bias,equalpi,ds,0.17409385581793,0.263992450640145,0.701300874990577
FEL2,512,0.04,bias,unequalpi,dn,0.617203386426036,0.0944877159736214,0.384420909991653
FEL2,512,0.04,bias,unequalpi,ds,0.168109736175964,0.253847676260747,0.691050383727988
FEL2,512,0.04,nobias,equalpi,dn,0.646677906201209,0.00717075518748156,0.32420778534484
FEL2,512,0.04,nobias,equalpi,ds,0.0165039225441477,0.0303460181679184,0.374200719416161
FEL2,512,0.04,nobias,unequalpi,dn,0.654489181041829,-0.000667260038163837,0.309654629378441
FEL2,512,0.04,nobias,unequalpi,ds,0.0239454836967575,0.0381746875098936,0.451780450574884
FEL2,512,0.16,bias,equalpi,dn,0.774066544403532,0.0799478415437848,0.24930582095014
FEL2,512,0.16,bias,equalpi,ds,0.324047995705741,0.248990557847941,0.465222341157762
FEL2,512,0.16,bias,unequalpi,dn,0.783384573555733,0.0696201419645323,0.23259806928716
FEL2,512,0.16,bias,unequalpi,ds,0.291570230518899,0.230823981404094,0.455512875573465
FEL2,512,0.16,nobias,equalpi,dn,0.804905550248236,-0.0245651971231485,0.192935574977739
FEL2,512,0.16,nobias,equalpi,ds,-0.010857349695853,0.0127734719463053,0.191108839735229
FEL2,512,0.16,nobias,unequalpi,dn,0.806095612698762,-0.0251498168007107,0.188013615229203
FEL2,512,0.16,nobias,unequalpi,ds,0.00883348938400122,0.0128711084030808,0.208625081882242
FEL2,512,0.64,bias,equalpi,dn,0.919250567573088,0.0537808699927371,0.134693409753391
FEL2,512,0.64,bias,equalpi,ds,0.595152584455551,0.263039477506566,0.384410607261084
FEL2,512,0.64,bias,unequalpi,dn,0.925603787311041,0.0383186166970015,0.120760875876128
FEL2,512,0.64,bias,unequalpi,ds,0.600755232630152,0.244266654428742,0.365757292020829
FEL2,512,0.64,nobias,equalpi,dn,0.939938376552246,-0.101540546621862,0.137213575807274
FEL2,512,0.64,nobias,equalpi,ds,0.045774351916025,0.00935584060005572,0.127066995733192
FEL2,512,0.64,nobias,unequalpi,dn,0.938693569564491,-0.110328346852647,0.1445237865572
FEL2,512,0.64,nobias,unequalpi,ds,0.0624495652460123,0.00841535442572989,0.13708361761462
FEL2,1024,0.0025,bias,equalpi,dn,0.43268278656977,0.135498676229985,0.660371189294873
FEL2,1024,0.0025,bias,equalpi,ds,0.00213655548839243,0.863025204365024,1.66393426063128
FEL2,1024,0.0025,bias,unequalpi,dn,0.442092813639396,0.156318281830663,0.678798939477717
FEL2,1024,0.0025,bias,unequalpi,ds,0.00811830434481277,0.835235734702967,1.73678930113231
FEL2,1024,0.0025,nobias,equalpi,dn,0.471919658859161,0.0373951777495926,0.57207392190264
FEL2,1024,0.0025,nobias,equalpi,ds,0.0110188219944463,0.512364536103568,2.23125539824296
FEL2,1024,0.0025,nobias,unequalpi,dn,0.458653189908777,0.0323705825670438,0.552253547817778
FEL2,1024,0.0025,nobias,unequalpi,ds,0.00539551372751715,0.481954325516834,1.54839609771571
FEL2,1024,0.01,bias,equalpi,dn,0.529681193518828,0.110048807359471,0.500943081862912
FEL2,1024,0.01,bias,equalpi,ds,0.145764340366228,0.316251252541327,0.994846090128051
FEL2,1024,0.01,bias,unequalpi,dn,0.530174586822863,0.0980235123873136,0.476630945593145
FEL2,1024,0.01,bias,unequalpi,ds,0.114879678143935,0.284884619883923,0.90754078310495
FEL2,1024,0.01,nobias,equalpi,dn,0.555480365787511,0.000191929646298428,0.396827088674317
FEL2,1024,0.01,nobias,equalpi,ds,0.0108296855249153,0.0300096357232467,0.579528740855836
FEL2,1024,0.01,nobias,unequalpi,dn,0.56622369826564,0.0153104093770729,0.399804219208363
FEL2,1024,0.01,nobias,unequalpi,ds,0.00125750720161934,0.0439113840936395,0.622884461431511
FEL2,1024,0.04,bias,equalpi,dn,0.631342011895458,0.0963192115455015,0.376823145074422
FEL2,1024,0.04,bias,equalpi,ds,0.227277345706506,0.256515571207163,0.611875570898264
FEL2,1024,0.04,bias,unequalpi,dn,0.632514366642704,0.0921568945075106,0.354000282942876
FEL2,1024,0.04,bias,unequalpi,ds,0.190100112611608,0.238391154694385,0.592047509174545
FEL2,1024,0.04,nobias,equalpi,dn,0.684849121770955,-0.00105018402872306,0.285886916099029
FEL2,1024,0.04,nobias,equalpi,ds,0.0173380925537896,0.0257799597806807,0.28836116717207
FEL2,1024,0.04,nobias,unequalpi,dn,0.672716126357689,0.00305154056989865,0.291757964832051
FEL2,1024,0.04,nobias,unequalpi,ds,0.0164649730309539,0.0238853189483831,0.306133054491833
FEL2,1024,0.16,bias,equalpi,dn,0.796410640364979,0.0788721941613061,0.231655659915422
FEL2,1024,0.16,bias,equalpi,ds,0.351724129005587,0.247508251056762,0.425960401580742
FEL2,1024,0.16,bias,unequalpi,dn,0.8080869513763,0.0689189761277133,0.215276936594734
FEL2,1024,0.16,bias,unequalpi,ds,0.344795639151964,0.225603697965865,0.400113491491701
FEL2,1024,0.16,nobias,equalpi,dn,0.826562081652375,-0.0305765824298385,0.177398372508125
FEL2,1024,0.16,nobias,equalpi,ds,0.0141256385691023,0.0111811758942146,0.146348776786163
FEL2,1024,0.16,nobias,unequalpi,dn,0.83514660771003,-0.030084823845905,0.170232036981716
FEL2,1024,0.16,nobias,unequalpi,ds,-0.00680914308416343,0.00778483100821439,0.152888209343495
FEL2,1024,0.64,bias,equalpi,dn,0.93254511800696,0.0510711656090851,0.122709963223349
FEL2,1024,0.64,bias,equalpi,ds,0.649067183408768,0.255766066772597,0.360227681609341
FEL2,1024,0.64,bias,unequalpi,dn,0.93893865718754,0.0345027898836188,0.107269940299103
FEL2,1024,0.64,bias,unequalpi,ds,0.648640687154201,0.234474124733455,0.335629716241426
FEL2,1024,0.64,nobias,equalpi,dn,0.951682684704042,-0.102632202151799,0.133271202985343
FEL2,1024,0.64,nobias,equalpi,ds,0.0677827664937492,0.00555927307892853,0.0961174735693982
FEL2,1024,0.64,nobias,unequalpi,dn,0.949627782846912,-0.111626808497916,0.141954146642331
FEL2,1024,0.64,nobias,unequalpi,ds,0.0938910902775547,0.00463744981327849,0.10487714580836
FEL2,2048,0.0025,bias,equalpi,dn,0.471171086716349,0.138277260312831,0.599856935713559
FEL2,2048,0.0025,bias,equalpi,ds,0.0432585965068403,0.456623534286751,1.17039312014641
FEL2,2048,0.0025,bias,unequalpi,dn,0.467178639853478,0.131431905568999,0.583541588755042
FEL2,2048,0.0025,bias,unequalpi,ds,0.0551483939766386,0.45078048340865,1.03507444848758
FEL2,2048,0.0025,nobias,equalpi,dn,0.523839291657562,0.0185140928410397,0.457743860511378
FEL2,2048,0.0025,nobias,equalpi,ds,0.0252813394196036,0.0995939183421901,0.7663101227617
FEL2,2048,0.0025,nobias,unequalpi,dn,0.524687269771119,0.00860140394646544,0.444337206798868
FEL2,2048,0.0025,nobias,unequalpi,ds,-0.00301050346949506,0.105593956234487,0.682932657292689
FEL2,2048,0.01,bias,equalpi,dn,0.559525648978045,0.102172510081178,0.447394828554105
FEL2,2048,0.01,bias,equalpi,ds,0.165291761053627,0.283857445782713,0.880451373378228
FEL2,2048,0.01,bias,unequalpi,dn,0.560157079127554,0.109322320979246,0.462650195596505
FEL2,2048,0.01,bias,unequalpi,ds,0.181527626281371,0.250026583848566,0.752642242787048
FEL2,2048,0.01,nobias,equalpi,dn,0.602823709940361,-0.000260898631035425,0.362896611863327
FEL2,2048,0.01,nobias,equalpi,ds,0.00317896782604876,0.0407395873268292,0.48483287479103
FEL2,2048,0.01,nobias,unequalpi,dn,0.60000958499774,0.012564898890911,0.370689515297265
FEL2,2048,0.01,nobias,unequalpi,ds,-0.00441560519674356,0.0279785022070864,0.473812633734716
FEL2,2048,0.04,bias,equalpi,dn,0.642179666360841,0.0903431533480841,0.35609102627123
FEL2,2048,0.04,bias,equalpi,ds,0.239520575990584,0.253799895998195,0.556553962957115
FEL2,2048,0.04,bias,unequalpi,dn,0.650397254841994,0.0961973275732877,0.346877712630255
FEL2,2048,0.04,bias,unequalpi,ds,0.228639804147637,0.234247165076057,0.531987582198821
FEL2,2048,0.04,nobias,equalpi,dn,0.69751213811847,-0.00854785740198988,0.274326568235126
FEL2,2048,0.04,nobias,equalpi,ds,0.0180068928980194,0.0189296110004395,0.211539670512474
FEL2,2048,0.04,nobias,unequalpi,dn,0.694096702293875,-0.00212351290583461,0.272748973373826
FEL2,2048,0.04,nobias,unequalpi,ds,0.00950715541545849,0.0164917792739094,0.221465592353514
FEL2,2048,0.16,bias,equalpi,dn,0.818041236625993,0.08020097564223,0.219659523557169
FEL2,2048,0.16,bias,equalpi,ds,0.383864142748304,0.238884631052095,0.391767273760146
FEL2,2048,0.16,bias,unequalpi,dn,0.83254985102512,0.0747780186471539,0.202750715289708
FEL2,2048,0.16,bias,unequalpi,ds,0.389239922393187,0.223292849111768,0.372336153403079
FEL2,2048,0.16,nobias,equalpi,dn,0.852555019095469,-0.028256512592151,0.16160842941632
FEL2,2048,0.16,nobias,equalpi,ds,0.0269677777807399,0.009365487668792,0.111865569220159
FEL2,2048,0.16,nobias,unequalpi,dn,0.857100908845737,-0.0304028925828368,0.1558716774268
FEL2,2048,0.16,nobias,unequalpi,ds,0.0227077431128403,0.00870430924596608,0.121918455826776
FEL2,2048,0.64,bias,equalpi,dn,0.944337169518383,0.0534541058253085,0.116852693088118
FEL2,2048,0.64,bias,equalpi,ds,0.673037286945006,0.250784791949206,0.342705204977435
FEL2,2048,0.64,bias,unequalpi,dn,0.944449893477107,0.0322136839484532,0.100012462095689
FEL2,2048,0.64,bias,unequalpi,ds,0.680759356729637,0.229429567213577,0.318319475913753
FEL2,2048,0.64,nobias,equalpi,dn,0.962542038592493,-0.102215129411795,0.128153849384403
FEL2,2048,0.64,nobias,equalpi,ds,0.0811508957571776,0.00317057122294848,0.0770913203387342
FEL2,2048,0.64,nobias,unequalpi,dn,0.958008350752202,-0.111778867637796,0.138237453336066
FEL2,2048,0.64,nobias,unequalpi,ds,0.132136779532142,0.00190895252304447,0.0817800771783592
FUBAR1,128,0.0025,bias,equalpi,dn,0.164791577048083,0.343885921441746,0.756364344230869
FUBAR1,128,0.0025,bias,unequalpi,dn,0.178858125703843,0.288928846933475,0.706622138159031
FUBAR1,128,0.0025,nobias,equalpi,dn,0.180258238042687,0.227040089683737,0.604857081979547
FUBAR1,128,0.0025,nobias,unequalpi,dn,0.193105748444041,0.196086714736337,0.550380555532097
FUBAR1,128,0.01,bias,equalpi,dn,0.298561568719752,0.18244804645774,0.46852229978697
FUBAR1,128,0.01,bias,unequalpi,dn,0.283791836528955,0.166899638034243,0.481479952388003
FUBAR1,128,0.01,nobias,equalpi,dn,0.343176589008977,0.0983066556015876,0.396960450521964
FUBAR1,128,0.01,nobias,unequalpi,dn,0.346123208184128,0.077032070136337,0.367940797681948
FUBAR1,128,0.04,bias,equalpi,dn,0.506886171722545,0.127934294839344,0.400053482239266
FUBAR1,128,0.04,bias,unequalpi,dn,0.508626400265382,0.114338393259508,0.368018122364649
FUBAR1,128,0.04,nobias,equalpi,dn,0.562356128833495,0.0456356611672908,0.328484144451871
FUBAR1,128,0.04,nobias,unequalpi,dn,0.554029824618114,0.048954175876337,0.320091870730167
FUBAR1,128,0.16,bias,equalpi,dn,0.702719739457218,0.109394431666424,0.289794573194679
FUBAR1,128,0.16,bias,unequalpi,dn,0.704101180810488,0.105343815847764,0.274825498445958
FUBAR1,128,0.16,nobias,equalpi,dn,0.745040120185157,0.0234906136397262,0.232961101192259
FUBAR1,128,0.16,nobias,unequalpi,dn,0.747257087993223,0.029682792916337,0.22718845882749
FUBAR1,128,0.64,bias,equalpi,dn,0.874895345240569,0.120409818573342,0.207482389748327
FUBAR1,128,0.64,bias,unequalpi,dn,0.877835147282777,0.114862039339207,0.197651937817905
FUBAR1,128,0.64,nobias,equalpi,dn,0.899889839026137,0.0192091543501253,0.135699703920166
FUBAR1,128,0.64,nobias,unequalpi,dn,0.899412478326126,0.023103245946337,0.133723460462242
FUBAR1,256,0.0025,bias,equalpi,dn,0.199892711636326,0.229214373838198,0.559810264599937
FUBAR1,256,0.0025,bias,unequalpi,dn,0.218280417740465,0.207010089729039,0.535304385688023
FUBAR1,256,0.0025,nobias,equalpi,dn,0.228963721846187,0.148193371063645,0.488574081308017
FUBAR1,256,0.0025,nobias,unequalpi,dn,0.238038412703394,0.142327882536337,0.496453001422974
FUBAR1,256,0.01,bias,equalpi,dn,0.383092192618916,0.147862463726438,0.45936247298382
FUBAR1,256,0.01,bias,unequalpi,dn,0.38976407213102,0.145458629943516,0.443243206281172
FUBAR1,256,0.01,nobias,equalpi,dn,0.421428484670007,0.0650551013162136,0.38299353671539
FUBAR1,256,0.01,nobias,unequalpi,dn,0.436305028628797,0.041715690336337,0.349337348827816
FUBAR1,256,0.04,bias,equalpi,dn,0.571278915576645,0.118052191101739,0.377679382996701
FUBAR1,256,0.04,bias,unequalpi,dn,0.565167053938749,0.110048282452025,0.36088266588637
FUBAR1,256,0.04,nobias,equalpi,dn,0.632932758666009,0.0298249950433535,0.302629859455108
FUBAR1,256,0.04,nobias,unequalpi,dn,0.616919492271854,0.032200395896337,0.30535129425586
FUBAR1,256,0.16,bias,equalpi,dn,0.741460992238519,0.105849198748603,0.275055859250989
FUBAR1,256,0.16,bias,unequalpi,dn,0.7505239669923,0.100323553627358,0.254477642716891
FUBAR1,256,0.16,nobias,equalpi,dn,0.778424020292927,0.0188857264849116,0.213174328598301
FUBAR1,256,0.16,nobias,unequalpi,dn,0.785297008846148,0.029863605690337,0.209088973926843
FUBAR1,256,0.64,bias,equalpi,dn,0.902337856721895,0.118336277907891,0.193283594407366
FUBAR1,256,0.64,bias,unequalpi,dn,0.900875053256447,0.112115726126185,0.18512423046204
FUBAR1,256,0.64,nobias,equalpi,dn,0.928307030362254,0.0167071623256554,0.113752024225138
FUBAR1,256,0.64,nobias,unequalpi,dn,0.925261712434926,0.024455923302337,0.117167170526448
FUBAR1,512,0.0025,bias,equalpi,dn,0.301103627589634,0.187911753038906,0.482250323964894
FUBAR1,512,0.0025,bias,unequalpi,dn,0.302625344467831,0.162144467347835,0.471767273071739
FUBAR1,512,0.0025,nobias,equalpi,dn,0.356679813274069,0.0848840735134946,0.369786895485981
FUBAR1,512,0.0025,nobias,unequalpi,dn,0.327174446348012,0.080042264736337,0.394134204926786
FUBAR1,512,0.01,bias,equalpi,dn,0.459135313373391,0.130551391218165,0.430704959367947
FUBAR1,512,0.01,bias,unequalpi,dn,0.450035667375461,0.131631725032352,0.442501319946052
FUBAR1,512,0.01,nobias,equalpi,dn,0.51680752665333,0.0405019977183898,0.353937019586234
FUBAR1,512,0.01,nobias,unequalpi,dn,0.504981196290264,0.056300033676337,0.378287365034169
FUBAR1,512,0.04,bias,equalpi,dn,0.599989892677914,0.110774503396205,0.371940295696036
FUBAR1,512,0.04,bias,unequalpi,dn,0.615316922141523,0.10810165136806,0.357926046760067
FUBAR1,512,0.04,nobias,equalpi,dn,0.64735930301458,0.033519256458181,0.310518921791253
FUBAR1,512,0.04,nobias,unequalpi,dn,0.658280866543707,0.030045137556337,0.293766469713212
FUBAR1,512,0.16,bias,equalpi,dn,0.77780078454155,0.106349532199957,0.257862889759335
FUBAR1,512,0.16,bias,unequalpi,dn,0.789006335722809,0.0976357752402359,0.24038127253605
FUBAR1,512,0.16,nobias,equalpi,dn,0.808638584746917,0.0197285754287769,0.198776673092937
FUBAR1,512,0.16,nobias,unequalpi,dn,0.811801182600235,0.025167072524337,0.194568431087403
FUBAR1,512,0.64,bias,equalpi,dn,0.922820834298736,0.120236262962735,0.185581201492555
FUBAR1,512,0.64,bias,unequalpi,dn,0.928966147492005,0.113718012928946,0.17544718845006
FUBAR1,512,0.64,nobias,equalpi,dn,0.945432243354537,0.0138976937015153,0.0985315937689572
FUBAR1,512,0.64,nobias,unequalpi,dn,0.944269979551559,0.020492776646937,0.101068221772573
FUBAR1,1024,0.0025,bias,equalpi,dn,0.365108083881132,0.144524314097197,0.456584591817126
FUBAR1,1024,0.0025,bias,unequalpi,dn,0.39337657810292,0.137231242412725,0.449365031646875
FUBAR1,1024,0.0025,nobias,equalpi,dn,0.423061331339758,0.0720656821693211,0.414647585531443
FUBAR1,1024,0.0025,nobias,unequalpi,dn,0.405212511686276,0.059582974936337,0.396381252045061
FUBAR1,1024,0.01,bias,equalpi,dn,0.511616833845889,0.12091169931017,0.445737481339201
FUBAR1,1024,0.01,bias,unequalpi,dn,0.517376437282458,0.113768985879765,0.42937204703678
FUBAR1,1024,0.01,nobias,equalpi,dn,0.544261514919066,0.0341692733786238,0.369747778326361
FUBAR1,1024,0.01,nobias,unequalpi,dn,0.561925086772126,0.040965522156337,0.359822914051739
FUBAR1,1024,0.04,bias,equalpi,dn,0.628334290055097,0.110059596121342,0.369727966514572
FUBAR1,1024,0.04,bias,unequalpi,dn,0.631463897203734,0.106218673469101,0.345591281342271
FUBAR1,1024,0.04,nobias,equalpi,dn,0.685689087026367,0.0289236289168957,0.287487401357888
FUBAR1,1024,0.04,nobias,unequalpi,dn,0.673509317779128,0.034683865252337,0.294660260765252
FUBAR1,1024,0.16,bias,equalpi,dn,0.796415435338747,0.107648670469872,0.249096057619331
FUBAR1,1024,0.16,bias,unequalpi,dn,0.810468236567551,0.0988401125521214,0.230504275369713
FUBAR1,1024,0.16,nobias,equalpi,dn,0.827507402296818,0.0165785001707241,0.186750851739204
FUBAR1,1024,0.16,nobias,unequalpi,dn,0.840335721062829,0.019400333061137,0.176615318295696
FUBAR1,1024,0.64,bias,equalpi,dn,0.937387969791765,0.116000608929215,0.174003214413518
FUBAR1,1024,0.64,bias,unequalpi,dn,0.942626926699937,0.112927324229672,0.167377386724243
FUBAR1,1024,0.64,nobias,equalpi,dn,0.956532140685559,0.0128015669251014,0.0878065360416286
FUBAR1,1024,0.64,nobias,unequalpi,dn,0.954237249406482,0.021894288716337,0.091426106638585
FUBAR1,2048,0.0025,bias,equalpi,dn,0.436815072153183,0.139722230449695,0.477618200073886
FUBAR1,2048,0.0025,bias,unequalpi,dn,0.437361826234536,0.128551246520635,0.461798405234424
FUBAR1,2048,0.0025,nobias,equalpi,dn,0.494041730781346,0.0493302869800412,0.378543011379905
FUBAR1,2048,0.0025,nobias,unequalpi,dn,0.501353584551814,0.037192401316337,0.365370340335587
FUBAR1,2048,0.01,bias,equalpi,dn,0.551426112970937,0.12105011421947,0.430124144290371
FUBAR1,2048,0.01,bias,unequalpi,dn,0.550666748000984,0.117308092848085,0.434983602725514
FUBAR1,2048,0.01,nobias,equalpi,dn,0.59718070847325,0.0304790599614149,0.356932432761858
FUBAR1,2048,0.01,nobias,unequalpi,dn,0.592656485141686,0.042043477996337,0.366021825307338
FUBAR1,2048,0.04,bias,equalpi,dn,0.636571256928074,0.109521966913257,0.365482205767854
FUBAR1,2048,0.04,bias,unequalpi,dn,0.64811343624185,0.108177031983119,0.345739238672132
FUBAR1,2048,0.04,nobias,equalpi,dn,0.69342811956851,0.0227086559445427,0.28607431062238
FUBAR1,2048,0.04,nobias,unequalpi,dn,0.694479681040695,0.030414564934337,0.282549708705311
FUBAR1,2048,0.16,bias,equalpi,dn,0.818262989317007,0.10449748335151,0.234954212148756
FUBAR1,2048,0.16,bias,unequalpi,dn,0.833134257090658,0.0995367753713694,0.2175209682777
FUBAR1,2048,0.16,nobias,equalpi,dn,0.854443367914694,0.0166134758542428,0.170988641831806
FUBAR1,2048,0.16,nobias,unequalpi,dn,0.859485459755288,0.019021203191537,0.164647858733526
FUBAR1,2048,0.64,bias,equalpi,dn,0.948514841186422,0.116845163461317,0.169732491469641
FUBAR1,2048,0.64,bias,unequalpi,dn,0.948411010478613,0.113695952318867,0.163640322212394
FUBAR1,2048,0.64,nobias,equalpi,dn,0.966400914246835,0.0129607147867213,0.0781050614060164
FUBAR1,2048,0.64,nobias,unequalpi,dn,0.962731209264803,0.019351794736337,0.0838670083871031
FUBAR2,128,0.0025,bias,equalpi,dn,0.169525996569164,0.498667358130286,1.10742884709995
FUBAR2,128,0.0025,bias,equalpi,ds,0.0480606297810964,0.979495983400897,2.49427276741721
FUBAR2,128,0.0025,bias,unequalpi,dn,0.181945691649338,0.376797031644125,0.927306629857488
FUBAR2,128,0.0025,bias,unequalpi,ds,0.0643296604111177,0.91407673375508,2.3579354244766
FUBAR2,128,0.0025,nobias,equalpi,dn,0.183554961809141,0.309430634253325,0.805817451111174
FUBAR2,128,0.0025,nobias,equalpi,ds,0.0250446848160707,0.574549055688656,1.96129260544036
FUBAR2,128,0.0025,nobias,unequalpi,dn,0.195317182971774,0.272398578936337,0.73918156910605
FUBAR2,128,0.0025,nobias,unequalpi,ds,0.0177200044402158,0.58186150354612,1.95391651821159
FUBAR2,128,0.01,bias,equalpi,dn,0.294146955673438,0.213765690994908,0.551946632660003
FUBAR2,128,0.01,bias,equalpi,ds,0.0571955537812104,0.292797467437473,1.13089335771269
FUBAR2,128,0.01,bias,unequalpi,dn,0.281159868927507,0.197104596644125,0.562618348347545
FUBAR2,128,0.01,bias,unequalpi,ds,0.0523478448831455,0.28167363695508,1.14636348661699
FUBAR2,128,0.01,nobias,equalpi,dn,0.337360540064169,0.116384101984299,0.447266189938384
FUBAR2,128,0.01,nobias,equalpi,ds,0.000804614919382304,0.0295246286714539,0.872367003304314
FUBAR2,128,0.01,nobias,unequalpi,dn,0.340944133166855,0.091087004936337,0.413835255273799
FUBAR2,128,0.01,nobias,unequalpi,ds,0.0119513069088153,0.03031900154612,0.894150225860122
FUBAR2,128,0.04,bias,equalpi,dn,0.495487808552475,0.142433745550538,0.426191471899063
FUBAR2,128,0.04,bias,equalpi,ds,0.0802981205928665,0.173904933274953,0.742386700000249
FUBAR2,128,0.04,bias,unequalpi,dn,0.49393177792213,0.124932488384125,0.392967117447334
FUBAR2,128,0.04,bias,unequalpi,ds,0.0783888989705254,0.18382513955508,0.889128780307925
FUBAR2,128,0.04,nobias,equalpi,dn,0.546554258677459,0.0473585934139342,0.345516765984004
FUBAR2,128,0.04,nobias,equalpi,ds,0.00119826565386631,-0.0701832583930985,0.564717991072769
FUBAR2,128,0.04,nobias,unequalpi,dn,0.532527275329975,0.051967351616337,0.346363279004318
FUBAR2,128,0.04,nobias,unequalpi,ds,-0.00376567785594336,-0.06724892325388,0.635194707459875
FUBAR2,128,0.16,bias,equalpi,dn,0.703223330452931,0.103766139253006,0.283638415175653
FUBAR2,128,0.16,bias,equalpi,ds,0.173642179190079,0.186398055228407,0.537894483685882
FUBAR2,128,0.16,bias,unequalpi,dn,0.702239925064579,0.100355459264125,0.272559950692371
FUBAR2,128,0.16,bias,unequalpi,ds,0.172441044413718,0.15731907023508,0.512335751271898
FUBAR2,128,0.16,nobias,equalpi,dn,0.746115495662089,0.0179714193047392,0.228727243458266
FUBAR2,128,0.16,nobias,equalpi,ds,0.00663022621246865,-0.0267594542352505,0.235864229061843
FUBAR2,128,0.16,nobias,unequalpi,dn,0.748932620752828,0.018214643288337,0.22042861970183
FUBAR2,128,0.16,nobias,unequalpi,ds,0.00722824668052785,-0.04559982165388,0.255353659666872
FUBAR2,128,0.64,bias,equalpi,dn,0.873710348814865,0.0988548119654527,0.187912632001472
FUBAR2,128,0.64,bias,equalpi,ds,0.390177919533309,0.274754770810299,0.486127191483018
FUBAR2,128,0.64,bias,unequalpi,dn,0.876760787579388,0.097269750748125,0.182397412674004
FUBAR2,128,0.64,bias,unequalpi,ds,0.400557488394117,0.26031783667508,0.452030548075276
FUBAR2,128,0.64,nobias,equalpi,dn,0.896454038307158,-0.0222544006756774,0.126604996263245
FUBAR2,128,0.64,nobias,equalpi,ds,0.0300279425765611,0.092477216773588,0.222346226630871
FUBAR2,128,0.64,nobias,unequalpi,dn,0.896128840115742,-0.027253064592463,0.124853185520022
FUBAR2,128,0.64,nobias,unequalpi,ds,0.0395740139684204,0.09597719874612,0.311187574138925
FUBAR2,256,0.0025,bias,equalpi,dn,0.200451041887559,0.27598643651329,0.682460163001451
FUBAR2,256,0.0025,bias,equalpi,ds,0.0357108000349306,0.488483258287718,1.57370855240508
FUBAR2,256,0.0025,bias,unequalpi,dn,0.217823942703833,0.253267923044125,0.663626940159848
FUBAR2,256,0.0025,bias,unequalpi,ds,0.0565899643437865,0.50251091115508,1.56394050682044
FUBAR2,256,0.0025,nobias,equalpi,dn,0.227975512761824,0.180897124274581,0.584662983961323
FUBAR2,256,0.0025,nobias,equalpi,ds,0.00497998307819924,0.165303610800131,1.17294832136711
FUBAR2,256,0.0025,nobias,unequalpi,dn,0.239207678280646,0.187869001936337,0.618051499252849
FUBAR2,256,0.0025,nobias,unequalpi,ds,0.0126393442041488,0.21183055274612,1.24488652147154
FUBAR2,256,0.01,bias,equalpi,dn,0.37543915524008,0.16993847250636,0.503825481883699
FUBAR2,256,0.01,bias,equalpi,ds,0.0784017940533315,0.190861152332543,0.857903434788591
FUBAR2,256,0.01,bias,unequalpi,dn,0.381058758037923,0.173020722444125,0.499544385009395
FUBAR2,256,0.01,bias,unequalpi,ds,0.0628141287389833,0.19005990695508,0.859606133454506
FUBAR2,256,0.01,nobias,equalpi,dn,0.414833797045258,0.0793267508374696,0.413570277319948
FUBAR2,256,0.01,nobias,equalpi,ds,0.0189533257057826,-0.033234677127657,0.718908734896555
FUBAR2,256,0.01,nobias,unequalpi,dn,0.430405748461785,0.044547665336337,0.368176953218023
FUBAR2,256,0.01,nobias,unequalpi,ds,0.0244055341930713,-0.02015483385388,0.731161240724933
FUBAR2,256,0.04,bias,equalpi,dn,0.552484464499657,0.120760886797804,0.400509547868736
FUBAR2,256,0.04,bias,equalpi,ds,0.13600908161459,0.15790652841142,0.584652046803996
FUBAR2,256,0.04,bias,unequalpi,dn,0.543705035881045,0.120363906264125,0.391367677229736
FUBAR2,256,0.04,bias,unequalpi,ds,0.139698328230724,0.16155909707508,0.688675608412668
FUBAR2,256,0.04,nobias,equalpi,dn,0.625337428043482,0.0259160145652007,0.307885485781279
FUBAR2,256,0.04,nobias,equalpi,ds,-0.00482276223055442,-0.0677889713741845,0.3882626855046
FUBAR2,256,0.04,nobias,unequalpi,dn,0.603723012902576,0.025082147596337,0.313131365118751
FUBAR2,256,0.04,nobias,unequalpi,ds,-0.00535865404337424,-0.06640069845388,0.452377527980129
FUBAR2,256,0.16,bias,equalpi,dn,0.744423645916478,0.0985819361963815,0.262358575038059
FUBAR2,256,0.16,bias,equalpi,ds,0.261379542121212,0.183166168966965,0.41801009060196
FUBAR2,256,0.16,bias,unequalpi,dn,0.751762111673258,0.097501792624125,0.24896608927356
FUBAR2,256,0.16,bias,unequalpi,ds,0.250023482291044,0.16064656535508,0.377768916796975
FUBAR2,256,0.16,nobias,equalpi,dn,0.776344302174328,0.0173074442117931,0.212186874097795
FUBAR2,256,0.16,nobias,equalpi,ds,0.000110138910951154,0.0131007321296576,0.164579639303841
FUBAR2,256,0.16,nobias,unequalpi,dn,0.784768480442418,0.021139364478337,0.203395998818132
FUBAR2,256,0.16,nobias,unequalpi,ds,-0.0331350616820978,-0.01084851245388,0.175311006015322
FUBAR2,256,0.64,bias,equalpi,dn,0.901115589544511,0.103351118289423,0.177787265150784
FUBAR2,256,0.64,bias,equalpi,ds,0.472237825102994,0.26224522901744,0.385039171409749
FUBAR2,256,0.64,bias,unequalpi,dn,0.899318149590926,0.090790857368257,0.165711431248581
FUBAR2,256,0.64,bias,unequalpi,ds,0.48553809112646,0.24103515255508,0.352901553932007
FUBAR2,256,0.64,nobias,equalpi,dn,0.925303645516658,-0.0256812384172851,0.107000807072192
FUBAR2,256,0.64,nobias,equalpi,ds,0.0385691026401063,0.109367978404288,0.153373081441053
FUBAR2,256,0.64,nobias,unequalpi,dn,0.922234184492075,-0.0276430844844164,0.108278592122178
FUBAR2,256,0.64,nobias,unequalpi,ds,0.064473449247604,0.09469599074612,0.147950350920576
FUBAR2,512,0.0025,bias,equalpi,dn,0.297546838339431,0.222692567501396,0.572843391172369
FUBAR2,512,0.0025,bias,equalpi,ds,0.0689346301116196,0.290932553372699,1.10140200859373
FUBAR2,512,0.0025,bias,unequalpi,dn,0.298986470326018,0.189120349644125,0.546569565786606
FUBAR2,512,0.0025,bias,unequalpi,ds,0.0552570841160812,0.30483765795508,1.26288193131468
FUBAR2,512,0.0025,nobias,equalpi,dn,0.350092747063055,0.0984196477835494,0.411320824687817
FUBAR2,512,0.0025,nobias,equalpi,ds,0.0160095188522708,0.0190977913614572,0.841076186920394
FUBAR2,512,0.0025,nobias,unequalpi,dn,0.325797125299427,0.089292152336337,0.436690577855854
FUBAR2,512,0.0025,nobias,unequalpi,ds,0.0228883553932348,0.02933001334612,0.8766850664776
FUBAR2,512,0.01,bias,equalpi,dn,0.448490066637423,0.147380990110475,0.462734553401131
FUBAR2,512,0.01,bias,equalpi,ds,0.0786069534091313,0.180105160929353,0.725818860280163
FUBAR2,512,0.01,bias,unequalpi,dn,0.439648603461637,0.156278258644125,0.487061841014955
FUBAR2,512,0.01,bias,unequalpi,ds,0.093926929271773,0.19957324995508,0.888813214051338
FUBAR2,512,0.01,nobias,equalpi,dn,0.506825384876057,0.0419226066760716,0.36902971424465
FUBAR2,512,0.01,nobias,equalpi,ds,0.0237474004731359,-0.0686513392734357,0.534764111713385
FUBAR2,512,0.01,nobias,unequalpi,dn,0.491039040778003,0.061080877536337,0.405500000816497
FUBAR2,512,0.01,nobias,unequalpi,ds,0.0253739278825401,-0.07507592725388,0.501459208919393
FUBAR2,512,0.04,bias,equalpi,dn,0.5836947593686,0.115976298470444,0.392901010913268
FUBAR2,512,0.04,bias,equalpi,ds,0.137243210777395,0.180759712818062,0.580080530764093
FUBAR2,512,0.04,bias,unequalpi,dn,0.605873331881524,0.112562539414125,0.371717936103407
FUBAR2,512,0.04,bias,unequalpi,ds,0.133526056387031,0.15857650567508,0.540265661300898
FUBAR2,512,0.04,nobias,equalpi,dn,0.637813833834512,0.0282898690964376,0.311781195685518
FUBAR2,512,0.04,nobias,equalpi,ds,0.00180298300771567,-0.0496708675645352,0.228452584400446
FUBAR2,512,0.04,nobias,unequalpi,dn,0.659361798360566,0.019889472932337,0.285888793690245
FUBAR2,512,0.04,nobias,unequalpi,ds,0.00836730636049311,-0.04685815511388,0.30892242140482
FUBAR2,512,0.16,bias,equalpi,dn,0.778663067098175,0.0985522375466056,0.244410403262604
FUBAR2,512,0.16,bias,equalpi,ds,0.313643255296866,0.190073706462302,0.367286878662202
FUBAR2,512,0.16,bias,unequalpi,dn,0.788401729630741,0.089005136575025,0.229007857725383
FUBAR2,512,0.16,bias,unequalpi,ds,0.306300079318657,0.16587820715508,0.344996473454235
FUBAR2,512,0.16,nobias,equalpi,dn,0.804506395446176,0.0215312912688899,0.19938460228839
FUBAR2,512,0.16,nobias,equalpi,ds,-0.0300521557820396,0.0374905111429056,0.138621694231391
FUBAR2,512,0.16,nobias,unequalpi,dn,0.809008535276346,0.022142991431497,0.191544137951119
FUBAR2,512,0.16,nobias,unequalpi,ds,-0.00693692206353959,0.02745154514612,0.14014676853605
FUBAR2,512,0.64,bias,equalpi,dn,0.920419430895241,0.100318131287134,0.165475284416553
FUBAR2,512,0.64,bias,equalpi,ds,0.561211670796759,0.249818030286106,0.333851702337857
FUBAR2,512,0.64,bias,unequalpi,dn,0.927000761921433,0.0966053781455592,0.157747126111138
FUBAR2,512,0.64,bias,unequalpi,ds,0.57975954908117,0.24504586075508,0.325566122923804
FUBAR2,512,0.64,nobias,equalpi,dn,0.942780098673866,-0.0271669979746682,0.0939597342058042
FUBAR2,512,0.64,nobias,equalpi,ds,0.0649525588733663,0.124484889130502,0.152488253930554
FUBAR2,512,0.64,nobias,unequalpi,dn,0.941901947613688,-0.0305380988636615,0.0949883912601485
FUBAR2,512,0.64,nobias,unequalpi,ds,0.112517850244316,0.11472845114612,0.146938465908526
FUBAR2,1024,0.0025,bias,equalpi,dn,0.360743747628543,0.161803202004753,0.496684364612743
FUBAR2,1024,0.0025,bias,equalpi,ds,0.0453804252389856,0.230880505386922,0.968584215634249
FUBAR2,1024,0.0025,bias,unequalpi,dn,0.384483285983352,0.161502306044125,0.509881123205596
FUBAR2,1024,0.0025,bias,unequalpi,ds,0.0718564697254981,0.22782524595508,0.913462507918822
FUBAR2,1024,0.0025,nobias,equalpi,dn,0.41737457942828,0.0850894896610101,0.442519746449377
FUBAR2,1024,0.0025,nobias,equalpi,ds,0.0117296907991206,-0.039325285076777,0.680959464959181
FUBAR2,1024,0.0025,nobias,unequalpi,dn,0.397740668977273,0.068192345336337,0.425696055582225
FUBAR2,1024,0.0025,nobias,unequalpi,ds,0.00743114007680444,-0.00842453005388,0.789423132930151
FUBAR2,1024,0.01,bias,equalpi,dn,0.495718796570668,0.137345055153611,0.480715225385289
FUBAR2,1024,0.01,bias,equalpi,ds,0.142570933005375,0.20778235440352,0.74102830399946
FUBAR2,1024,0.01,bias,unequalpi,dn,0.510174424469257,0.126658321464125,0.452368838974809
FUBAR2,1024,0.01,bias,unequalpi,ds,0.110904240257482,0.17345717935508,0.679794461237214
FUBAR2,1024,0.01,nobias,equalpi,dn,0.533533540417833,0.0317198571607109,0.381283724958522
FUBAR2,1024,0.01,nobias,equalpi,ds,0.00511394275477557,-0.0546831572111576,0.391845584590106
FUBAR2,1024,0.01,nobias,unequalpi,dn,0.547668019226017,0.039554311856337,0.376659219813385
FUBAR2,1024,0.01,nobias,unequalpi,ds,0.00800168244384816,-0.07538770445388,0.386803635428308
FUBAR2,1024,0.04,bias,equalpi,dn,0.621087382450445,0.106199667895961,0.370251127093557
FUBAR2,1024,0.04,bias,equalpi,ds,0.187040487601504,0.191984525766573,0.543473375989832
FUBAR2,1024,0.04,bias,unequalpi,dn,0.622600114487094,0.105251418084125,0.35146465296427
FUBAR2,1024,0.04,bias,unequalpi,ds,0.145714652972216,0.16154708615508,0.493933482773598
FUBAR2,1024,0.04,nobias,equalpi,dn,0.687408014594052,0.0221935857674411,0.278597922229954
FUBAR2,1024,0.04,nobias,equalpi,ds,0.00653864926708556,-0.0133897794898428,0.18003810225761
FUBAR2,1024,0.04,nobias,unequalpi,dn,0.673733680644159,0.021125822714137,0.279918893740558
FUBAR2,1024,0.04,nobias,unequalpi,ds,-0.00304974241516471,-0.03103264605388,0.189853995714418
FUBAR2,1024,0.16,bias,equalpi,dn,0.79682296314868,0.0994165478354861,0.235296802967278
FUBAR2,1024,0.16,bias,equalpi,ds,0.364879576702827,0.194296256010432,0.339144845603375
FUBAR2,1024,0.16,bias,unequalpi,dn,0.809727389673859,0.0950494163414353,0.222483080580123
FUBAR2,1024,0.16,bias,unequalpi,ds,0.365983747878173,0.18462300195508,0.321274905860594
FUBAR2,1024,0.16,nobias,equalpi,dn,0.822649023733625,0.0191408225863128,0.18661913300173
FUBAR2,1024,0.16,nobias,equalpi,ds,-0.00246870758394131,0.0562137544899936,0.123731216530635
FUBAR2,1024,0.16,nobias,unequalpi,dn,0.835803552208428,0.015147748598148,0.174212793279485
FUBAR2,1024,0.16,nobias,unequalpi,ds,-0.0290960644757439,0.04504812874612,0.124936539262089
FUBAR2,1024,0.64,bias,equalpi,dn,0.934801262027042,0.105812070112035,0.162106896762412
FUBAR2,1024,0.64,bias,equalpi,ds,0.610958135047301,0.259013340228801,0.32552550982517
FUBAR2,1024,0.64,bias,unequalpi,dn,0.94036157520916,0.095955097964125,0.149265762052608
FUBAR2,1024,0.64,bias,unequalpi,ds,0.629371298739137,0.24604326035508,0.310210728169175
FUBAR2,1024,0.64,nobias,equalpi,dn,0.95415327355559,-0.0284136136277214,0.0851529419427897
FUBAR2,1024,0.64,nobias,equalpi,ds,0.08990088414257,0.131566156550634,0.158100921888542
FUBAR2,1024,0.64,nobias,unequalpi,dn,0.952368306633004,-0.029866093643663,0.086406763846927
FUBAR2,1024,0.64,nobias,unequalpi,ds,0.15975452823678,0.11675356534612,0.146360696611997
FUBAR2,2048,0.0025,bias,equalpi,dn,0.428469544433687,0.158672120123946,0.516332229562327
FUBAR2,2048,0.0025,bias,equalpi,ds,0.0732216198375843,0.221592895506125,0.836515431644807
FUBAR2,2048,0.0025,bias,unequalpi,dn,0.427490763445853,0.149829917844125,0.502751897122589
FUBAR2,2048,0.0025,bias,unequalpi,ds,0.0945135129597425,0.18776816095508,0.762151883331802
FUBAR2,2048,0.0025,nobias,equalpi,dn,0.477270548145971,0.0552318285548912,0.402770380361494
FUBAR2,2048,0.0025,nobias,equalpi,ds,0.0309786294591427,-0.0485427297669602,0.573648758119141
FUBAR2,2048,0.0025,nobias,unequalpi,dn,0.490460535655555,0.042828360576337,0.38813915881521
FUBAR2,2048,0.0025,nobias,unequalpi,ds,0.0236569659370071,-0.03225189285388,0.571627993979857
FUBAR2,2048,0.01,bias,equalpi,dn,0.533037978648253,0.133145972628431,0.46476638460106
FUBAR2,2048,0.01,bias,equalpi,ds,0.129047360864946,0.208694699734544,0.693574148084368
FUBAR2,2048,0.01,bias,unequalpi,dn,0.533883906250664,0.130767483054125,0.467805231888723
FUBAR2,2048,0.01,bias,unequalpi,ds,0.15120192599876,0.18077527023508,0.619759132692448
FUBAR2,2048,0.01,nobias,equalpi,dn,0.592701764937391,0.0221275713581606,0.352654089573557
FUBAR2,2048,0.01,nobias,equalpi,ds,0.000410390871464438,-0.0351710866225497,0.299332180969369
FUBAR2,2048,0.01,nobias,unequalpi,dn,0.582342478884288,0.031043174862337,0.365033157486689
FUBAR2,2048,0.01,nobias,unequalpi,ds,-0.0259638295766937,-0.06126077725388,0.274285003083243
FUBAR2,2048,0.04,bias,equalpi,dn,0.615679491287064,0.107371249295088,0.374741763863183
FUBAR2,2048,0.04,bias,equalpi,ds,0.188486902176096,0.197821765874163,0.514582943789473
FUBAR2,2048,0.04,bias,unequalpi,dn,0.638195525142107,0.112099459306925,0.354887828242795
FUBAR2,2048,0.04,bias,unequalpi,ds,0.200724749689272,0.17980086555508,0.471864784426641
FUBAR2,2048,0.04,nobias,equalpi,dn,0.685895362668555,0.0203199204435229,0.283188161277601
FUBAR2,2048,0.04,nobias,equalpi,ds,0.00982751176442404,0.0177524812549856,0.152619033400089
FUBAR2,2048,0.04,nobias,unequalpi,dn,0.692798452036519,0.021135556489577,0.272407105601728
FUBAR2,2048,0.04,nobias,unequalpi,ds,-0.0126973025010692,0.00037455554612,0.148592171937862
FUBAR2,2048,0.16,bias,equalpi,dn,0.813736654839091,0.0991815000586747,0.225976181507314
FUBAR2,2048,0.16,bias,equalpi,ds,0.431181930586072,0.198123619950275,0.317949388455726
FUBAR2,2048,0.16,bias,unequalpi,dn,0.828787502439631,0.0926846310041395,0.208812266866936
FUBAR2,2048,0.16,bias,unequalpi,ds,0.435629905615418,0.18221214275508,0.298892851030714
FUBAR2,2048,0.16,nobias,equalpi,dn,0.849981983841381,0.0212152552958035,0.171068590706131
FUBAR2,2048,0.16,nobias,equalpi,ds,0.0239772247978794,0.0677835107905092,0.121972540340948
FUBAR2,2048,0.16,nobias,unequalpi,dn,0.854300844262307,0.0164801776963378,0.163199648343787
FUBAR2,2048,0.16,nobias,unequalpi,ds,0.0200783348123343,0.05139865594612,0.11585898621072
FUBAR2,2048,0.64,bias,equalpi,dn,0.945110550678904,0.105381186536889,0.156148845215062
FUBAR2,2048,0.64,bias,equalpi,ds,0.650829854655736,0.255454375490731,0.312006561325178
FUBAR2,2048,0.64,bias,unequalpi,dn,0.945560777632523,0.094336984784125,0.14398198888171
FUBAR2,2048,0.64,bias,unequalpi,ds,0.663817093145101,0.24183905375508,0.296558422587539
FUBAR2,2048,0.64,nobias,equalpi,dn,0.963867331301027,-0.0271142456856301,0.0763146951554572
FUBAR2,2048,0.64,nobias,equalpi,ds,0.0809587005568349,0.133065775587859,0.162064698905595
FUBAR2,2048,0.64,nobias,unequalpi,dn,0.960429598356689,-0.031539906243663,0.0805608221848501
FUBAR2,2048,0.64,nobias,unequalpi,ds,0.183622531419193,0.12421928994612,0.155188394348999
SLAC1,128,0.0025,bias,equalpi,dn,0.223742729257767,-0.325515721994864,0.433324262369461
SLAC1,128,0.0025,bias,unequalpi,dn,0.217164638480821,-0.343984627018333,0.454330080781188
SLAC1,128,0.0025,nobias,equalpi,dn,0.240490354269042,-0.369162546149997,0.485865258914423
SLAC1,128,0.0025,nobias,unequalpi,dn,0.239254611270483,-0.38144472551232,0.49638319603807
SLAC1,128,0.01,bias,equalpi,dn,0.375664072227921,-0.0456405405195152,0.516165340468878
SLAC1,128,0.01,bias,unequalpi,dn,0.350892571501903,-0.0420537208535852,0.546834292226147
SLAC1,128,0.01,nobias,equalpi,dn,0.40467508417767,-0.0560668037335533,0.538653346566035
SLAC1,128,0.01,nobias,unequalpi,dn,0.391043763711183,-0.0462981546012492,0.551057192500639
SLAC1,128,0.04,bias,equalpi,dn,0.540745475755646,1.02006593148454,1.76213631821059
SLAC1,128,0.04,bias,unequalpi,dn,0.518407589863401,1.10423005048025,1.81153108697551
SLAC1,128,0.04,nobias,equalpi,dn,0.58553403194911,1.1940545860927,1.95147223403886
SLAC1,128,0.04,nobias,unequalpi,dn,0.556025914179961,1.25108515663254,1.96301381726477
SLAC1,128,0.16,bias,equalpi,dn,0.701994370886013,4.89573924524733,6.38459274909459
SLAC1,128,0.16,bias,unequalpi,dn,0.695573585183687,5.25563396362862,6.63495537214101
SLAC1,128,0.16,nobias,equalpi,dn,0.746147050541164,5.6034929247842,7.1735279027686
SLAC1,128,0.16,nobias,unequalpi,dn,0.73239921584861,5.88283665848515,7.35518060723402
SLAC1,128,0.64,bias,equalpi,dn,0.868507078594445,15.8613160970648,18.7603906108809
SLAC1,128,0.64,bias,unequalpi,dn,0.870547987536188,16.7424397660525,19.4185198080532
SLAC1,128,0.64,nobias,equalpi,dn,0.894178416785095,18.0311729365061,21.2448980480951
SLAC1,128,0.64,nobias,unequalpi,dn,0.88694880156287,18.4789411786442,21.3367183541864
SLAC1,256,0.0025,bias,equalpi,dn,0.276559806787029,-0.231115848551554,0.433485080077307
SLAC1,256,0.0025,bias,unequalpi,dn,0.28091453051713,-0.236865661894225,0.446473603736323
SLAC1,256,0.0025,nobias,equalpi,dn,0.31794408465866,-0.258142022922797,0.468527396057931
SLAC1,256,0.0025,nobias,unequalpi,dn,0.304476748685,-0.262417640937749,0.481624446105557
SLAC1,256,0.01,bias,equalpi,dn,0.447813545171754,0.313241709790599,0.927808089340764
SLAC1,256,0.01,bias,unequalpi,dn,0.444983963672776,0.384794994418438,0.981819907292624
SLAC1,256,0.01,nobias,equalpi,dn,0.47807438412129,0.360791592861136,0.970438322786814
SLAC1,256,0.01,nobias,unequalpi,dn,0.467776377385422,0.386328198221149,0.974925782737895
SLAC1,256,0.04,bias,equalpi,dn,0.588766846852197,2.410902330333,3.55583692343659
SLAC1,256,0.04,bias,unequalpi,dn,0.570337478891458,2.63196499343899,3.74330117665226
SLAC1,256,0.04,nobias,equalpi,dn,0.637011558010184,2.80014767069237,3.98114975206397
SLAC1,256,0.04,nobias,unequalpi,dn,0.614554426714863,2.95358182111108,4.09630473647652
SLAC1,256,0.16,bias,equalpi,dn,0.739943176658154,10.1539885804913,12.8655035251692
SLAC1,256,0.16,bias,unequalpi,dn,0.740266591016123,11.028489127699,13.5083832705909
SLAC1,256,0.16,nobias,equalpi,dn,0.78033567986435,11.6529594055625,14.4658100911821
SLAC1,256,0.16,nobias,unequalpi,dn,0.773571745074224,12.478327782027,15.1393155129572
SLAC1,256,0.64,bias,equalpi,dn,0.894141923059765,32.2463203104307,37.741591892913
SLAC1,256,0.64,bias,unequalpi,dn,0.889245682522948,34.0470190051111,39.1182850950306
SLAC1,256,0.64,nobias,equalpi,dn,0.919371252928201,36.7528329997075,42.811451885955
SLAC1,256,0.64,nobias,unequalpi,dn,0.91065784989199,37.8042079002289,43.2699655980825
SLAC1,512,0.0025,bias,equalpi,dn,0.376912792665429,-0.0486575786826198,0.525516746527237
SLAC1,512,0.0025,bias,unequalpi,dn,0.369532400604927,-0.0433131220668827,0.545385196164649
SLAC1,512,0.0025,nobias,equalpi,dn,0.413779964159676,-0.0567281819075359,0.538172834270551
SLAC1,512,0.0025,nobias,unequalpi,dn,0.390262391408672,-0.0341459192190593,0.569725418971288
SLAC1,512,0.01,bias,equalpi,dn,0.497296670960875,1.07822444246162,1.90277733789795
SLAC1,512,0.01,bias,unequalpi,dn,0.482788911394884,1.15081391483501,1.97262656780314
SLAC1,512,0.01,nobias,equalpi,dn,0.539872111176152,1.19470994650465,2.01204586354638
SLAC1,512,0.01,nobias,unequalpi,dn,0.529416965357635,1.31322095033497,2.13891436933466
SLAC1,512,0.04,bias,equalpi,dn,0.614082709091484,5.32964809400226,7.37975809560597
SLAC1,512,0.04,bias,unequalpi,dn,0.614115095783334,5.79435157217462,7.81321261029579
SLAC1,512,0.04,nobias,equalpi,dn,0.658246164408624,6.23008061351045,8.37440538863903
SLAC1,512,0.04,nobias,unequalpi,dn,0.655194983259657,6.44375334343671,8.42846901012275
SLAC1,512,0.16,bias,equalpi,dn,0.777099312117731,20.9396351343731,25.8938262587272
SLAC1,512,0.16,bias,unequalpi,dn,0.780004198213926,22.368643998316,27.0495264715696
SLAC1,512,0.16,nobias,equalpi,dn,0.81150357260331,24.0352471549443,29.3731396094065
SLAC1,512,0.16,nobias,unequalpi,dn,0.802624135232101,25.198105549146,30.1429139276426
SLAC1,512,0.64,bias,equalpi,dn,0.913306502024422,65.3201403105763,75.941648940109
SLAC1,512,0.64,bias,unequalpi,dn,0.914939988831256,68.5721813348825,78.5574008974866
SLAC1,512,0.64,nobias,equalpi,dn,0.935875069158934,73.8514938216838,85.6141634843324
SLAC1,512,0.64,nobias,unequalpi,dn,0.928990467631416,75.8544953289461,86.5326916964062
SLAC1,1024,0.0025,bias,equalpi,dn,0.430618890733812,0.317255922536558,0.937898734098442
SLAC1,1024,0.0025,bias,unequalpi,dn,0.442098143793043,0.373310513425338,0.990982767958988
SLAC1,1024,0.0025,nobias,equalpi,dn,0.473080568768854,0.390932324131602,1.0408938311929
SLAC1,1024,0.0025,nobias,unequalpi,dn,0.443693372440721,0.412986875094315,1.04679892252481
SLAC1,1024,0.01,bias,equalpi,dn,0.54134923513635,2.49012948952914,3.88495149968723
SLAC1,1024,0.01,bias,unequalpi,dn,0.530726994954956,2.71986283644033,4.07793347614251
SLAC1,1024,0.01,nobias,equalpi,dn,0.570257952510117,2.88526886090342,4.27371200904485
SLAC1,1024,0.01,nobias,unequalpi,dn,0.561505903446576,3.11882993517883,4.50407100673913
SLAC1,1024,0.04,bias,equalpi,dn,0.640508187935792,11.0798869170617,14.9759993407681
SLAC1,1024,0.04,bias,unequalpi,dn,0.632318579199689,12.0664700450718,15.6492526328018
SLAC1,1024,0.04,nobias,equalpi,dn,0.697008957031587,12.779022858013,16.5992993752805
SLAC1,1024,0.04,nobias,unequalpi,dn,0.674379190857694,13.5626343685512,17.3422450358433
SLAC1,1024,0.16,bias,equalpi,dn,0.798038609089053,42.1969921550517,51.5606654835829
SLAC1,1024,0.16,bias,unequalpi,dn,0.800622724576194,44.9245879006206,53.7235278764844
SLAC1,1024,0.16,nobias,equalpi,dn,0.829634433602118,48.2677855750931,58.4990122095042
SLAC1,1024,0.16,nobias,unequalpi,dn,0.827815207986635,50.3592672722705,59.7623711547197
SLAC1,1024,0.64,bias,equalpi,dn,0.928583240776135,130.486735382027,151.172888272771
SLAC1,1024,0.64,bias,unequalpi,dn,0.928439318058399,137.629604266779,156.976648932541
SLAC1,1024,0.64,nobias,equalpi,dn,0.947565981973663,148.158402953533,171.15959306722
SLAC1,1024,0.64,nobias,unequalpi,dn,0.940695810968458,152.938931838931,173.266287639228
SLAC1,2048,0.0025,bias,equalpi,dn,0.480078775517983,1.0674005348027,1.94320620139517
SLAC1,2048,0.0025,bias,unequalpi,dn,0.467785916723343,1.18146749713497,2.06838284729753
SLAC1,2048,0.0025,nobias,equalpi,dn,0.529466477809698,1.21648599117543,2.07241200956103
SLAC1,2048,0.0025,nobias,unequalpi,dn,0.522423366351215,1.29661342726545,2.13141919789742
SLAC1,2048,0.01,bias,equalpi,dn,0.57028373732279,5.48227639994427,7.90910052497236
SLAC1,2048,0.01,bias,unequalpi,dn,0.560091989786376,5.96381889809981,8.47312571513994
SLAC1,2048,0.01,nobias,equalpi,dn,0.612598457612716,6.16387289950574,8.64905285141176
SLAC1,2048,0.01,nobias,unequalpi,dn,0.597526118963622,6.71609113486057,9.22066569349231
SLAC1,2048,0.04,bias,equalpi,dn,0.652068783756814,22.5407973414993,29.9255445810163
SLAC1,2048,0.04,bias,unequalpi,dn,0.649316799891178,24.6165715567158,31.6353730513429
SLAC1,2048,0.04,nobias,equalpi,dn,0.709417183656352,25.8735371579779,33.4026407673792
SLAC1,2048,0.04,nobias,unequalpi,dn,0.696014961367138,27.4653826096757,34.5760948081419
SLAC1,2048,0.16,bias,equalpi,dn,0.850611940781626,83.4258517579851,100.895291613218
SLAC1,2048,0.16,bias,unequalpi,dn,0.850703339637585,91.7616277506386,108.122939719172
SLAC1,2048,0.16,nobias,equalpi,dn,0.876167134554855,93.0753638043473,112.336621321204
SLAC1,2048,0.16,nobias,unequalpi,dn,0.876030763408203,101.29632399005,119.286377083243
SLAC2,128,0.0025,bias,equalpi,dn,0.230869454269238,-0.31483522734865,0.424603841164771
SLAC2,128,0.0025,bias,equalpi,ds,-0.0150799395894339,0.61313532221698,0.794724290558569
SLAC2,128,0.0025,bias,unequalpi,dn,0.241687404461057,-0.313665338609821,0.450625635674492
SLAC2,128,0.0025,bias,unequalpi,ds,-0.0262686953103917,0.59235158544237,0.755513614199394
SLAC2,128,0.0025,nobias,equalpi,dn,0.188791711722638,-0.363454378352127,0.480798593531171
SLAC2,128,0.0025,nobias,equalpi,ds,0.128181777466267,0.274858523435059,0.488777942099984
SLAC2,128,0.0025,nobias,unequalpi,dn,0.312515041760042,-0.362933060292986,0.471016827165377
SLAC2,128,0.0025,nobias,unequalpi,ds,0.11096134064328,0.401006659373563,0.613984494550305
SLAC2,128,0.01,bias,equalpi,dn,0.402922028804629,0.00379986358123311,0.550077300095172
SLAC2,128,0.01,bias,equalpi,ds,0.0130110711247774,0.99047275670903,1.36977768846028
SLAC2,128,0.01,bias,unequalpi,dn,0.384083517288997,0.0154621944021493,0.580480220008837
SLAC2,128,0.01,bias,unequalpi,ds,0.0017596260488363,0.972062656829198,1.36615842673996
SLAC2,128,0.01,nobias,equalpi,dn,0.444297784441741,-0.0272413925375213,0.549063655984346
SLAC2,128,0.01,nobias,equalpi,ds,0.0138131464959473,0.736316407340454,1.13962101307535
SLAC2,128,0.01,nobias,unequalpi,dn,0.401358972450526,-0.0169432758473964,0.564145252697412
SLAC2,128,0.01,nobias,unequalpi,ds,0.0334954431645944,0.781706003702506,1.21836512168601
SLAC2,128,0.04,bias,equalpi,dn,0.545032346038706,1.07966042118553,1.82644105588641
SLAC2,128,0.04,bias,equalpi,ds,0.0617144832110884,2.7335484216983,3.76220966060573
SLAC2,128,0.04,bias,unequalpi,dn,0.534715572621932,1.16575725651523,1.88130915358926
SLAC2,128,0.04,bias,unequalpi,ds,0.0589047757524526,2.78524212167203,4.02027434305606
SLAC2,128,0.04,nobias,equalpi,dn,0.59782226886702,1.19585539034573,1.96781027275399
SLAC2,128,0.04,nobias,equalpi,ds,0.00115541051914698,2.79532583310336,3.57211032921627
SLAC2,128,0.04,nobias,unequalpi,dn,0.567844376792098,1.26248734947817,1.98075367319387
SLAC2,128,0.04,nobias,unequalpi,ds,-0.000551347586269594,2.7026487555104,3.70638660010888
SLAC2,128,0.16,bias,equalpi,dn,0.703862817427907,4.90253604816414,6.3975346733001
SLAC2,128,0.16,bias,equalpi,ds,0.22742506739419,10.0368327832555,11.330118129854
SLAC2,128,0.16,bias,unequalpi,dn,0.699602514179325,5.26404281987109,6.64723084411633
SLAC2,128,0.16,bias,unequalpi,ds,0.21418859828919,9.81447726498088,11.1299823043211
SLAC2,128,0.16,nobias,equalpi,dn,0.747522149086875,5.60622140111664,7.17861694665176
SLAC2,128,0.16,nobias,equalpi,ds,0.00977816269091776,11.9805451742452,12.6077296416206
SLAC2,128,0.16,nobias,unequalpi,dn,0.73522503112523,5.88547800558054,7.36268747092602
SLAC2,128,0.16,nobias,unequalpi,ds,-0.00266246415790998,11.2991609013978,12.0797558505436
SLAC2,128,0.64,bias,equalpi,dn,0.868507078594445,15.8613160970648,18.7603906108809
SLAC2,128,0.64,bias,equalpi,ds,0.471758183937072,30.802804412246,32.099812075853
SLAC2,128,0.64,bias,unequalpi,dn,0.870547987536188,16.7424397660525,19.4185198080532
SLAC2,128,0.64,bias,unequalpi,ds,0.453792618925646,30.0363122047499,31.2565238863567
SLAC2,128,0.64,nobias,equalpi,dn,0.894178416785095,18.0311729365061,21.2448980480951
SLAC2,128,0.64,nobias,equalpi,ds,0.00123429766872292,38.2287944393823,38.602648039606
SLAC2,128,0.64,nobias,unequalpi,dn,0.88694880156287,18.4789411786442,21.3367183541864
SLAC2,128,0.64,nobias,unequalpi,ds,-0.00549504725712009,36.333678813515,36.8128412068917
SLAC2,256,0.0025,bias,equalpi,dn,0.357873471190999,-0.203400448687395,0.432446054195895
SLAC2,256,0.0025,bias,equalpi,ds,-0.0487528737672217,0.766855574217016,1.09500970326265
SLAC2,256,0.0025,bias,unequalpi,dn,0.314037305968243,-0.191747867676602,0.45396413851208
SLAC2,256,0.0025,bias,unequalpi,ds,0.0307044943102903,0.759371299888585,0.996815967233598
SLAC2,256,0.0025,nobias,equalpi,dn,0.338043293552753,-0.245124694876261,0.459255233891918
SLAC2,256,0.0025,nobias,equalpi,ds,0.0720373394385537,0.494600098451052,0.789272393465045
SLAC2,256,0.0025,nobias,unequalpi,dn,0.360409214928511,-0.242925368813303,0.472476401753739
SLAC2,256,0.0025,nobias,unequalpi,ds,0.0700199072420905,0.527661604787139,0.839050224658581
SLAC2,256,0.01,bias,equalpi,dn,0.453987462562531,0.381766535809516,1.00674198423151
SLAC2,256,0.01,bias,equalpi,ds,0.0285480399188485,1.50718085292534,2.08094135679391
SLAC2,256,0.01,bias,unequalpi,dn,0.467886480601854,0.475535318464628,1.06750567664382
SLAC2,256,0.01,bias,unequalpi,ds,0.00359079914238891,1.55506148477502,2.31865923171177
SLAC2,256,0.01,nobias,equalpi,dn,0.487793612729122,0.385604016436396,1.00935073334198
SLAC2,256,0.01,nobias,equalpi,ds,0.0318463585795402,1.44738904202382,2.49766033379631
SLAC2,256,0.01,nobias,unequalpi,dn,0.486946367204908,0.413021360598678,1.00089668197501
SLAC2,256,0.01,nobias,unequalpi,ds,0.0195472062297155,1.53036739693931,2.5596309143573
SLAC2,256,0.04,bias,equalpi,dn,0.596513109443358,2.44616113079549,3.60608470976742
SLAC2,256,0.04,bias,equalpi,ds,0.153331065267388,5.21750550608046,6.39772461129679
SLAC2,256,0.04,bias,unequalpi,dn,0.579648307330704,2.66134543191217,3.79263168121965
SLAC2,256,0.04,bias,unequalpi,ds,0.145245481001742,5.21341083465365,6.62042859952271
SLAC2,256,0.04,nobias,equalpi,dn,0.644418474235929,2.79969870694158,3.993255579831
SLAC2,256,0.04,nobias,equalpi,ds,-0.00779659654238282,6.11144238767387,7.03808475654704
SLAC2,256,0.04,nobias,unequalpi,dn,0.622059314722657,2.95623108338295,4.11634897641617
SLAC2,256,0.04,nobias,unequalpi,ds,0.00706201493461076,5.94216144626172,7.17287761609521
SLAC2,256,0.16,bias,equalpi,dn,0.740263966436469,10.1551586560061,12.867196581185
SLAC2,256,0.16,bias,equalpi,ds,0.299246185847828,20.6341410062802,22.4470092009722
SLAC2,256,0.16,bias,unequalpi,dn,0.740815247938801,11.0323253447097,13.5135409648232
SLAC2,256,0.16,bias,unequalpi,ds,0.256855621591574,20.3774055215656,22.1077330963602
SLAC2,256,0.16,nobias,equalpi,dn,0.780505551184731,11.6530464722382,14.4669594940798
SLAC2,256,0.16,nobias,equalpi,ds,-0.000118589611737576,25.1069171392261,25.7283027126866
SLAC2,256,0.16,nobias,unequalpi,dn,0.773571745074224,12.478327782027,15.1393155129572
SLAC2,256,0.16,nobias,unequalpi,ds,-0.0184158335775274,23.9180764095653,24.7977578981661
SLAC2,256,0.64,bias,equalpi,dn,0.894141923059765,32.2463203104307,37.741591892913
SLAC2,256,0.64,bias,equalpi,ds,0.540440889097366,62.6352562232707,64.6354023452198
SLAC2,256,0.64,bias,unequalpi,dn,0.889245682522948,34.0470190051111,39.1182850950306
SLAC2,256,0.64,bias,unequalpi,ds,0.514812514794692,61.2082771780467,62.929011489219
SLAC2,256,0.64,nobias,equalpi,dn,0.919371252928201,36.7528329997075,42.811451885955
SLAC2,256,0.64,nobias,equalpi,ds,0.0141855598240829,77.9343226600257,78.338911462945
SLAC2,256,0.64,nobias,unequalpi,dn,0.91065784989199,37.8042079002289,43.2699655980825
SLAC2,256,0.64,nobias,unequalpi,ds,0.0093785157513338,74.2204412044593,74.7146594429192
SLAC2,512,0.0025,bias,equalpi,dn,0.418617562691775,0.00807128109604162,0.557316923589316
SLAC2,512,0.0025,bias,equalpi,ds,0.0243370846281514,1.00609450102341,1.37868728395161
SLAC2,512,0.0025,bias,unequalpi,dn,0.388738930859607,0.0128486782422522,0.588922904779818
SLAC2,512,0.0025,bias,unequalpi,ds,-0.0121529659759212,1.11075862938133,2.1001203411064
SLAC2,512,0.0025,nobias,equalpi,dn,0.443349532531282,-0.0385382021822658,0.551259441787418
SLAC2,512,0.0025,nobias,equalpi,ds,0.0395052360743662,0.76851242141461,1.16164566996451
SLAC2,512,0.0025,nobias,unequalpi,dn,0.419393264404422,-0.0130665781559165,0.573319275853791
SLAC2,512,0.0025,nobias,unequalpi,ds,0.0226861750227802,0.799743183366249,1.20325674434411
SLAC2,512,0.01,bias,equalpi,dn,0.506202856593455,1.15668965907846,2.00381002959444
SLAC2,512,0.01,bias,equalpi,ds,0.0474650153738756,2.77726212651574,3.7052450721812
SLAC2,512,0.01,bias,unequalpi,dn,0.489512057555504,1.20593710280972,2.04633030932743
SLAC2,512,0.01,bias,unequalpi,ds,0.0852085797421988,2.77486387670652,4.248056883575
SLAC2,512,0.01,nobias,equalpi,dn,0.551957758290189,1.20596013246582,2.04117132523757
SLAC2,512,0.01,nobias,equalpi,ds,0.0295811904105279,2.84863823008971,3.71249202195777
SLAC2,512,0.01,nobias,unequalpi,dn,0.548652990801593,1.33562376731068,2.17486659968699
SLAC2,512,0.01,nobias,unequalpi,ds,0.0252174222054278,2.68422216537661,3.45649699618076
SLAC2,512,0.04,bias,equalpi,dn,0.617544529549982,5.33420563437065,7.40350097958198
SLAC2,512,0.04,bias,equalpi,ds,0.185773921808945,10.9901562663853,12.7927386684299
SLAC2,512,0.04,bias,unequalpi,dn,0.621309807467486,5.81576627605945,7.85572306890631
SLAC2,512,0.04,bias,unequalpi,ds,0.172788970144755,10.8153557112536,12.7437967124484
SLAC2,512,0.04,nobias,equalpi,dn,0.662539416014971,6.23046459693381,8.38938008107412
SLAC2,512,0.04,nobias,equalpi,ds,0.0137180357151853,13.0560690301206,13.8018143000387
SLAC2,512,0.04,nobias,unequalpi,dn,0.660509099572819,6.43995468245897,8.44149480650424
SLAC2,512,0.04,nobias,unequalpi,ds,0.0155778634744742,12.5578715799887,13.7489788424281
SLAC2,512,0.16,bias,equalpi,dn,0.777099312117731,20.9396351343731,25.8938262587272
SLAC2,512,0.16,bias,equalpi,ds,0.340729629697425,42.3174755492964,45.0034264099886
SLAC2,512,0.16,bias,unequalpi,dn,0.780004198213926,22.368643998316,27.0495264715696
SLAC2,512,0.16,bias,unequalpi,ds,0.305531546866433,41.6938920489602,44.3841380325464
SLAC2,512,0.16,nobias,equalpi,dn,0.81150357260331,24.0352471549443,29.3731396094065
SLAC2,512,0.16,nobias,equalpi,ds,-0.0159044784618817,51.3005568037322,51.9283774699057
SLAC2,512,0.16,nobias,unequalpi,dn,0.802624135232101,25.198105549146,30.1429139276426
SLAC2,512,0.16,nobias,unequalpi,ds,-0.000489731817513095,48.6640598937471,49.7161544993526
SLAC2,512,0.64,bias,equalpi,dn,0.913306502024422,65.3201403105763,75.941648940109
SLAC2,512,0.64,bias,equalpi,ds,0.60419126639336,126.286362114198,129.536067356477
SLAC2,512,0.64,bias,unequalpi,dn,0.914939988831256,68.5721813348825,78.5574008974866
SLAC2,512,0.64,bias,unequalpi,ds,0.606077850119434,122.541884495743,125.34291598376
SLAC2,512,0.64,nobias,equalpi,dn,0.935875069158934,73.8514938216838,85.6141634843324
SLAC2,512,0.64,nobias,equalpi,ds,0.00725582973204999,156.97467580203,157.415570348591
SLAC2,512,0.64,nobias,unequalpi,dn,0.928990467631416,75.8544953289461,86.5326916964062
SLAC2,512,0.64,nobias,unequalpi,ds,-0.030439415656944,148.767093518394,149.307613875365
SLAC2,1024,0.0025,bias,equalpi,dn,0.451182177701204,0.361006130600392,0.98412174303271
SLAC2,1024,0.0025,bias,equalpi,ds,0.00932673502198258,1.63644970744709,2.60111157434144
SLAC2,1024,0.0025,bias,unequalpi,dn,0.461930843833406,0.438997181955912,1.06633947484889
SLAC2,1024,0.0025,bias,unequalpi,ds,0.0218412251403807,1.56092068858327,2.12918584816429
SLAC2,1024,0.0025,nobias,equalpi,dn,0.487068861378099,0.402234928982986,1.0662384725043
SLAC2,1024,0.0025,nobias,equalpi,ds,0.0251030068140073,1.40463583501374,2.12024379823893
SLAC2,1024,0.0025,nobias,unequalpi,dn,0.471822672771654,0.435982933559099,1.07255554229455
SLAC2,1024,0.0025,nobias,unequalpi,ds,0.0209707676079456,1.48294185829209,2.35113192231129
SLAC2,1024,0.01,bias,equalpi,dn,0.546459162583335,2.53050293447802,3.95399748835316
SLAC2,1024,0.01,bias,equalpi,ds,0.154111219889463,5.42196766132655,7.08521486598528
SLAC2,1024,0.01,bias,unequalpi,dn,0.540563436125281,2.77662042896123,4.17212523946835
SLAC2,1024,0.01,bias,unequalpi,ds,0.123940022137871,5.42429215393595,7.16785925263849
SLAC2,1024,0.01,nobias,equalpi,dn,0.579769583616563,2.89014783076537,4.30234710820924
SLAC2,1024,0.01,nobias,equalpi,ds,0.0145839095208579,6.31439670529475,7.30749995083824
SLAC2,1024,0.01,nobias,unequalpi,dn,0.570492275469101,3.13759202490118,4.55066897471776
SLAC2,1024,0.01,nobias,unequalpi,ds,0.0077313639451019,6.000184795424,7.24284675770872
SLAC2,1024,0.04,bias,equalpi,dn,0.642278276450073,11.0808753339461,14.9904937475224
SLAC2,1024,0.04,bias,equalpi,ds,0.236016033311479,22.5123785988128,25.3793749530365
SLAC2,1024,0.04,bias,unequalpi,dn,0.634490243762221,12.0671152272145,15.6637661640499
SLAC2,1024,0.04,bias,unequalpi,ds,0.201268949678588,22.2198817495479,25.1057870006367
SLAC2,1024,0.04,nobias,equalpi,dn,0.698940040915042,12.7851993647288,16.614348466487
SLAC2,1024,0.04,nobias,equalpi,ds,0.01428391405803,27.0629726432867,27.9097463720872
SLAC2,1024,0.04,nobias,unequalpi,dn,0.676107871346675,13.5602952477254,17.3539992822818
SLAC2,1024,0.04,nobias,unequalpi,ds,0.00381962334232826,26.0228574759235,27.3277278901857
SLAC2,1024,0.16,bias,equalpi,dn,0.798038609089053,42.1969921550517,51.5606654835829
SLAC2,1024,0.16,bias,equalpi,ds,0.3693146783761,85.5503106663857,89.8565609465155
SLAC2,1024,0.16,bias,unequalpi,dn,0.800622724576194,44.9245879006206,53.7235278764844
SLAC2,1024,0.16,bias,unequalpi,ds,0.346185357829436,83.115834189995,87.1411458941679
SLAC2,1024,0.16,nobias,equalpi,dn,0.829634433602118,48.2677855750931,58.4990122095042
SLAC2,1024,0.16,nobias,equalpi,ds,0.00462004837204974,104.020239482848,104.685447733907
SLAC2,1024,0.16,nobias,unequalpi,dn,0.827815207986635,50.3592672722705,59.7623711547197
SLAC2,1024,0.16,nobias,unequalpi,ds,-0.0119170017528686,98.4836180875944,99.8133669725079
SLAC2,1024,0.64,bias,equalpi,dn,0.928583240776135,130.486735382027,151.172888272771
SLAC2,1024,0.64,bias,unequalpi,dn,0.928439318058399,137.629604266779,156.976648932541
SLAC2,1024,0.64,bias,unequalpi,ds,0.713914765044664,246.457161628017,250.331785485543
SLAC2,1024,0.64,nobias,equalpi,dn,0.947565981973663,148.158402953533,171.15959306722
SLAC2,1024,0.64,nobias,equalpi,ds,0.0188484717808842,315.679321148351,316.193194750027
SLAC2,1024,0.64,nobias,unequalpi,dn,0.940695810968458,152.938931838931,173.266287639228
SLAC2,1024,0.64,nobias,unequalpi,ds,-0.0261725235667193,299.539651638324,300.116981598856
SLAC2,2048,0.0025,bias,equalpi,dn,0.490737547569648,1.13432967768258,2.04832970887749
SLAC2,2048,0.0025,bias,equalpi,ds,0.0490339783979165,2.76470862059269,3.81105143819355
SLAC2,2048,0.0025,bias,unequalpi,dn,0.479491240333505,1.25472685073772,2.17454856052107
SLAC2,2048,0.0025,bias,unequalpi,ds,0.0672912168762784,2.76526748187898,3.70159808231695
SLAC2,2048,0.0025,nobias,equalpi,dn,0.542652137376955,1.2255930787378,2.10106543283154
SLAC2,2048,0.0025,nobias,equalpi,ds,0.0316329408790161,2.83874458701584,3.67596595728934
SLAC2,2048,0.0025,nobias,unequalpi,dn,0.536377801151856,1.32893360498009,2.19075232994811
SLAC2,2048,0.0025,nobias,unequalpi,ds,0.00165529482070111,2.89018867152137,3.69505061544536
SLAC2,2048,0.01,bias,equalpi,dn,0.574708383266892,5.48454023216985,7.9489697395601
SLAC2,2048,0.01,bias,equalpi,ds,0.181429357283137,11.4541604676525,14.190342053017
SLAC2,2048,0.01,bias,unequalpi,dn,0.569504900592609,5.97676287408925,8.53391017508406
SLAC2,2048,0.01,bias,unequalpi,ds,0.18648611138533,10.9730533269346,13.3751205422583
SLAC2,2048,0.01,nobias,equalpi,dn,0.618231636008278,6.14463007315231,8.66829920798298
SLAC2,2048,0.01,nobias,equalpi,ds,0.000668200616975565,13.4881766683473,14.6773717454139
SLAC2,2048,0.01,nobias,unequalpi,dn,0.605109415399298,6.70778732023955,9.25358418594576
SLAC2,2048,0.01,nobias,unequalpi,ds,-0.0083975451205685,12.8671019284117,14.2650048995134
SLAC2,2048,0.04,bias,equalpi,dn,0.652556306781323,22.5435307226799,29.9362797085094
SLAC2,2048,0.04,bias,equalpi,ds,0.247042495224186,46.0554628998323,50.7561671116659
SLAC2,2048,0.04,bias,unequalpi,dn,0.649978362948985,24.6135811256,31.6421265314598
SLAC2,2048,0.04,bias,unequalpi,ds,0.234112158920968,44.6777482731398,49.3511850142658
SLAC2,2048,0.04,nobias,equalpi,dn,0.71000121500665,25.8724020738302,33.4080561801985
SLAC2,2048,0.04,nobias,equalpi,ds,0.0168468904859363,55.0820057562612,55.9248354885778
SLAC2,2048,0.04,nobias,unequalpi,dn,0.696318940694255,27.4667694166329,34.5794578430924
SLAC2,2048,0.04,nobias,unequalpi,ds,-0.00754875276344135,52.3455044493082,53.9447346131727
SLAC2,2048,0.16,bias,equalpi,dn,0.850611940781626,83.4258517579851,100.895291613218
SLAC2,2048,0.16,bias,unequalpi,dn,0.850703339637585,91.7616277506386,108.122939719172
SLAC2,2048,0.16,nobias,equalpi,dn,0.876167134554855,93.0753638043473,112.336621321204
SLAC2,2048,0.16,nobias,equalpi,ds,0.0107232197286578,207.910877432587,208.582892375671
SLAC2,2048,0.16,nobias,unequalpi,dn,0.876030763408203,101.29632399005,119.286377083243
SLAC2,2048,0.16,nobias,unequalpi,ds,0.00186025137760624,198.735522767614,200.503537191727
SLAC2,2048,0.64,nobias,equalpi,ds,0.0190753805544992,630.094605056618,630.706586071571
SLAC2,2048,0.64,nobias,unequalpi,ds,-0.0259637264180071,598.561345979254,599.194420278442
