method,ntaxa,bl,biastype,pitype,r,estbias,rmsd
FEL1,128,0.0025,bias,equalpi,0.291665315783238,1.85928603868784,2.86076723135737
FEL1,128,0.0025,bias,unequalpi,0.304445013152244,1.51903259644753,2.49362216202586
FEL1,128,0.0025,nobias,equalpi,0.284591318506846,1.28965104497675,2.1442770433625
FEL1,128,0.0025,nobias,unequalpi,0.325655802494332,1.22374050294547,1.99734361816617
FEL1,128,0.01,bias,equalpi,0.359104759798103,0.27386887652675,0.881429475444975
FEL1,128,0.01,bias,unequalpi,0.329968627799573,0.277594521086824,0.889233317047917
FEL1,128,0.01,nobias,equalpi,0.397336242357211,0.186017701508367,0.723987685600096
FEL1,128,0.01,nobias,unequalpi,0.377917012191019,0.185389752178719,0.708863543566153
FEL1,128,0.04,bias,equalpi,0.503266429176518,0.0295479061912201,0.507789646498037
FEL1,128,0.04,bias,unequalpi,0.489661097186624,0.0252337995718039,0.481897967026873
FEL1,128,0.04,nobias,equalpi,0.567091886323228,0.0229794797631144,0.424785926324645
FEL1,128,0.04,nobias,unequalpi,0.545883796240122,0.0320440420017885,0.422031925036618
FEL1,128,0.16,bias,equalpi,0.670397923270621,0.001186355185598,0.318145610985535
FEL1,128,0.16,bias,unequalpi,0.673818790645781,0.00282973298155843,0.303533380201537
FEL1,128,0.16,nobias,equalpi,0.729074128782734,-0.00337009574975718,0.258931220724069
FEL1,128,0.16,nobias,unequalpi,0.727745640611268,0.00488384472704419,0.257388550865603
FEL1,128,0.64,bias,equalpi,0.845046067364967,-0.00432455668857832,0.184089334651243
FEL1,128,0.64,bias,unequalpi,0.847637373035651,-0.00816841511453831,0.178550198400006
FEL1,128,0.64,nobias,equalpi,0.891370675763533,-0.0374557722822161,0.139185304911077
FEL1,128,0.64,nobias,unequalpi,0.890453867697626,-0.0403781168740411,0.137662210293636
FEL1,256,0.0025,bias,equalpi,0.302816113740604,0.637892244820374,1.36134410213682
FEL1,256,0.0025,bias,unequalpi,0.313013628392928,0.651944941258498,1.3271708774559
FEL1,256,0.0025,nobias,equalpi,0.332817088295916,0.503991111878389,1.16246195053294
FEL1,256,0.0025,nobias,unequalpi,0.327979178526375,0.590304839101407,1.23518030281196
FEL1,256,0.01,bias,equalpi,0.403918247922896,0.0982428885199249,0.678864194381483
FEL1,256,0.01,bias,unequalpi,0.397323921165495,0.126802244287459,0.674594161178669
FEL1,256,0.01,nobias,equalpi,0.453762334961405,0.0581661074707248,0.554204905831747
FEL1,256,0.01,nobias,unequalpi,0.451265413392608,0.0335611091762175,0.509305147915455
FEL1,256,0.04,bias,equalpi,0.557564622713775,0.0102678733095606,0.42999002098401
FEL1,256,0.04,bias,unequalpi,0.545335188488169,0.0202471469424404,0.426016632993913
FEL1,256,0.04,nobias,equalpi,0.62309056216562,0.00717520412179936,0.352747985604164
FEL1,256,0.04,nobias,unequalpi,0.610109354234054,0.00816958405179143,0.352501813533704
FEL1,256,0.16,bias,equalpi,0.713040639428929,-0.00117109237028783,0.28177656996861
FEL1,256,0.16,bias,unequalpi,0.71998633043584,-0.00205727457744336,0.264263256404529
FEL1,256,0.16,nobias,equalpi,0.76862896180078,-0.0106490144065013,0.22163590819675
FEL1,256,0.16,nobias,unequalpi,0.774676129426356,0.00369660628186516,0.219462823333472
FEL1,256,0.64,bias,equalpi,0.873749429650887,-0.00580396351404449,0.160954220135015
FEL1,256,0.64,bias,unequalpi,0.870532571128655,-0.0127794392882212,0.158259285021321
FEL1,256,0.64,nobias,equalpi,0.922228666929289,-0.0406534236864404,0.11632325863661
FEL1,256,0.64,nobias,unequalpi,0.918999753031892,-0.0404847544028465,0.11753915642822
FEL1,512,0.0025,bias,equalpi,0.366223289276994,0.282377924052351,0.898998516249687
FEL1,512,0.0025,bias,unequalpi,0.362675897782521,0.270679791184875,0.878812695819317
FEL1,512,0.0025,nobias,equalpi,0.413065903419296,0.160135612536934,0.692851650924486
FEL1,512,0.0025,nobias,unequalpi,0.379602212154055,0.17083914399251,0.703983114095248
FEL1,512,0.01,bias,equalpi,0.459606496792257,0.0329856055849974,0.539345451949433
FEL1,512,0.01,bias,unequalpi,0.450103227864965,0.0524310847159941,0.560453515246309
FEL1,512,0.01,nobias,equalpi,0.522689261723489,0.0139147829146864,0.442151158260964
FEL1,512,0.01,nobias,unequalpi,0.516543780493841,0.0473709251384498,0.473584520811708
FEL1,512,0.04,bias,equalpi,0.582047847577136,0.00184827673549611,0.391863222753949
FEL1,512,0.04,bias,unequalpi,0.595921567877471,0.0115985882538609,0.384023433492727
FEL1,512,0.04,nobias,equalpi,0.64351239583392,0.0140387860588819,0.33013899521529
FEL1,512,0.04,nobias,unequalpi,0.650924377567784,0.0124757423199696,0.318243425633397
FEL1,512,0.16,bias,equalpi,0.751599728982821,-0.00357447960282171,0.247978297260108
FEL1,512,0.16,bias,unequalpi,0.759949572288201,-0.00487914947750815,0.236508413838704
FEL1,512,0.16,nobias,equalpi,0.804889729612298,-0.00809326054388963,0.19802492126725
FEL1,512,0.16,nobias,unequalpi,0.806141654992878,-0.00272914375886429,0.19462988763236
FEL1,512,0.64,bias,equalpi,0.892428813552753,-0.00548300016214452,0.145116394414049
FEL1,512,0.64,bias,unequalpi,0.899193351893343,-0.00912613198547277,0.138951992448721
FEL1,512,0.64,nobias,equalpi,0.939931564804995,-0.0427951705562253,0.103127689769179
FEL1,512,0.64,nobias,unequalpi,0.938726919180236,-0.0421785889717661,0.103564664514954
FEL1,1024,0.0025,bias,equalpi,0.398560888345197,0.0830030372410666,0.65715124283044
FEL1,1024,0.0025,bias,unequalpi,0.404187787168418,0.0917745694983365,0.655817641673568
FEL1,1024,0.0025,nobias,equalpi,0.451457615959691,0.0645162837512031,0.579061783005434
FEL1,1024,0.0025,nobias,unequalpi,0.43076719848319,0.0586576053947178,0.559268038918649
FEL1,1024,0.01,bias,equalpi,0.506634034039109,0.0150897631467346,0.494121984386081
FEL1,1024,0.01,bias,unequalpi,0.507283699345073,0.0101719013924238,0.473776393851942
FEL1,1024,0.01,nobias,equalpi,0.552077777044182,0.0065147361626451,0.402612021359627
FEL1,1024,0.01,nobias,unequalpi,0.563474325524493,0.0237575361497367,0.406242100708879
FEL1,1024,0.04,bias,equalpi,0.603131223857599,0.00572011455649824,0.3761587751676
FEL1,1024,0.04,bias,unequalpi,0.614638184517128,0.0116275241674252,0.353631472360058
FEL1,1024,0.04,nobias,equalpi,0.682880741265449,0.00799540515127179,0.292030144873511
FEL1,1024,0.04,nobias,unequalpi,0.671540818371076,0.0164586926246355,0.300007830027533
FEL1,1024,0.16,bias,equalpi,0.774438773939522,-0.0046691195935849,0.229491737840904
FEL1,1024,0.16,bias,unequalpi,0.783203736322984,-0.00477399768180329,0.219681993911722
FEL1,1024,0.16,nobias,equalpi,0.826567960874715,-0.0133960401309168,0.181298344181822
FEL1,1024,0.16,nobias,unequalpi,0.835149587998199,-0.00780220854258856,0.175045101250502
FEL1,1024,0.64,bias,equalpi,0.904924720352584,-0.00952041683302622,0.133878025950017
FEL1,1024,0.64,bias,unequalpi,0.913104420144575,-0.0119711614378109,0.126933988146941
FEL1,1024,0.64,nobias,equalpi,0.951721669998562,-0.0442730935548046,0.0944333457112263
FEL1,1024,0.64,nobias,unequalpi,0.949694846483333,-0.0431282181934218,0.0945654580548307
FEL1,2048,0.0025,bias,equalpi,0.439731091979287,0.039618283013699,0.579111095321645
FEL1,2048,0.0025,bias,unequalpi,0.442130635112404,0.0430489019062371,0.566285526689995
FEL1,2048,0.0025,nobias,equalpi,0.513350263505305,0.0234271528593183,0.462811574033184
FEL1,2048,0.0025,nobias,unequalpi,0.516444039033779,0.0162033336432633,0.446694956058296
FEL1,2048,0.01,bias,equalpi,0.538549750321207,0.0106661223493834,0.4454491608024
FEL1,2048,0.01,bias,unequalpi,0.537869442090229,0.0251489840416174,0.460216514569309
FEL1,2048,0.01,nobias,equalpi,0.600100643067236,0.00632439953030951,0.368395756954573
FEL1,2048,0.01,nobias,unequalpi,0.596714991913811,0.0243028861005754,0.380081047181998
FEL1,2048,0.04,bias,equalpi,0.621324991623038,0.000926742816287939,0.354625857734608
FEL1,2048,0.04,bias,unequalpi,0.635531568460976,0.0161431744311093,0.344246055304969
FEL1,2048,0.04,nobias,equalpi,0.697021048937062,0.00152151298679868,0.280120762398933
FEL1,2048,0.04,nobias,unequalpi,0.693993740678228,0.0127503722135111,0.280770209576451
FEL1,2048,0.16,bias,equalpi,0.793053451774815,-0.0038494638815886,0.216587146720404
FEL1,2048,0.16,bias,unequalpi,0.80674932875672,-0.000637648671413626,0.203255508156216
FEL1,2048,0.16,nobias,equalpi,0.852568366951391,-0.0106966654424744,0.1652238607686
FEL1,2048,0.16,nobias,unequalpi,0.857132468303914,-0.00854859846030519,0.159593935527288
FEL1,2048,0.64,bias,equalpi,0.916720592000859,-0.00766222473670559,0.125378340917979
FEL1,2048,0.64,bias,unequalpi,0.917978365685477,-0.0139249593363623,0.12155209530479
FEL1,2048,0.64,nobias,equalpi,0.962524818713739,-0.0436351613760857,0.0852150550239118
FEL1,2048,0.64,nobias,unequalpi,0.958034784135516,-0.0437443885249927,0.0887567365126273
FEL2,128,0.0025,bias,equalpi,0.302071580258482,-0.474389045719409,0.548855904255465
FEL2,128,0.0025,bias,unequalpi,0.133209503249266,-0.448130908255699,0.555792538887255
FEL2,128,0.0025,nobias,equalpi,0.310921473633092,-0.373056507183314,0.474095205933979
FEL2,128,0.0025,nobias,unequalpi,0.521079724847573,-0.336402174366864,0.416530180361112
FEL2,128,0.01,bias,equalpi,0.415257603727417,-0.316059395354195,0.498419211044023
FEL2,128,0.01,bias,unequalpi,0.0574181561552734,-0.264540208682668,0.525075218933051
FEL2,128,0.01,nobias,equalpi,0.419911924821154,-0.138953597385697,0.552480560909135
FEL2,128,0.01,nobias,unequalpi,0.449392695511655,-0.10832503117159,0.487553431074705
FEL2,128,0.04,bias,equalpi,0.368657790904199,0.0435963543230036,0.731572632548666
FEL2,128,0.04,bias,unequalpi,0.386058635308347,0.0812496724370799,0.876767394746705
FEL2,128,0.04,nobias,equalpi,0.452643166753246,0.149822539925361,0.803176325204203
FEL2,128,0.04,nobias,unequalpi,0.469048315768348,0.164914632790923,0.765190612781467
FEL2,128,0.16,bias,equalpi,0.441560383284325,0.123446685797429,0.815882167616955
FEL2,128,0.16,bias,unequalpi,0.48178032036826,0.125671981791371,0.73264278559706
FEL2,128,0.16,nobias,equalpi,0.59773622978103,0.0342468789562376,0.405341428268397
FEL2,128,0.16,nobias,unequalpi,0.546149164803219,0.0786907838369872,0.637351035715965
FEL2,128,0.64,bias,equalpi,0.719215370059425,-0.0279605461487993,0.29146586389075
FEL2,128,0.64,bias,unequalpi,0.70670270920362,-0.0309116347905632,0.303381622072559
FEL2,128,0.64,nobias,equalpi,0.810642880041664,-0.0859659925410816,0.19490487138949
FEL2,128,0.64,nobias,unequalpi,0.785123441867707,-0.0954433531872602,0.207818405848766
FEL2,256,0.0025,nobias,equalpi,0.256042451785679,-0.284288775797639,0.492070642392005
FEL2,256,0.01,bias,equalpi,0.382126245927054,-0.101885011336259,0.641035783717745
FEL2,256,0.01,bias,unequalpi,0.494984808875524,-0.143639477273053,0.523715776191284
FEL2,256,0.01,nobias,equalpi,0.425584849148664,0.0107081487197561,0.65388988051543
FEL2,256,0.01,nobias,unequalpi,0.44409185809649,-0.0728631738113883,0.588002063832606
FEL2,256,0.04,bias,equalpi,0.437078157273833,0.147032256964997,0.82944074761292
FEL2,256,0.04,bias,unequalpi,0.399693987460807,0.207440333508179,0.989057190124975
FEL2,256,0.04,nobias,equalpi,0.46348363320116,0.127545941434917,0.722352721991505
FEL2,256,0.04,nobias,unequalpi,0.456168550799412,0.130264921681502,0.701105225309306
FEL2,256,0.16,bias,equalpi,0.580605907206325,0.0392654881453209,0.465421689108462
FEL2,256,0.16,bias,unequalpi,0.586785938524308,0.0467086030394905,0.450323480620239
FEL2,256,0.16,nobias,equalpi,0.68815218560899,-0.00238910352254911,0.288608229448662
FEL2,256,0.16,nobias,unequalpi,0.683870037433495,0.0168065109517747,0.299090191589232
FEL2,256,0.64,bias,equalpi,0.788714134696176,-0.0435859636439407,0.222087982967281
FEL2,256,0.64,bias,unequalpi,0.773825293349298,-0.0492520583619444,0.232338238418655
FEL2,256,0.64,nobias,equalpi,0.872722482125392,-0.096052137199149,0.164763120982383
FEL2,256,0.64,nobias,unequalpi,0.859299417707287,-0.10165405356937,0.172666358252133
FEL2,512,0.0025,bias,equalpi,0.498633712012559,-0.293638028709527,0.433183890109944
FEL2,512,0.0025,bias,unequalpi,0.319602956832417,-0.358680552209672,0.487338507169425
FEL2,512,0.0025,nobias,equalpi,0.318177927144689,-0.237948897924338,0.483446982563182
FEL2,512,0.0025,nobias,unequalpi,0.40067835768559,-0.195974056066761,0.497210541426575
FEL2,512,0.01,bias,equalpi,0.426394507681355,0.0734180222910533,0.698814279975667
FEL2,512,0.01,bias,unequalpi,0.33999886187157,0.119620131613427,0.884430740210683
FEL2,512,0.01,nobias,equalpi,0.380001939427776,0.158339644084879,0.88649287195553
FEL2,512,0.01,nobias,unequalpi,0.472989838782696,0.132980426960784,0.691717617058783
FEL2,512,0.04,bias,equalpi,0.442655471189786,0.136806580441808,0.831451636731259
FEL2,512,0.04,bias,unequalpi,0.441442987712935,0.15925602531542,0.850285329368851
FEL2,512,0.04,nobias,equalpi,0.550402686228578,0.0618699292246425,0.463344479817017
FEL2,512,0.04,nobias,unequalpi,0.512945274920166,0.0703886936507781,0.518122936298463
FEL2,512,0.16,bias,equalpi,0.640077270977104,0.0349663763570473,0.562147497261488
FEL2,512,0.16,bias,unequalpi,0.634021440677018,0.0211708813890716,0.380893075442164
FEL2,512,0.16,nobias,equalpi,0.755199482008483,-0.012100212493813,0.23109990790247
FEL2,512,0.16,nobias,unequalpi,0.736053893549136,-0.00766507816244055,0.2420279185031
FEL2,512,0.64,bias,equalpi,0.82998957290608,-0.0508761528400274,0.189894267262709
FEL2,512,0.64,bias,unequalpi,0.824918834704397,-0.0537049720656815,0.198682435256367
FEL2,512,0.64,nobias,equalpi,0.909428938267224,-0.100082458931923,0.149592653732143
FEL2,512,0.64,nobias,unequalpi,0.899157902184389,-0.106363427791091,0.15785886930811
FEL2,1024,0.0025,bias,equalpi,0.357696243179947,-0.106452711304192,0.6007614784548
FEL2,1024,0.0025,bias,unequalpi,0.385848463229931,-0.14819114051572,0.600452432728572
FEL2,1024,0.0025,nobias,equalpi,0.362816965683546,0.0702122292475994,0.879707178457047
FEL2,1024,0.0025,nobias,unequalpi,0.372255083903093,0.0216788947637236,0.675840351492613
FEL2,1024,0.01,bias,equalpi,0.404956814850657,0.14761616359266,0.891855778325458
FEL2,1024,0.01,bias,unequalpi,0.32207898845897,0.222267038128428,1.10527876797549
FEL2,1024,0.01,nobias,equalpi,0.468351284527507,0.128461102023386,0.666098199351572
FEL2,1024,0.01,nobias,unequalpi,0.420418812843818,0.144475598837777,0.755900042086483
FEL2,1024,0.04,bias,equalpi,0.496001496435871,0.0842588856348443,0.615885430004774
FEL2,1024,0.04,bias,unequalpi,0.462104128618804,0.116251221270022,0.711656772875158
FEL2,1024,0.04,nobias,equalpi,0.610833779280092,0.0251277298266911,0.363014621189125
FEL2,1024,0.04,nobias,unequalpi,0.598316002100581,0.0339432816319857,0.369503502721706
FEL2,1024,0.16,bias,equalpi,0.683572149795439,-0.000598439779658555,0.323807378481607
FEL2,1024,0.16,bias,unequalpi,0.680631223988707,-0.00194492224998383,0.323887940435725
FEL2,1024,0.16,nobias,equalpi,0.788745181607048,-0.0246165414820393,0.20281174175289
FEL2,1024,0.16,nobias,unequalpi,0.791995050572451,-0.0205232642847832,0.199899096295498
FEL2,1024,0.64,bias,equalpi,0.862233907732342,-0.0536881397761312,0.167529430475795
FEL2,1024,0.64,bias,unequalpi,0.860884734889407,-0.0602501993805731,0.171132292997774
FEL2,1024,0.64,nobias,equalpi,0.929687956985869,-0.101850767485815,0.141881858527592
FEL2,1024,0.64,nobias,unequalpi,0.922663805730171,-0.109540687603822,0.150504194615936
FEL2,2048,0.0025,bias,equalpi,0.409799820116025,0.0540797216461429,0.683863119200093
FEL2,2048,0.0025,bias,unequalpi,0.406426365974421,0.117674686395524,0.81170214576097
FEL2,2048,0.0025,nobias,equalpi,0.428102711742428,0.149376209435708,0.824394487033296
FEL2,2048,0.0025,nobias,unequalpi,0.373338394790953,0.114172686383576,0.714555937577795
FEL2,2048,0.01,bias,equalpi,0.403451542585679,0.225976144673724,1.12460168473211
FEL2,2048,0.01,bias,unequalpi,0.388754752039684,0.28570849418822,1.23904057755146
FEL2,2048,0.01,nobias,equalpi,0.525093685398797,0.0687316327484555,0.53151232351812
FEL2,2048,0.01,nobias,unequalpi,0.517388426683726,0.094919394267851,0.597467250233169
FEL2,2048,0.04,bias,equalpi,0.536416030677769,0.0565660253891886,0.539396970813976
FEL2,2048,0.04,bias,unequalpi,0.542110432241745,0.0694203696833148,0.523193446109266
FEL2,2048,0.04,nobias,equalpi,0.667395925422548,0.00339454700945795,0.306299291540789
FEL2,2048,0.04,nobias,unequalpi,0.651421146499865,0.0170237426261458,0.316455595130544
FEL2,2048,0.16,bias,equalpi,0.725508216374461,-0.00413399585138402,0.283344816087538
FEL2,2048,0.16,bias,unequalpi,0.728156273701208,-0.000846325609297555,0.279064678348964
FEL2,2048,0.16,nobias,equalpi,0.82482455529881,-0.0265649270586538,0.179742989638803
FEL2,2048,0.16,nobias,unequalpi,0.821336367956817,-0.0250659258425374,0.180041762063991
FEL2,2048,0.64,bias,equalpi,0.884492890569531,-0.0535362683628458,0.153531026645219
FEL2,2048,0.64,bias,unequalpi,0.874949959294428,-0.0642096853884149,0.160959448755631
FEL2,2048,0.64,nobias,equalpi,0.948989136319171,-0.101696490975233,0.133444653358428
FEL2,2048,0.64,nobias,unequalpi,0.939955043234042,-0.110221467504624,0.143873153635638
FUBAR1,128,0.0025,bias,equalpi,0.163882833306563,0.245593224883724,0.729454073147528
FUBAR1,128,0.0025,bias,unequalpi,0.170461387283899,0.196466459748896,0.688898608208204
FUBAR1,128,0.0025,nobias,equalpi,0.180258238042687,0.227040089683736,0.604857081979547
FUBAR1,128,0.0025,nobias,unequalpi,0.193105748443924,0.196086714726774,0.550380555523119
FUBAR1,128,0.01,bias,equalpi,0.294218837870408,0.0841553498997187,0.459016142601498
FUBAR1,128,0.01,bias,unequalpi,0.273138332752818,0.0744372508496632,0.476549374386803
FUBAR1,128,0.01,nobias,equalpi,0.343176589008977,0.0983066556015871,0.396960450521963
FUBAR1,128,0.01,nobias,unequalpi,0.346123208183339,0.0770320701267736,0.36794079767366
FUBAR1,128,0.04,bias,equalpi,0.496370897410243,0.0296415982813225,0.389868915587168
FUBAR1,128,0.04,bias,unequalpi,0.494836662622855,0.0218760060749289,0.363428494845606
FUBAR1,128,0.04,nobias,equalpi,0.562356128833495,0.0456356611672903,0.328484144451871
FUBAR1,128,0.04,nobias,unequalpi,0.554029824615912,0.0489541758667735,0.320091870726272
FUBAR1,128,0.16,bias,equalpi,0.683399186214108,0.011101735108402,0.275793919287253
FUBAR1,128,0.16,bias,unequalpi,0.686380414584718,0.0128814286631842,0.263076720128301
FUBAR1,128,0.16,nobias,equalpi,0.745040120185157,0.0234906136397257,0.232961101192259
FUBAR1,128,0.16,nobias,unequalpi,0.747257087991904,0.0296827929067735,0.227188458825854
FUBAR1,128,0.64,bias,equalpi,0.85127163640759,0.0221171220153204,0.174620912837347
FUBAR1,128,0.64,bias,unequalpi,0.852247758519128,0.0223996521546276,0.17022388005422
FUBAR1,128,0.64,nobias,equalpi,0.899889839026137,0.0192091543501248,0.135699703920166
FUBAR1,128,0.64,nobias,unequalpi,0.899412478326833,0.0231032459367735,0.133723460460698
FUBAR1,256,0.0025,bias,equalpi,0.186662875767224,0.130921677280176,0.548527286958547
FUBAR1,256,0.0025,bias,unequalpi,0.210189393837482,0.114547702544459,0.526742942976257
FUBAR1,256,0.0025,nobias,equalpi,0.228963721846187,0.148219163976574,0.488595879636951
FUBAR1,256,0.0025,nobias,unequalpi,0.238038412702216,0.142327882526774,0.496453001414511
FUBAR1,256,0.01,bias,equalpi,0.365302945715923,0.0495697671684166,0.455330670879907
FUBAR1,256,0.01,bias,unequalpi,0.375275524860198,0.0529962427589368,0.43822148158016
FUBAR1,256,0.01,nobias,equalpi,0.421428484670007,0.065055101316213,0.382993536715389
FUBAR1,256,0.01,nobias,unequalpi,0.43630502862849,0.0417156903267735,0.349337348821679
FUBAR1,256,0.04,bias,equalpi,0.557569898233486,0.0197594945437171,0.366085562353325
FUBAR1,256,0.04,bias,unequalpi,0.550173576637489,0.0175858952674457,0.353122325632048
FUBAR1,256,0.04,nobias,equalpi,0.632932758666009,0.029824995043353,0.302629859455108
FUBAR1,256,0.04,nobias,unequalpi,0.616919492271564,0.0322003958867735,0.305351294253404
FUBAR1,256,0.16,bias,equalpi,0.723635321678906,0.00755650219058138,0.258172101282478
FUBAR1,256,0.16,bias,unequalpi,0.730254064327481,0.00786116644277895,0.242022535463908
FUBAR1,256,0.16,nobias,equalpi,0.778424020292927,0.0188857264849111,0.213174328598301
FUBAR1,256,0.16,nobias,unequalpi,0.785297008846194,0.0298636056807735,0.209088973925181
FUBAR1,256,0.64,bias,equalpi,0.87800872179762,0.0200435813498694,0.157178772217285
FUBAR1,256,0.64,bias,unequalpi,0.874572339211303,0.0196533389416056,0.155597439334046
FUBAR1,256,0.64,nobias,equalpi,0.928307030362254,0.0167071623256548,0.113752024225138
FUBAR1,256,0.64,nobias,unequalpi,0.925261712434952,0.0244559232927735,0.117167170526014
FUBAR1,512,0.0025,bias,equalpi,0.289733560063919,0.0896190564808845,0.473628819053816
FUBAR1,512,0.0025,bias,unequalpi,0.291642782714937,0.0696820801632556,0.467935419934518
FUBAR1,512,0.0025,nobias,equalpi,0.356679813274069,0.084884073513494,0.369786895485981
FUBAR1,512,0.0025,nobias,unequalpi,0.327174446347688,0.0800422647267735,0.39413420491885
FUBAR1,512,0.01,bias,equalpi,0.448932730648042,0.0322586946601434,0.422702899604386
FUBAR1,512,0.01,bias,unequalpi,0.439527859977213,0.0391693378477731,0.435224011903259
FUBAR1,512,0.01,nobias,equalpi,0.51680752665333,0.0405019977183893,0.353937019586233
FUBAR1,512,0.01,nobias,unequalpi,0.504981196288728,0.0563000336667735,0.378287365030837
FUBAR1,512,0.04,bias,equalpi,0.580369953267481,0.0124818068381836,0.361963277553991
FUBAR1,512,0.04,bias,unequalpi,0.598716014633518,0.0156392641834812,0.347454886132952
FUBAR1,512,0.04,nobias,equalpi,0.64735930301458,0.0335192564581805,0.310518921791253
FUBAR1,512,0.04,nobias,unequalpi,0.65828086654296,0.0300451375467735,0.29376646971184
FUBAR1,512,0.16,bias,equalpi,0.755800590885779,0.00805683564193512,0.239337089693603
FUBAR1,512,0.16,bias,unequalpi,0.765549437950829,0.00517338805565659,0.226287717457877
FUBAR1,512,0.16,nobias,equalpi,0.808638584746918,0.0197285754287764,0.198776673092937
FUBAR1,512,0.16,nobias,unequalpi,0.811801182600023,0.0251670725147735,0.194568431086439
FUBAR1,512,0.64,bias,equalpi,0.89596955125153,0.0219435664047131,0.145737988511138
FUBAR1,512,0.64,bias,unequalpi,0.90273575412283,0.0212556257443663,0.139417808008171
FUBAR1,512,0.64,nobias,equalpi,0.945432243354538,0.0138976937015148,0.0985315937689572
FUBAR1,512,0.64,nobias,unequalpi,0.944269979552484,0.0204927766373735,0.101068221772117
FUBAR1,1024,0.0025,bias,equalpi,0.352988189889913,0.0462316175391751,0.452325397297305
FUBAR1,1024,0.0025,bias,unequalpi,0.376776569262113,0.0447688552281462,0.446986604999831
FUBAR1,1024,0.0025,nobias,equalpi,0.423061331339758,0.0720656821693205,0.414647585531443
FUBAR1,1024,0.0025,nobias,unequalpi,0.405212511684481,0.0595829749267735,0.396381252039522
FUBAR1,1024,0.01,bias,equalpi,0.494333111404914,0.0226190027521482,0.436766285435385
FUBAR1,1024,0.01,bias,unequalpi,0.503457348198472,0.0213065986951852,0.421612923172963
FUBAR1,1024,0.01,nobias,equalpi,0.544261514919066,0.0341692733786232,0.369747778326361
FUBAR1,1024,0.01,nobias,unequalpi,0.561925086769394,0.0409655221467735,0.359822914050406
FUBAR1,1024,0.04,bias,equalpi,0.601832208613236,0.0117668995633201,0.359673948144369
FUBAR1,1024,0.04,bias,unequalpi,0.615580703013437,0.0137562862845221,0.334250165795236
FUBAR1,1024,0.04,nobias,equalpi,0.685689087026367,0.0289236289168952,0.287487401357888
FUBAR1,1024,0.04,nobias,unequalpi,0.673509317778368,0.0346838652427735,0.294660260764401
FUBAR1,1024,0.16,bias,equalpi,0.775012649231693,0.00935597391184999,0.228193321535388
FUBAR1,1024,0.16,bias,unequalpi,0.78617582139741,0.00637772536754208,0.215109230292717
FUBAR1,1024,0.16,nobias,equalpi,0.827507402296818,0.0165785001707236,0.186750851739204
FUBAR1,1024,0.16,nobias,unequalpi,0.840335721062484,0.0194003330515735,0.176615318295385
FUBAR1,1024,0.64,bias,equalpi,0.909094194080688,0.0177079123711934,0.134283650364478
FUBAR1,1024,0.64,bias,unequalpi,0.916344793491217,0.0204649370450924,0.128862604084858
FUBAR1,1024,0.64,nobias,equalpi,0.956532140685559,0.0128015669251008,0.0878065360416285
FUBAR1,1024,0.64,nobias,unequalpi,0.954237249407509,0.0218942887067735,0.0914261066377397
FUBAR1,2048,0.0025,bias,equalpi,0.420448418750415,0.0414295338916731,0.470345202542869
FUBAR1,2048,0.0025,bias,unequalpi,0.425607332567107,0.0360888593360554,0.455598928665152
FUBAR1,2048,0.0025,nobias,equalpi,0.494041730781346,0.0493302869800407,0.378543011379905
FUBAR1,2048,0.0025,nobias,unequalpi,0.501353584551802,0.0371924013067735,0.365370340331749
FUBAR1,2048,0.01,bias,equalpi,0.531922812591555,0.0227574176614485,0.419715698920252
FUBAR1,2048,0.01,bias,unequalpi,0.532611898731201,0.0248457056635059,0.42507256025019
FUBAR1,2048,0.01,nobias,equalpi,0.59718070847325,0.0304790599614143,0.356932432761858
FUBAR1,2048,0.01,nobias,unequalpi,0.592656485140967,0.0420434779867735,0.366021825306486
FUBAR1,2048,0.04,bias,equalpi,0.616024361225331,0.0112292703552353,0.352923535924063
FUBAR1,2048,0.04,bias,unequalpi,0.633615855623419,0.0157146447985394,0.332104440693064
FUBAR1,2048,0.04,nobias,equalpi,0.69342811956851,0.0227086559445421,0.28607431062238
FUBAR1,2048,0.04,nobias,unequalpi,0.694479681039664,0.0304145649247735,0.28254970870493
FUBAR1,2048,0.16,bias,equalpi,0.793769190373628,0.00620478679348847,0.214921203067608
FUBAR1,2048,0.16,bias,unequalpi,0.80779210112149,0.00707438818679008,0.200419035790641
FUBAR1,2048,0.16,nobias,equalpi,0.854443367914694,0.0166134758542422,0.170988641831806
FUBAR1,2048,0.16,nobias,unequalpi,0.859485459757155,0.0190212031819735,0.164647858732401
FUBAR1,2048,0.64,bias,equalpi,0.92009317579347,0.0185524669032956,0.126762177125229
FUBAR1,2048,0.64,bias,unequalpi,0.92137312053234,0.0212335651342873,0.124220634408313
FUBAR1,2048,0.64,nobias,equalpi,0.966400914246835,0.0129607147867208,0.0781050614060163
FUBAR1,2048,0.64,nobias,unequalpi,0.962731209267088,0.0193517947267735,0.0838670083859222
FUBAR2,128,0.0025,bias,equalpi,0.126480008933628,0.30088612763565,1.04852215030193
FUBAR2,128,0.0025,bias,unequalpi,0.123097154749623,0.212353259765667,0.855693328202978
FUBAR2,128,0.0025,nobias,equalpi,0.122340642978059,0.318544879552043,0.934795320944343
FUBAR2,128,0.0025,nobias,unequalpi,0.133036742835502,0.267196285566489,0.856690214496592
FUBAR2,128,0.01,bias,equalpi,0.224032713875748,0.331908061880006,0.862496498593673
FUBAR2,128,0.01,bias,unequalpi,0.184779305681192,0.322332049126873,0.907480059737338
FUBAR2,128,0.01,nobias,equalpi,0.245850478216944,0.336197738800448,0.801800071924563
FUBAR2,128,0.01,nobias,unequalpi,0.255824654264962,0.300818870619922,0.741221914538586
FUBAR2,128,0.04,bias,equalpi,0.397295369768398,0.22509576681176,0.706336910569571
FUBAR2,128,0.04,bias,unequalpi,0.382837772160292,0.232389814729446,0.709227851005493
FUBAR2,128,0.04,nobias,equalpi,0.461674717245404,0.207956170091916,0.603079589540602
FUBAR2,128,0.04,nobias,unequalpi,0.430156772817189,0.220130741163414,0.624097525185113
FUBAR2,128,0.16,bias,equalpi,0.539376825425738,0.105776674632182,0.52183072312483
FUBAR2,128,0.16,bias,unequalpi,0.556407151674676,0.111693095694151,0.488768491261227
FUBAR2,128,0.16,nobias,equalpi,0.6899814462538,0.0607456788650552,0.298153315055001
FUBAR2,128,0.16,nobias,unequalpi,0.669138192910078,0.0784253901496105,0.3242887608459
FUBAR2,128,0.64,bias,equalpi,0.766726421697726,0.00184421314206349,0.237020669646521
FUBAR2,128,0.64,bias,unequalpi,0.762422810898084,0.004198567260316,0.238566103053405
FUBAR2,128,0.64,nobias,equalpi,0.858513557264171,-0.0498466341367671,0.154450921225231
FUBAR2,128,0.64,nobias,unequalpi,0.8448916778369,-0.0529914511956911,0.160215237982164
FUBAR2,256,0.0025,bias,equalpi,0.130245609574786,0.32252581981152,0.904692095129301
FUBAR2,256,0.0025,bias,unequalpi,0.143206043131053,0.282751926058326,0.862581062397431
FUBAR2,256,0.0025,nobias,equalpi,0.170772198664853,0.360229441217336,0.904946001223139
FUBAR2,256,0.0025,nobias,unequalpi,0.167389525331821,0.34959809663632,0.916212199162979
FUBAR2,256,0.01,bias,equalpi,0.285176511691904,0.290031697345741,0.814954530605404
FUBAR2,256,0.01,bias,unequalpi,0.282476990217998,0.299410542209321,0.828271961442102
FUBAR2,256,0.01,nobias,equalpi,0.324122587993653,0.28091155814226,0.73243121760223
FUBAR2,256,0.01,nobias,unequalpi,0.322776496784582,0.245069242662537,0.700773262868643
FUBAR2,256,0.04,bias,equalpi,0.444430951436979,0.17973953944033,0.68769109899761
FUBAR2,256,0.04,bias,unequalpi,0.421981312196145,0.209500273708858,0.76152657063239
FUBAR2,256,0.04,nobias,equalpi,0.532619623402221,0.130980831870453,0.49751330582216
FUBAR2,256,0.04,nobias,unequalpi,0.521544654097487,0.143556623041673,0.510568516451967
FUBAR2,256,0.16,bias,equalpi,0.644043815628754,0.0502077758193438,0.355135792893532
FUBAR2,256,0.16,bias,unequalpi,0.644167941198872,0.0627742994072904,0.355035537736136
FUBAR2,256,0.16,nobias,equalpi,0.735613929424302,0.026463470869363,0.249148300413175
FUBAR2,256,0.16,nobias,unequalpi,0.746538138351691,0.0442265045781017,0.244770649814202
FUBAR2,256,0.64,bias,equalpi,0.818884742994194,-0.00761753281808396,0.191377548058804
FUBAR2,256,0.64,bias,unequalpi,0.811434185942322,-0.0108144504445594,0.195665625378457
FUBAR2,256,0.64,nobias,equalpi,0.90561166529863,-0.0669411860611526,0.132681324216048
FUBAR2,256,0.64,nobias,unequalpi,0.899485482368063,-0.0643415132816642,0.134076945906179
FUBAR2,512,0.0025,bias,equalpi,0.223935587837166,0.340280413666108,0.875147372030754
FUBAR2,512,0.0025,bias,unequalpi,0.231070731374683,0.308831244304169,0.838803770664621
FUBAR2,512,0.0025,nobias,equalpi,0.249788041243819,0.311964581037685,0.728977235405891
FUBAR2,512,0.0025,nobias,unequalpi,0.234692200929455,0.305597072527398,0.790695263548241
FUBAR2,512,0.01,bias,equalpi,0.361386660240756,0.226272145645912,0.727486954199091
FUBAR2,512,0.01,bias,unequalpi,0.33450268030623,0.277972510220934,0.860792141777579
FUBAR2,512,0.01,nobias,equalpi,0.412410861704699,0.193603800720423,0.612146230202311
FUBAR2,512,0.01,nobias,unequalpi,0.402279511099209,0.236497504179629,0.707396600165325
FUBAR2,512,0.04,bias,equalpi,0.485838802158339,0.12705681330283,0.619691963081408
FUBAR2,512,0.04,bias,unequalpi,0.498890682557779,0.135930691021322,0.606688028728811
FUBAR2,512,0.04,nobias,equalpi,0.596327979148998,0.0881492433084623,0.399258604786925
FUBAR2,512,0.04,nobias,unequalpi,0.600565646223774,0.0851426150152259,0.382249944720126
FUBAR2,512,0.16,bias,equalpi,0.682985273715062,0.0391712974026277,0.322879559983729
FUBAR2,512,0.16,bias,unequalpi,0.677388986314492,0.0439646178702239,0.325593240049517
FUBAR2,512,0.16,nobias,equalpi,0.781955731849445,0.0126126775343101,0.210963302196617
FUBAR2,512,0.16,nobias,unequalpi,0.772692123152097,0.0186487870200184,0.215383397204308
FUBAR2,512,0.64,bias,equalpi,0.846893309088623,-0.0135307432168986,0.171227524782494
FUBAR2,512,0.64,bias,unequalpi,0.848385249866725,-0.0141442316818039,0.17330562914809
FUBAR2,512,0.64,nobias,equalpi,0.928796288078885,-0.0767114460684945,0.12582509884167
FUBAR2,512,0.64,nobias,unequalpi,0.925288444040379,-0.0773998038343232,0.127648963803419
FUBAR2,1024,0.0025,bias,equalpi,0.276935568077285,0.28968756652835,0.846223869196242
FUBAR2,1024,0.0025,bias,unequalpi,0.278553470173727,0.276974451298576,0.849423055124474
FUBAR2,1024,0.0025,nobias,equalpi,0.322754366691611,0.294718165888905,0.80620338919811
FUBAR2,1024,0.0025,nobias,unequalpi,0.308329629565022,0.282612246018612,0.806107428373319
FUBAR2,1024,0.01,bias,equalpi,0.397288955074991,0.187171785394404,0.761694999559628
FUBAR2,1024,0.01,bias,unequalpi,0.413333911732614,0.179545670343108,0.706328023117092
FUBAR2,1024,0.01,nobias,equalpi,0.482650209465469,0.129691817631423,0.539439028741219
FUBAR2,1024,0.01,nobias,unequalpi,0.478338679753694,0.160262586726548,0.590527702575798
FUBAR2,1024,0.04,bias,equalpi,0.529459509427399,0.0900212646383279,0.518978504182508
FUBAR2,1024,0.04,bias,unequalpi,0.523861518478698,0.112161991906403,0.546995382937826
FUBAR2,1024,0.04,nobias,equalpi,0.659068672211876,0.0459955602769392,0.317465132280332
FUBAR2,1024,0.04,nobias,unequalpi,0.638943384896161,0.0575129818142809,0.332932438548957
FUBAR2,1024,0.16,bias,equalpi,0.698583891708227,0.0303175319734988,0.306816518566334
FUBAR2,1024,0.16,bias,unequalpi,0.697977739247814,0.0277717778509629,0.303692370307064
FUBAR2,1024,0.16,nobias,equalpi,0.803066724250803,-0.00160501410615759,0.191131598096337
FUBAR2,1024,0.16,nobias,unequalpi,0.812362487348905,0.00100621782981415,0.184926158468563
FUBAR2,1024,0.64,bias,equalpi,0.876989539803392,-0.015107312172086,0.14900822553515
FUBAR2,1024,0.64,bias,unequalpi,0.878992045712677,-0.0199131724178859,0.148687376542723
FUBAR2,1024,0.64,nobias,equalpi,0.941162066932837,-0.0805090227883803,0.122236124148156
FUBAR2,1024,0.64,nobias,unequalpi,0.939576948976778,-0.0798034231016989,0.122691154420677
FUBAR2,2048,0.0025,bias,equalpi,0.342877167380375,0.241911461571805,0.795711223586176
FUBAR2,2048,0.0025,bias,unequalpi,0.333476182486473,0.242820954601486,0.803820139671692
FUBAR2,2048,0.0025,nobias,equalpi,0.392828339397654,0.217329776255935,0.707694145556886
FUBAR2,2048,0.0025,nobias,unequalpi,0.381946343272207,0.205493965961446,0.706012144456115
FUBAR2,2048,0.01,bias,equalpi,0.42945629117589,0.169672483530357,0.764070919131531
FUBAR2,2048,0.01,bias,unequalpi,0.448860011989147,0.172312036407339,0.762701932724975
FUBAR2,2048,0.01,nobias,equalpi,0.571368851647571,0.0790767331791911,0.435348676333394
FUBAR2,2048,0.01,nobias,unequalpi,0.552707755344876,0.105734963066924,0.469644101766422
FUBAR2,2048,0.04,bias,equalpi,0.544463802115173,0.079645615514883,0.499534001575686
FUBAR2,2048,0.04,bias,unequalpi,0.554527208850237,0.0894483875300443,0.487838880254044
FUBAR2,2048,0.04,nobias,equalpi,0.675940298240598,0.0236723758480158,0.297572181013852
FUBAR2,2048,0.04,nobias,unequalpi,0.670344489688595,0.0352400795465152,0.300659578302247
FUBAR2,2048,0.16,bias,equalpi,0.727678128936813,0.0239075099043514,0.277423185030719
FUBAR2,2048,0.16,bias,unequalpi,0.737065065513147,0.0250934917098573,0.267898263237639
FUBAR2,2048,0.16,nobias,equalpi,0.834121925609104,-0.00676744144287642,0.172016633781651
FUBAR2,2048,0.16,nobias,unequalpi,0.835908866872194,-0.00394296322590678,0.168889047173202
FUBAR2,2048,0.64,bias,equalpi,0.894755087193521,-0.0169310132205083,0.137216312227763
FUBAR2,2048,0.64,bias,unequalpi,0.891207620909719,-0.0221292058618049,0.139326937769922
FUBAR2,2048,0.64,nobias,equalpi,0.950234855083077,-0.0802050095235346,0.117594571211681
FUBAR2,2048,0.64,nobias,unequalpi,0.946326349255678,-0.0831772599926349,0.121197459027938
SLAC1,128,0.0025,bias,equalpi,0.221492049923414,0.100682010062227,1.47156800951851
SLAC1,128,0.0025,bias,unequalpi,0.206823797524721,0.0350340088785877,1.37694505635855
SLAC1,128,0.0025,nobias,equalpi,0.240490354269042,0.0745197666337789,1.23145233702154
SLAC1,128,0.0025,nobias,unequalpi,0.239254611269633,0.0908059707908159,1.26198790574183
SLAC1,128,0.01,bias,equalpi,0.37060232444304,0.0175655285307162,0.745087830159518
SLAC1,128,0.01,bias,unequalpi,0.339233352404037,0.0428633019230452,0.795559907428364
SLAC1,128,0.01,nobias,equalpi,0.404675084177669,0.0342175019311812,0.65452875407874
SLAC1,128,0.01,nobias,unequalpi,0.391043763710003,0.0612758406613308,0.685366850129173
SLAC1,128,0.04,bias,equalpi,0.531325381733058,-0.0164017911006294,0.460151293922031
SLAC1,128,0.04,bias,unequalpi,0.503724766597178,0.00755580835894112,0.473461844983285
SLAC1,128,0.04,nobias,equalpi,0.58553403194911,0.0127511533501528,0.404429593479811
SLAC1,128,0.04,nobias,unequalpi,0.556025914179217,0.0417477880459011,0.425413765754882
SLAC1,128,0.16,bias,equalpi,0.683642773200282,-0.019865273198235,0.293384524679419
SLAC1,128,0.16,bias,unequalpi,0.677964295207878,0.0103000714865586,0.297282976900208
SLAC1,128,0.16,nobias,equalpi,0.746147050541164,-0.00572557069276497,0.242639715704357
SLAC1,128,0.16,nobias,unequalpi,0.73239921584865,0.0292836871194951,0.260973575511218
SLAC1,128,0.64,bias,equalpi,0.847481335917482,-0.000456839550088486,0.173184517163945
SLAC1,128,0.64,bias,unequalpi,0.846055179649099,0.0251918083979371,0.177865477746417
SLAC1,128,0.64,nobias,equalpi,0.894178416785095,-0.00403145232335549,0.13173024882137
SLAC1,128,0.64,nobias,unequalpi,0.886948801562651,0.0154323372773138,0.137128299117059
SLAC1,256,0.0025,bias,equalpi,0.261698257737255,0.00369370786273219,0.950808059407218
SLAC1,256,0.0025,bias,unequalpi,0.272747370071167,0.0526641564202923,1.01539379075272
SLAC1,256,0.0025,nobias,equalpi,0.31794408465866,0.0440513760689947,0.874434486418786
SLAC1,256,0.0025,nobias,unequalpi,0.304476748683125,0.10721637242822,0.988205599478672
SLAC1,256,0.01,bias,equalpi,0.429342806796707,0.000567379097462907,0.615500081869128
SLAC1,256,0.01,bias,unequalpi,0.427995970388933,0.062113535346847,0.655176145650462
SLAC1,256,0.01,nobias,equalpi,0.47807438412129,0.0106401496340015,0.519205963643666
SLAC1,256,0.01,nobias,unequalpi,0.467776377386203,0.0192852406353507,0.515214094820232
SLAC1,256,0.04,bias,equalpi,0.574142093350939,-0.0132991884329457,0.402196387452635
SLAC1,256,0.04,bias,unequalpi,0.554484196575589,0.0186545082222014,0.418317499595451
SLAC1,256,0.04,nobias,equalpi,0.637011558010184,-0.00345312597059796,0.335998582677713
SLAC1,256,0.04,nobias,unequalpi,0.614554426715817,0.022004059678419,0.356174572778389
SLAC1,256,0.16,bias,equalpi,0.722887009430695,-0.0216938113860567,0.263561884405096
SLAC1,256,0.16,bias,unequalpi,0.720263725546117,0.00998086046438067,0.263454887561145
SLAC1,256,0.16,nobias,equalpi,0.78033567986435,-0.0107533342655095,0.212044347030093
SLAC1,256,0.16,nobias,unequalpi,0.773571745074963,0.0279406606863155,0.226605028826441
SLAC1,256,0.64,bias,equalpi,0.872527433492743,-0.000599501016057434,0.154484168768271
SLAC1,256,0.64,bias,unequalpi,0.864419272892136,0.0240333341758656,0.161312808028239
SLAC1,256,0.64,nobias,equalpi,0.919371252928201,-0.00422249568173489,0.111734970667041
SLAC1,256,0.64,nobias,unequalpi,0.910657849889839,0.016208040948519,0.119259819937969
SLAC1,512,0.0025,bias,equalpi,0.364809770329824,0.0100660700908753,0.75233508322887
SLAC1,512,0.0025,bias,unequalpi,0.356354325096798,0.0323221509557722,0.785067643004699
SLAC1,512,0.0025,nobias,equalpi,0.413779964159676,0.0213235354230728,0.63676090449683
SLAC1,512,0.0025,nobias,unequalpi,0.39026239140841,0.0601395670625981,0.69039500730156
SLAC1,512,0.01,bias,equalpi,0.485859608731707,0.000105593224961983,0.509546131470992
SLAC1,512,0.01,bias,unequalpi,0.471442353125259,0.0352207602409075,0.545210700418712
SLAC1,512,0.01,nobias,equalpi,0.539872111176152,0.00462104265393018,0.425936580346318
SLAC1,512,0.01,nobias,unequalpi,0.529416965357172,0.071526112237692,0.491360251266033
SLAC1,512,0.04,bias,equalpi,0.594523839288214,-0.0197051139749895,0.367240663935229
SLAC1,512,0.04,bias,unequalpi,0.598084575396561,0.0155642177946297,0.382330669499514
SLAC1,512,0.04,nobias,equalpi,0.658246164408624,0.00629044653462886,0.313815492111315
SLAC1,512,0.04,nobias,unequalpi,0.655194983259615,0.0270969567758153,0.322685982489649
SLAC1,512,0.16,bias,equalpi,0.756249988058423,-0.0201459849711131,0.236151704931807
SLAC1,512,0.16,bias,unequalpi,0.757067665197075,0.00466472556483275,0.237471967155257
SLAC1,512,0.16,nobias,equalpi,0.811503572603311,-0.0071652756527192,0.191862505349822
SLAC1,512,0.16,nobias,unequalpi,0.802624135232068,0.0244802910112049,0.203690304312168
SLAC1,512,0.64,bias,equalpi,0.889755809637921,0.00159142731895194,0.140902115130373
SLAC1,512,0.64,bias,unequalpi,0.891010360070256,0.0272579176263615,0.145106401682093
SLAC1,512,0.64,nobias,equalpi,0.935875069158934,-0.00539420678935111,0.0980720346934164
SLAC1,512,0.64,nobias,unequalpi,0.928990467629937,0.0168301955316585,0.105938320868405
SLAC1,1024,0.0025,bias,equalpi,0.417125124557532,-0.014617772693527,0.599558570793288
SLAC1,1024,0.0025,bias,unequalpi,0.425254328069384,0.0381310111242684,0.640930275877403
SLAC1,1024,0.0025,nobias,equalpi,0.473080568768854,0.0263075291566599,0.548288678462124
SLAC1,1024,0.0025,nobias,unequalpi,0.443693372439466,0.0380789954231501,0.560098174039674
SLAC1,1024,0.01,bias,equalpi,0.524692659825425,-0.0126909933814295,0.460739715037585
SLAC1,1024,0.01,bias,unequalpi,0.515898821734797,0.0189737663548658,0.476652860827891
SLAC1,1024,0.01,nobias,equalpi,0.570257952510117,-0.00212792953156228,0.383959934314465
SLAC1,1024,0.01,nobias,unequalpi,0.561505903444827,0.0467806550182595,0.425880331985072
SLAC1,1024,0.04,bias,equalpi,0.61441131503849,-0.0191440695356537,0.352098603457529
SLAC1,1024,0.04,bias,unequalpi,0.615492375720731,0.0143930400287027,0.350451173271415
SLAC1,1024,0.04,nobias,equalpi,0.697008957031587,-0.00186322788921805,0.277610185078666
SLAC1,1024,0.04,nobias,unequalpi,0.674379190857479,0.0302469725013335,0.305145493087008
SLAC1,1024,0.16,bias,equalpi,0.777002293388016,-0.021912785463969,0.220542592804254
SLAC1,1024,0.16,bias,unequalpi,0.775775328147342,0.00868582744188865,0.224822569350389
SLAC1,1024,0.16,nobias,equalpi,0.829634433602118,-0.0117032402678226,0.178067490263188
SLAC1,1024,0.16,nobias,unequalpi,0.827815207986095,0.0183180639539432,0.184969917547944
SLAC1,1024,0.64,bias,equalpi,0.901926657947986,-0.000130587159811565,0.13110405492986
SLAC1,1024,0.64,bias,unequalpi,0.904236614025086,0.0280431179023926,0.13519119418416
SLAC1,1024,0.64,nobias,equalpi,0.947077201790844,-0.00658659611310197,0.0882851086720269
SLAC1,1024,0.64,nobias,unequalpi,0.938655862774535,0.0168598901092931,0.0964270525979219
SLAC1,2048,0.0025,bias,equalpi,0.463374790394398,0.000410445105951433,0.535742662422538
SLAC1,2048,0.0025,bias,unequalpi,0.455599037147535,0.0419492629268842,0.57289886959587
SLAC1,2048,0.0025,nobias,equalpi,0.529466477809698,0.013685483539037,0.445775114961654
SLAC1,2048,0.0025,nobias,unequalpi,0.522423366352296,0.0397250730079403,0.468794742938907
SLAC1,2048,0.01,bias,equalpi,0.550642787028053,-0.0202784132798965,0.413205917142345
SLAC1,2048,0.01,bias,unequalpi,0.541546226645644,0.0308941414150891,0.459153504625213
SLAC1,2048,0.01,nobias,equalpi,0.612598457612716,-0.00781962417639056,0.349721577266874
SLAC1,2048,0.01,nobias,unequalpi,0.597526118963234,0.0395627799086247,0.387948227112427
SLAC1,2048,0.04,bias,equalpi,0.632320649348755,-0.0244598777749903,0.33263479876337
SLAC1,2048,0.04,bias,unequalpi,0.634369228527478,0.0206507879078072,0.345072100110738
SLAC1,2048,0.04,nobias,equalpi,0.709417183656352,-0.0054126941401281,0.269137055507432
SLAC1,2048,0.04,nobias,unequalpi,0.696014961366295,0.0317651004469697,0.289249880479496
SLAC1,2048,0.16,bias,equalpi,0.795507142628893,-0.0179424085183093,0.209136492829267
SLAC1,2048,0.16,bias,unequalpi,0.798221342441545,0.011699070428276,0.209440032748994
SLAC1,2048,0.16,nobias,equalpi,0.851402632629196,-0.00800705349732056,0.16480703341167
SLAC1,2048,0.16,nobias,unequalpi,0.847655504835066,0.0192968121510715,0.171457070978014
SLAC1,2048,0.64,bias,equalpi,0.913903056146843,0.00132752160389659,0.122963043833285
SLAC1,2048,0.64,bias,unequalpi,0.909115013472501,0.0270033914264224,0.129438329513046
SLAC1,2048,0.64,nobias,equalpi,0.957650360458732,-0.00531996904826085,0.0787075740337695
SLAC1,2048,0.64,nobias,unequalpi,0.947888807400953,0.016045801242904,0.0896452748047821
SLAC2,128,0.0025,bias,equalpi,0.254794486312091,-0.429734810253722,0.519780457067509
SLAC2,128,0.0025,bias,unequalpi,0.228417570405873,-0.424609232461485,0.532701045523123
SLAC2,128,0.0025,nobias,equalpi,0.183190000068436,-0.382647957522137,0.484677866257553
SLAC2,128,0.0025,nobias,unequalpi,0.301469232815744,-0.389643022706631,0.483927444992954
SLAC2,128,0.01,bias,equalpi,0.382271305823855,-0.227671011603828,0.50128614412939
SLAC2,128,0.01,bias,unequalpi,0.343546731035029,-0.213871636770936,0.53742786341952
SLAC2,128,0.01,nobias,equalpi,0.402174191397743,-0.156003047654181,0.489110326663589
SLAC2,128,0.01,nobias,unequalpi,0.358576126673781,-0.163920291348477,0.496516671020115
SLAC2,128,0.04,bias,equalpi,0.434790735131338,0.0766159826225136,0.746976444857465
SLAC2,128,0.04,bias,unequalpi,0.416088104465817,0.116914727529411,0.765694230326991
SLAC2,128,0.04,nobias,equalpi,0.482861637445757,0.12691022506777,0.701833664445223
SLAC2,128,0.04,nobias,unequalpi,0.443760699822551,0.158579150570989,0.739581809802446
SLAC2,128,0.16,bias,equalpi,0.484936319000089,0.108464468330811,0.682740593690946
SLAC2,128,0.16,bias,unequalpi,0.497705240223348,0.164019147070303,0.716258376143997
SLAC2,128,0.16,nobias,equalpi,0.638894553698144,0.0484996210819715,0.37353332615399
SLAC2,128,0.16,nobias,unequalpi,0.582579769514438,0.106164918006335,0.47143981333495
SLAC2,128,0.64,bias,equalpi,0.794237136880566,0.0259094206548992,0.231755835976134
SLAC2,128,0.64,bias,unequalpi,0.776764871881352,0.057629320194396,0.253686690441702
SLAC2,128,0.64,nobias,equalpi,0.855931537275506,0.00838771258054693,0.163681143792278
SLAC2,128,0.64,nobias,unequalpi,0.834781482851737,0.0302272651016914,0.179024691354269
SLAC2,256,0.0025,bias,equalpi,0.337595612157311,-0.352742703994395,0.498369565769256
SLAC2,256,0.0025,bias,unequalpi,0.286184741701603,-0.339094292465266,0.515838160229636
SLAC2,256,0.0025,nobias,equalpi,0.328650736532475,-0.295188225531388,0.45780366972506
SLAC2,256,0.0025,nobias,unequalpi,0.335354384841095,-0.299479046827244,0.484105475643312
SLAC2,256,0.01,bias,equalpi,0.380910720168236,-0.0759920781545786,0.631455908160963
SLAC2,256,0.01,bias,unequalpi,0.389921453625161,-0.0177102408554631,0.649978570449445
SLAC2,256,0.01,nobias,equalpi,0.401388781914883,0.0162922507397979,0.669530249554785
SLAC2,256,0.01,nobias,unequalpi,0.390857264494668,-0.00542370703456239,0.613953375851319
SLAC2,256,0.04,bias,equalpi,0.455983029619243,0.154657799352064,0.825248241950976
SLAC2,256,0.04,bias,unequalpi,0.42125682981419,0.231705253385241,0.964820355892951
SLAC2,256,0.04,nobias,equalpi,0.484629175606902,0.119994018352481,0.669465700344661
SLAC2,256,0.04,nobias,unequalpi,0.456483449457204,0.174533962867047,0.759468886220444
SLAC2,256,0.16,bias,equalpi,0.623502742995112,0.0403397772649551,0.411204842767029
SLAC2,256,0.16,bias,unequalpi,0.610785775705734,0.0884800200283287,0.442985611371328
SLAC2,256,0.16,nobias,equalpi,0.723811785437381,0.0143400992075441,0.267657505681679
SLAC2,256,0.16,nobias,unequalpi,0.703200574691438,0.0650700823918553,0.307601864778079
SLAC2,256,0.64,bias,equalpi,0.84285917474855,0.0138124101035571,0.183471760655585
SLAC2,256,0.64,bias,unequalpi,0.820998016376733,0.0442539852731738,0.206325632674099
SLAC2,256,0.64,nobias,equalpi,0.895271546269392,0.00320955896830811,0.131674987677056
SLAC2,256,0.64,nobias,unequalpi,0.880585726976753,0.0235746033427976,0.14251860145187
SLAC2,512,0.0025,bias,equalpi,0.396097837357825,-0.233963721395751,0.484839008045755
SLAC2,512,0.0025,bias,unequalpi,0.358845495716064,-0.218227987747823,0.521381233735798
SLAC2,512,0.0025,nobias,equalpi,0.399885572722276,-0.169264565354581,0.482557992488337
SLAC2,512,0.0025,nobias,unequalpi,0.372371752364011,-0.164094101164651,0.496850575764919
SLAC2,512,0.01,bias,equalpi,0.40663823769481,0.0845057951482061,0.763011281425698
SLAC2,512,0.01,bias,unequalpi,0.385128332487955,0.14075255560548,0.8495487561806
SLAC2,512,0.01,nobias,equalpi,0.421333338377655,0.126007616195191,0.765488786055763
SLAC2,512,0.01,nobias,unequalpi,0.428594568105285,0.199044037710002,0.873177107707276
SLAC2,512,0.04,bias,equalpi,0.452834565341926,0.131301950542388,0.78116184766287
SLAC2,512,0.04,bias,unequalpi,0.464985006836273,0.188998013938839,0.823114289321296
SLAC2,512,0.04,nobias,equalpi,0.567672242713588,0.0654037879658724,0.450952086269648
SLAC2,512,0.04,nobias,unequalpi,0.530944398767038,0.111125597333157,0.532211411791429
SLAC2,512,0.16,bias,equalpi,0.696879545970004,0.0215391817834568,0.322661956044797
SLAC2,512,0.16,bias,unequalpi,0.672223605311168,0.0577035757271559,0.355527790101196
SLAC2,512,0.16,nobias,equalpi,0.778881815410597,0.00648862120513797,0.220880175405003
SLAC2,512,0.16,nobias,unequalpi,0.755634615950057,0.0428502212057434,0.246757675021876
SLAC2,512,0.64,bias,equalpi,0.874930924956107,0.00921760674786225,0.155688537441686
SLAC2,512,0.64,bias,unequalpi,0.867498372288796,0.0391111750709828,0.172283929051127
SLAC2,512,0.64,nobias,equalpi,0.919880940321256,-0.000996599948398969,0.111416369965897
SLAC2,512,0.64,nobias,unequalpi,0.911959550683035,0.0206661522099596,0.119864009660198
SLAC2,1024,0.0025,bias,equalpi,0.3913749129589,-0.0880553552129143,0.595242998094603
SLAC2,1024,0.0025,bias,unequalpi,0.378131233440132,-0.0566538411991761,0.649085360311954
SLAC2,1024,0.0025,nobias,equalpi,0.40194869424669,0.0134951199115521,0.688582277458465
SLAC2,1024,0.0025,nobias,unequalpi,0.394180400132914,0.0208630182287691,0.680066999886275
SLAC2,1024,0.01,bias,equalpi,0.435915784609274,0.170920840495663,0.898637125346229
SLAC2,1024,0.01,bias,unequalpi,0.398998242621589,0.221872848001344,0.971997881116134
SLAC2,1024,0.01,nobias,equalpi,0.454541550444354,0.125414536768152,0.704893836805906
SLAC2,1024,0.01,nobias,unequalpi,0.422415018696405,0.204234329467752,0.850767537477839
SLAC2,1024,0.04,bias,equalpi,0.52961045845185,0.0779566652936207,0.563095250680602
SLAC2,1024,0.04,bias,unequalpi,0.477744159944997,0.151992597920138,0.720040681404858
SLAC2,1024,0.04,nobias,equalpi,0.639539148549888,0.0280580679868035,0.344366915777237
SLAC2,1024,0.04,nobias,unequalpi,0.605091411577094,0.0692741261087326,0.388792595434243
SLAC2,1024,0.16,bias,equalpi,0.726114942414014,0.00647521087619106,0.285730148587937
SLAC2,1024,0.16,bias,unequalpi,0.714293382309433,0.0412604069957118,0.307967838914969
SLAC2,1024,0.16,nobias,equalpi,0.808457210385069,-0.00405053852041856,0.19459252773986
SLAC2,1024,0.16,nobias,unequalpi,0.801829223573016,0.0279211279486487,0.206128878666208
SLAC2,1024,0.64,bias,equalpi,0.898491571852973,0.00587691085279632,0.136523259144217
SLAC2,1024,0.64,bias,unequalpi,0.891028342108278,0.0360971821364022,0.150319551725035
SLAC2,1024,0.64,nobias,equalpi,0.93536015410533,-0.00332593279429686,0.098445298441269
SLAC2,1024,0.64,nobias,unequalpi,0.926434892002363,0.0189890773758028,0.106207301969556
SLAC2,2048,0.0025,bias,equalpi,0.398316972087542,0.0859998898271661,0.77599543232308
SLAC2,2048,0.0025,bias,unequalpi,0.38711195506631,0.111855350373231,0.814437228908906
SLAC2,2048,0.0025,nobias,equalpi,0.420701531203308,0.14418865315529,0.824904006964616
SLAC2,2048,0.0025,nobias,unequalpi,0.398903547620728,0.170408965480453,0.882579704157679
SLAC2,2048,0.01,bias,equalpi,0.401349901207217,0.189562968439116,1.00556625383092
SLAC2,2048,0.01,bias,unequalpi,0.409701761851213,0.256169447961487,1.11553027289412
SLAC2,2048,0.01,nobias,equalpi,0.550180756442685,0.0510602369023815,0.478873424239811
SLAC2,2048,0.01,nobias,unequalpi,0.512235960271325,0.135950500981489,0.637122127035929
SLAC2,2048,0.04,bias,equalpi,0.573123704395025,0.048230813742236,0.484475775049484
SLAC2,2048,0.04,bias,unequalpi,0.560623493890131,0.105960353361443,0.529621678770944
SLAC2,2048,0.04,nobias,equalpi,0.68762518665661,0.00917488282962678,0.296889803510879
SLAC2,2048,0.04,nobias,unequalpi,0.657963986663912,0.058244875707599,0.337337897931497
SLAC2,2048,0.16,bias,equalpi,0.760117570255354,0.00548035839531183,0.257258733612867
SLAC2,2048,0.16,bias,unequalpi,0.755000041079691,0.0389050638125601,0.269524773885511
SLAC2,2048,0.16,nobias,equalpi,0.838003320721178,-0.00466147204895585,0.174445237687179
SLAC2,2048,0.16,nobias,unequalpi,0.830027006905519,0.0248005279815309,0.186081854773056
SLAC2,2048,0.64,bias,equalpi,0.913137593357273,0.00533489723401843,0.125701145144725
SLAC2,2048,0.64,bias,unequalpi,0.90202619946794,0.0326830803207796,0.138021362858696
SLAC2,2048,0.64,nobias,equalpi,0.948933731741031,-0.00229388278283177,0.0870616991284369
SLAC2,2048,0.64,nobias,unequalpi,0.94108401239401,0.0173018883364673,0.0955206553252789
