rep,ntaxa,bl,biastype,meanbl
1,128,0.0025,nobias,0.00805414500159
1,256,0.0025,nobias,0.00953877373605
1,512,0.0025,nobias,0.00936064525804
1,1024,0.0025,nobias,0.0098617829247
1,2048,0.0025,nobias,0.00981038249137
1,128,0.01,nobias,0.0130476964272
1,256,0.01,nobias,0.0126958649487
1,512,0.01,nobias,0.0123656357247
1,1024,0.01,nobias,0.0122205954138
1,2048,0.01,nobias,0.0123301137856
1,128,0.04,nobias,0.025067896154
1,256,0.04,nobias,0.0236271531922
1,512,0.04,nobias,0.0243001718776
1,1024,0.04,nobias,0.0254750566171
1,2048,0.04,nobias,0.0245196487528
1,128,0.16,nobias,0.0830627080307
1,256,0.16,nobias,0.086362742305
1,512,0.16,nobias,0.0866935962691
1,1024,0.16,nobias,0.0864804866311
1,2048,0.16,nobias,0.0820017317572
1,128,0.64,nobias,0.254240184417
1,256,0.64,nobias,0.254495395573
1,512,0.64,nobias,0.26116082259
1,1024,0.64,nobias,0.26238910574
1,2048,0.64,nobias,0.256280154243
2,128,0.0025,nobias,0.00918727610279
2,256,0.0025,nobias,0.00928964399518
2,512,0.0025,nobias,0.0102386133857
2,1024,0.0025,nobias,0.00959333411118
2,2048,0.0025,nobias,0.00976430320582
2,128,0.01,nobias,0.0123495992588
2,256,0.01,nobias,0.0123838026564
2,512,0.01,nobias,0.0113919780593
2,1024,0.01,nobias,0.0116566680122
2,2048,0.01,nobias,0.0119482149416
2,128,0.04,nobias,0.0230779933117
2,256,0.04,nobias,0.0267701274272
2,512,0.04,nobias,0.0252703182657
2,1024,0.04,nobias,0.023481643428
2,2048,0.04,nobias,0.0251693812049
2,128,0.16,nobias,0.0862465462575
2,256,0.16,nobias,0.0877515984241
2,512,0.16,nobias,0.0871414679889
2,1024,0.16,nobias,0.0837360622514
2,2048,0.16,nobias,0.085652967581
2,128,0.64,nobias,0.258978860104
2,256,0.64,nobias,0.259450325002
2,512,0.64,nobias,0.262267872317
2,1024,0.64,nobias,0.258529872111
2,2048,0.64,nobias,0.257470962775
3,128,0.0025,nobias,0.00996406945668
3,256,0.0025,nobias,0.00987407353316
3,512,0.0025,nobias,0.0103010021357
3,1024,0.0025,nobias,0.00980665689826
3,2048,0.0025,nobias,0.0098248194658
3,128,0.01,nobias,0.0113826292835
3,256,0.01,nobias,0.0121403842207
3,512,0.01,nobias,0.011619604277
3,1024,0.01,nobias,0.0128243762482
3,2048,0.01,nobias,0.0124732629005
3,128,0.04,nobias,0.0245692762877
3,256,0.04,nobias,0.0243011677442
3,512,0.04,nobias,0.0235392087198
3,1024,0.04,nobias,0.023596189923
3,2048,0.04,nobias,0.0254411098352
3,128,0.16,nobias,0.0774208396727
3,256,0.16,nobias,0.0872804550682
3,512,0.16,nobias,0.0830568232969
3,1024,0.16,nobias,0.0856925473356
3,2048,0.16,nobias,0.0883050851389
3,128,0.64,nobias,0.261257516959
3,256,0.64,nobias,0.265362934834
3,512,0.64,nobias,0.268250690675
3,1024,0.64,nobias,0.260034220431
3,2048,0.64,nobias,0.264700414184
4,128,0.0025,nobias,0.00933212107008
4,256,0.0025,nobias,0.0111204992946
4,512,0.0025,nobias,0.00990423833436
4,1024,0.0025,nobias,0.00964440676678
4,2048,0.0025,nobias,0.00962073356746
4,128,0.01,nobias,0.0115614943469
4,256,0.01,nobias,0.0118329680058
4,512,0.01,nobias,0.0119931282015
4,1024,0.01,nobias,0.0124114064274
4,2048,0.01,nobias,0.0118759136283
4,128,0.04,nobias,0.0261825396252
4,256,0.04,nobias,0.0253175362823
4,512,0.04,nobias,0.0246821238287
4,1024,0.04,nobias,0.0247690265113
4,2048,0.04,nobias,0.0248128872744
4,128,0.16,nobias,0.0852118040395
4,256,0.16,nobias,0.0857799253501
4,512,0.16,nobias,0.0850108417096
4,1024,0.16,nobias,0.079979293694
4,2048,0.16,nobias,0.0835892420036
4,128,0.64,nobias,0.270082889487
4,256,0.64,nobias,0.268794430411
4,512,0.64,nobias,0.270024120269
4,1024,0.64,nobias,0.255741171507
4,2048,0.64,nobias,0.258443820361
5,128,0.0025,nobias,0.0113978182489
5,256,0.0025,nobias,0.0102373964651
5,512,0.0025,nobias,0.00928680745494
5,1024,0.0025,nobias,0.00938015248849
5,2048,0.0025,nobias,0.00967384590917
5,128,0.01,nobias,0.0126604772074
5,256,0.01,nobias,0.012198030884
5,512,0.01,nobias,0.013169764344
5,1024,0.01,nobias,0.0121600081035
5,2048,0.01,nobias,0.012260451399
5,128,0.04,nobias,0.0243842274007
5,256,0.04,nobias,0.0230613960036
5,512,0.04,nobias,0.0233512531316
5,1024,0.04,nobias,0.0258612005765
5,2048,0.04,nobias,0.0238199143153
5,128,0.16,nobias,0.0825724092618
5,256,0.16,nobias,0.0900295157646
5,512,0.16,nobias,0.0866073670027
5,1024,0.16,nobias,0.0814136951297
5,2048,0.16,nobias,0.0858688960706
5,128,0.64,nobias,0.266350982165
5,256,0.64,nobias,0.2555367824
5,512,0.64,nobias,0.261213033129
5,1024,0.64,nobias,0.25974268075
5,2048,0.64,nobias,0.265557075441
6,128,0.0025,nobias,0.0068309294725
6,256,0.0025,nobias,0.0117074800901
6,512,0.0025,nobias,0.00999836163188
6,1024,0.0025,nobias,0.00903888138264
6,2048,0.0025,nobias,0.00962335068228
6,128,0.01,nobias,0.0126708587622
6,256,0.01,nobias,0.0126750283479
6,512,0.01,nobias,0.0119954965018
6,1024,0.01,nobias,0.0132676754376
6,2048,0.01,nobias,0.012526274585
6,128,0.04,nobias,0.0239780617867
6,256,0.04,nobias,0.0236902488235
6,512,0.04,nobias,0.0233011024503
6,1024,0.04,nobias,0.0247493840943
6,2048,0.04,nobias,0.0249786818947
6,128,0.16,nobias,0.0878838137183
6,256,0.16,nobias,0.08420847292
6,512,0.16,nobias,0.0838856092129
6,1024,0.16,nobias,0.0864914170801
6,2048,0.16,nobias,0.0843318781431
6,128,0.64,nobias,0.262261880179
6,256,0.64,nobias,0.26473955944
6,512,0.64,nobias,0.254310959766
6,1024,0.64,nobias,0.259101637141
6,2048,0.64,nobias,0.259223647504
7,128,0.0025,nobias,0.0110052020707
7,256,0.0025,nobias,0.0095752845731
7,512,0.0025,nobias,0.00965077425411
7,1024,0.0025,nobias,0.00914308204989
7,2048,0.0025,nobias,0.00900555261691
7,128,0.01,nobias,0.0125912413786
7,256,0.01,nobias,0.0118602693516
7,512,0.01,nobias,0.0113963918593
7,1024,0.01,nobias,0.0130320630615
7,2048,0.01,nobias,0.0120425556599
7,128,0.04,nobias,0.0239440136696
7,256,0.04,nobias,0.0249258981266
7,512,0.04,nobias,0.0258892645474
7,1024,0.04,nobias,0.025510026959
7,2048,0.04,nobias,0.0249028665673
7,128,0.16,nobias,0.0868996842591
7,256,0.16,nobias,0.0766731112109
7,512,0.16,nobias,0.0823240639057
7,1024,0.16,nobias,0.0865649598715
7,2048,0.16,nobias,0.0813534683303
7,128,0.64,nobias,0.266461102755
7,256,0.64,nobias,0.265890560399
7,512,0.64,nobias,0.263047368044
7,1024,0.64,nobias,0.261905097054
7,2048,0.64,nobias,0.259617956237
8,128,0.0025,nobias,0.00892173513486
8,256,0.0025,nobias,0.0107623522356
8,512,0.0025,nobias,0.0105044512287
8,1024,0.0025,nobias,0.0103511368747
8,2048,0.0025,nobias,0.00957529459012
8,128,0.01,nobias,0.0114640265643
8,256,0.01,nobias,0.0126786929537
8,512,0.01,nobias,0.01271917401
8,1024,0.01,nobias,0.0124574315095
8,2048,0.01,nobias,0.013028217539
8,128,0.04,nobias,0.0230873608708
8,256,0.04,nobias,0.02365163442
8,512,0.04,nobias,0.022798682105
8,1024,0.04,nobias,0.024355493361
8,2048,0.04,nobias,0.0245713541009
8,128,0.16,nobias,0.0847794434815
8,256,0.16,nobias,0.0847553655795
8,512,0.16,nobias,0.0871439570088
8,1024,0.16,nobias,0.0878570334429
8,2048,0.16,nobias,0.0843699536312
8,128,0.64,nobias,0.265918438918
8,256,0.64,nobias,0.269768228147
8,512,0.64,nobias,0.26105719705
8,1024,0.64,nobias,0.261196432912
8,2048,0.64,nobias,0.255549938374
9,128,0.0025,nobias,0.00876143837836
9,256,0.0025,nobias,0.00880367792996
9,512,0.0025,nobias,0.0100103238644
9,1024,0.0025,nobias,0.00908606985955
9,2048,0.0025,nobias,0.0100857162789
9,128,0.01,nobias,0.0125113305216
9,256,0.01,nobias,0.0130717155879
9,512,0.01,nobias,0.0119532864143
9,1024,0.01,nobias,0.0122187846636
9,2048,0.01,nobias,0.0122270028856
9,128,0.04,nobias,0.0244340818879
9,256,0.04,nobias,0.0248768495115
9,512,0.04,nobias,0.0257713755121
9,1024,0.04,nobias,0.0258775807273
9,2048,0.04,nobias,0.0234425120277
9,128,0.16,nobias,0.0828595275832
9,256,0.16,nobias,0.083418738092
9,512,0.16,nobias,0.0811521240323
9,1024,0.16,nobias,0.0874343469942
9,2048,0.16,nobias,0.0854295353991
9,128,0.64,nobias,0.250442817359
9,256,0.64,nobias,0.258269287893
9,512,0.64,nobias,0.265537231426
9,1024,0.64,nobias,0.256652729647
9,2048,0.64,nobias,0.261181211872
10,128,0.0025,nobias,0.00799115715507
10,256,0.0025,nobias,0.0108408347861
10,512,0.0025,nobias,0.00903299031855
10,1024,0.0025,nobias,0.00943929634913
10,2048,0.0025,nobias,0.00960721742457
10,128,0.01,nobias,0.0125318582316
10,256,0.01,nobias,0.0121378888776
10,512,0.01,nobias,0.0120645057224
10,1024,0.01,nobias,0.0118563029308
10,2048,0.01,nobias,0.0119810532995
10,128,0.04,nobias,0.0223151405646
10,256,0.04,nobias,0.0256051092082
10,512,0.04,nobias,0.0248204120008
10,1024,0.04,nobias,0.0238061812412
10,2048,0.04,nobias,0.0231782304692
10,128,0.16,nobias,0.0872618045997
10,256,0.16,nobias,0.0902340348512
10,512,0.16,nobias,0.0822535008539
10,1024,0.16,nobias,0.0852296918035
10,2048,0.16,nobias,0.0874427640136
10,128,0.64,nobias,0.249714393935
10,256,0.64,nobias,0.262786949323
10,512,0.64,nobias,0.263938924957
10,1024,0.64,nobias,0.263253462615
10,2048,0.64,nobias,0.26205460168
11,128,0.0025,nobias,0.010933571969
11,256,0.0025,nobias,0.00885805751807
11,512,0.0025,nobias,0.00979766720883
11,1024,0.0025,nobias,0.00979871361211
11,2048,0.0025,nobias,0.00954908439938
11,128,0.01,nobias,0.0137424134732
11,256,0.01,nobias,0.0119772781701
11,512,0.01,nobias,0.012133374988
11,1024,0.01,nobias,0.0120702095258
11,2048,0.01,nobias,0.0123380734665
11,128,0.04,nobias,0.0256760044615
11,256,0.04,nobias,0.0238016629649
11,512,0.04,nobias,0.0237826554432
11,1024,0.04,nobias,0.0249472302042
11,2048,0.04,nobias,0.0231001515215
11,128,0.16,nobias,0.0843273413325
11,256,0.16,nobias,0.0849628391247
11,512,0.16,nobias,0.0869868861933
11,1024,0.16,nobias,0.082214505327
11,2048,0.16,nobias,0.0858560300122
11,128,0.64,nobias,0.258466051989
11,256,0.64,nobias,0.262375770978
11,512,0.64,nobias,0.267531797814
11,1024,0.64,nobias,0.259578002894
11,2048,0.64,nobias,0.264385288282
12,128,0.0025,nobias,0.00913623434959
12,256,0.0025,nobias,0.0112199807268
12,512,0.0025,nobias,0.0094086508207
12,1024,0.0025,nobias,0.0104702215651
12,2048,0.0025,nobias,0.00978616805622
12,128,0.01,nobias,0.00926369253539
12,256,0.01,nobias,0.0131993405438
12,512,0.01,nobias,0.0123388523082
12,1024,0.01,nobias,0.0127698536462
12,2048,0.01,nobias,0.0121545438511
12,128,0.04,nobias,0.0250080759997
12,256,0.04,nobias,0.0263302350146
12,512,0.04,nobias,0.0242591801222
12,1024,0.04,nobias,0.0235854771292
12,2048,0.04,nobias,0.0246446802694
12,128,0.16,nobias,0.0857364063614
12,256,0.16,nobias,0.0887949957122
12,512,0.16,nobias,0.0827785616757
12,1024,0.16,nobias,0.0847009168473
12,2048,0.16,nobias,0.0852651003983
12,128,0.64,nobias,0.257575429353
12,256,0.64,nobias,0.262193357725
12,512,0.64,nobias,0.255736697195
12,1024,0.64,nobias,0.257151349995
12,2048,0.64,nobias,0.265125307602
13,128,0.0025,nobias,0.00902783866992
13,256,0.0025,nobias,0.0102552612291
13,512,0.0025,nobias,0.010209061635
13,1024,0.0025,nobias,0.00919103661759
13,2048,0.0025,nobias,0.00955835679162
13,128,0.01,nobias,0.0118142643754
13,256,0.01,nobias,0.0113153298404
13,512,0.01,nobias,0.011596490309
13,1024,0.01,nobias,0.0128014171458
13,2048,0.01,nobias,0.0122347668909
13,128,0.04,nobias,0.0238171140553
13,256,0.04,nobias,0.0245252227751
13,512,0.04,nobias,0.0259314429533
13,1024,0.04,nobias,0.0247154119652
13,2048,0.04,nobias,0.0231624910499
13,128,0.16,nobias,0.0812147630425
13,256,0.16,nobias,0.0822024184567
13,512,0.16,nobias,0.0870610812486
13,1024,0.16,nobias,0.0852597925472
13,2048,0.16,nobias,0.0858648730651
13,128,0.64,nobias,0.2557708055
13,256,0.64,nobias,0.257019919736
13,512,0.64,nobias,0.254909383207
13,1024,0.64,nobias,0.260192418937
13,2048,0.64,nobias,0.254695493599
14,128,0.0025,nobias,0.00945333013491
14,256,0.0025,nobias,0.00958692440082
14,512,0.0025,nobias,0.0111278272806
14,1024,0.0025,nobias,0.0101221764735
14,2048,0.0025,nobias,0.00982704919924
14,128,0.01,nobias,0.0130403016671
14,256,0.01,nobias,0.0126445685744
14,512,0.01,nobias,0.012485442882
14,1024,0.01,nobias,0.012327579638
14,2048,0.01,nobias,0.0123222309568
14,128,0.04,nobias,0.0239368312497
14,256,0.04,nobias,0.023619907746
14,512,0.04,nobias,0.0250353328152
14,1024,0.04,nobias,0.0232568553365
14,2048,0.04,nobias,0.0263272977142
14,128,0.16,nobias,0.0875363682426
14,256,0.16,nobias,0.0918281759324
14,512,0.16,nobias,0.0838065565617
14,1024,0.16,nobias,0.0863916351127
14,2048,0.16,nobias,0.0820150952657
14,128,0.64,nobias,0.263344330156
14,256,0.64,nobias,0.267482879796
14,512,0.64,nobias,0.260897532333
14,1024,0.64,nobias,0.264892817626
14,2048,0.64,nobias,0.256972890986
15,128,0.0025,nobias,0.00915936607077
15,256,0.0025,nobias,0.011285881163
15,512,0.0025,nobias,0.0112030184647
15,1024,0.0025,nobias,0.0094739929889
15,2048,0.0025,nobias,0.00930143775677
15,128,0.01,nobias,0.0119584254754
15,256,0.01,nobias,0.0119945221623
15,512,0.01,nobias,0.0115004913319
15,1024,0.01,nobias,0.012498177813
15,2048,0.01,nobias,0.0126610575501
15,128,0.04,nobias,0.0252463973567
15,256,0.04,nobias,0.0233809292798
15,512,0.04,nobias,0.0254649861679
15,1024,0.04,nobias,0.0253511829312
15,2048,0.04,nobias,0.0248964696631
15,128,0.16,nobias,0.0842551841424
15,256,0.16,nobias,0.0856635408442
15,512,0.16,nobias,0.085038493243
15,1024,0.16,nobias,0.0848899208237
15,2048,0.16,nobias,0.0848630082688
15,128,0.64,nobias,0.265202377545
15,256,0.64,nobias,0.265492499239
15,512,0.64,nobias,0.263106272754
15,1024,0.64,nobias,0.262969735024
15,2048,0.64,nobias,0.265510167637
16,128,0.0025,nobias,0.00836658994369
16,256,0.0025,nobias,0.00864466425148
16,512,0.0025,nobias,0.00912979889572
16,1024,0.0025,nobias,0.00997869202423
16,2048,0.0025,nobias,0.0101002743711
16,128,0.01,nobias,0.0115932001024
16,256,0.01,nobias,0.0126147526602
16,512,0.01,nobias,0.0126071933761
16,1024,0.01,nobias,0.012069724805
16,2048,0.01,nobias,0.0121458976297
16,128,0.04,nobias,0.0262536640149
16,256,0.04,nobias,0.0248344836445
16,512,0.04,nobias,0.024313264336
16,1024,0.04,nobias,0.0263990084025
16,2048,0.04,nobias,0.0240368098077
16,128,0.16,nobias,0.0840217075251
16,256,0.16,nobias,0.0826693208019
16,512,0.16,nobias,0.0817040502183
16,1024,0.16,nobias,0.0844134796283
16,2048,0.16,nobias,0.0838377604079
16,128,0.64,nobias,0.260867781632
16,256,0.64,nobias,0.261035856183
16,512,0.64,nobias,0.259940219731
16,1024,0.64,nobias,0.259477813041
16,2048,0.64,nobias,0.2644979496
17,128,0.0025,nobias,0.00860580138928
17,256,0.0025,nobias,0.0112653267859
17,512,0.0025,nobias,0.00852040527396
17,1024,0.0025,nobias,0.00969853904325
17,2048,0.0025,nobias,0.0094409908325
17,128,0.01,nobias,0.0128757598661
17,256,0.01,nobias,0.0126003210317
17,512,0.01,nobias,0.0124778951259
17,1024,0.01,nobias,0.0123796282667
17,2048,0.01,nobias,0.0117727405953
17,128,0.04,nobias,0.0265932380737
17,256,0.04,nobias,0.0217461471746
17,512,0.04,nobias,0.0222247379516
17,1024,0.04,nobias,0.0240751210851
17,2048,0.04,nobias,0.0244550014181
17,128,0.16,nobias,0.0840891846721
17,256,0.16,nobias,0.0831501514857
17,512,0.16,nobias,0.0897506092292
17,1024,0.16,nobias,0.0818857985522
17,2048,0.16,nobias,0.0826789698684
17,128,0.64,nobias,0.253371859146
17,256,0.64,nobias,0.266087463098
17,512,0.64,nobias,0.255165098375
17,1024,0.64,nobias,0.258711617461
17,2048,0.64,nobias,0.256887966367
18,128,0.0025,nobias,0.00994133590224
18,256,0.0025,nobias,0.00940581412028
18,512,0.0025,nobias,0.00922703262066
18,1024,0.0025,nobias,0.00974188482688
18,2048,0.0025,nobias,0.0102222702474
18,128,0.01,nobias,0.0126306252175
18,256,0.01,nobias,0.0117366132665
18,512,0.01,nobias,0.011723706117
18,1024,0.01,nobias,0.0120035550933
18,2048,0.01,nobias,0.0128585852081
18,128,0.04,nobias,0.0253887889867
18,256,0.04,nobias,0.0229123492774
18,512,0.04,nobias,0.0262524641161
18,1024,0.04,nobias,0.0241996051916
18,2048,0.04,nobias,0.0251499676733
18,128,0.16,nobias,0.0851980094015
18,256,0.16,nobias,0.0840566709059
18,512,0.16,nobias,0.0904554133396
18,1024,0.16,nobias,0.0840422462951
18,2048,0.16,nobias,0.0877577056951
18,128,0.64,nobias,0.255445429816
18,256,0.64,nobias,0.255789270322
18,512,0.64,nobias,0.259046037495
18,1024,0.64,nobias,0.256826461136
18,2048,0.64,nobias,0.26065090993
19,128,0.0025,nobias,0.00948342604031
19,256,0.0025,nobias,0.0107746074592
19,512,0.0025,nobias,0.0113238382802
19,1024,0.0025,nobias,0.00956731188485
19,2048,0.0025,nobias,0.00943552369948
19,128,0.01,nobias,0.0117259318543
19,256,0.01,nobias,0.012676381083
19,512,0.01,nobias,0.011996748711
19,1024,0.01,nobias,0.0116961593527
19,2048,0.01,nobias,0.0125061344101
19,128,0.04,nobias,0.0253267028874
19,256,0.04,nobias,0.0236908674993
19,512,0.04,nobias,0.0244081868555
19,1024,0.04,nobias,0.0244861348187
19,2048,0.04,nobias,0.0235863225259
19,128,0.16,nobias,0.0838378266047
19,256,0.16,nobias,0.0803333406907
19,512,0.16,nobias,0.0873296238483
19,1024,0.16,nobias,0.0865911984505
19,2048,0.16,nobias,0.0874866198976
19,128,0.64,nobias,0.260396296868
19,256,0.64,nobias,0.275331932051
19,512,0.64,nobias,0.257319321416
19,1024,0.64,nobias,0.260497747141
19,2048,0.64,nobias,0.269015864134
20,128,0.0025,nobias,0.00935698711183
20,256,0.0025,nobias,0.00970745760022
20,512,0.0025,nobias,0.00806871445711
20,1024,0.0025,nobias,0.00878321522687
20,2048,0.0025,nobias,0.00950564085581
20,128,0.01,nobias,0.0108630846513
20,256,0.01,nobias,0.0123259938988
20,512,0.01,nobias,0.0136131036682
20,1024,0.01,nobias,0.0120388404149
20,2048,0.01,nobias,0.0119332250146
20,128,0.04,nobias,0.0214983811781
20,256,0.04,nobias,0.0247411668419
20,512,0.04,nobias,0.0258240803634
20,1024,0.04,nobias,0.0256983419936
20,2048,0.04,nobias,0.0257557520961
20,128,0.16,nobias,0.0899025787403
20,256,0.16,nobias,0.0873109707814
20,512,0.16,nobias,0.0884400102176
20,1024,0.16,nobias,0.0822700725512
20,2048,0.16,nobias,0.0881572764645
20,128,0.64,nobias,0.259674419606
20,256,0.64,nobias,0.265539523126
20,512,0.64,nobias,0.262064579203
20,1024,0.64,nobias,0.254475033509
20,2048,0.64,nobias,0.263704526369
21,128,0.0025,nobias,0.00969089428043
21,256,0.0025,nobias,0.00967792112003
21,512,0.0025,nobias,0.0105655065119
21,1024,0.0025,nobias,0.0093489606412
21,2048,0.0025,nobias,0.00987651019888
21,128,0.01,nobias,0.0121389266241
21,256,0.01,nobias,0.0124749371967
21,512,0.01,nobias,0.012554214731
21,1024,0.01,nobias,0.0116674651103
21,2048,0.01,nobias,0.0114121909272
21,128,0.04,nobias,0.0231612985687
21,256,0.04,nobias,0.0252424184399
21,512,0.04,nobias,0.0232960738563
21,1024,0.04,nobias,0.023572337452
21,2048,0.04,nobias,0.0242407262303
21,128,0.16,nobias,0.08851004075
21,256,0.16,nobias,0.0855155117406
21,512,0.16,nobias,0.0879626716238
21,1024,0.16,nobias,0.0859610185477
21,2048,0.16,nobias,0.0897686891609
21,128,0.64,nobias,0.261209114609
21,256,0.64,nobias,0.255329625671
21,512,0.64,nobias,0.253333643169
21,1024,0.64,nobias,0.259496571239
21,2048,0.64,nobias,0.262603200396
22,128,0.0025,nobias,0.0100622038148
22,256,0.0025,nobias,0.0101233863147
22,512,0.0025,nobias,0.00999376993929
22,1024,0.0025,nobias,0.00980513042687
22,2048,0.0025,nobias,0.00904534596012
22,128,0.01,nobias,0.0109420300625
22,256,0.01,nobias,0.0116230370385
22,512,0.01,nobias,0.0126194677631
22,1024,0.01,nobias,0.012645460813
22,2048,0.01,nobias,0.0118305649606
22,128,0.04,nobias,0.0261648144927
22,256,0.04,nobias,0.0255511637553
22,512,0.04,nobias,0.0249967888866
22,1024,0.04,nobias,0.0246107434454
22,2048,0.04,nobias,0.0237927127567
22,128,0.16,nobias,0.0846335891373
22,256,0.16,nobias,0.0868116118861
22,512,0.16,nobias,0.0860086611263
22,1024,0.16,nobias,0.0851519597942
22,2048,0.16,nobias,0.0886825473615
22,128,0.64,nobias,0.27667013099
22,256,0.64,nobias,0.270397771971
22,512,0.64,nobias,0.268307344996
22,1024,0.64,nobias,0.258978578225
22,2048,0.64,nobias,0.255053153715
23,128,0.0025,nobias,0.0085389559816
23,256,0.0025,nobias,0.0106633674177
23,512,0.0025,nobias,0.00944732525967
23,1024,0.0025,nobias,0.0103320248964
23,2048,0.0025,nobias,0.00996124202996
23,128,0.01,nobias,0.0109813625591
23,256,0.01,nobias,0.0121866562228
23,512,0.01,nobias,0.0121128388383
23,1024,0.01,nobias,0.0121183490456
23,2048,0.01,nobias,0.0127693401073
23,128,0.04,nobias,0.0234616896947
23,256,0.04,nobias,0.0250737085086
23,512,0.04,nobias,0.0249174270563
23,1024,0.04,nobias,0.0256054907801
23,2048,0.04,nobias,0.0243411310659
23,128,0.16,nobias,0.0881705063231
23,256,0.16,nobias,0.0851474095477
23,512,0.16,nobias,0.0866123107658
23,1024,0.16,nobias,0.0879346742079
23,2048,0.16,nobias,0.088228313463
23,128,0.64,nobias,0.256751102313
23,256,0.64,nobias,0.264033733365
23,512,0.64,nobias,0.264416813765
23,1024,0.64,nobias,0.259905709189
23,2048,0.64,nobias,0.262043671549
24,128,0.0025,nobias,0.00890694283803
24,256,0.0025,nobias,0.010023103349
24,512,0.0025,nobias,0.00920816188321
24,1024,0.0025,nobias,0.0100931294701
24,2048,0.0025,nobias,0.00944642260358
24,128,0.01,nobias,0.0119230927854
24,256,0.01,nobias,0.0121083773531
24,512,0.01,nobias,0.0124772504669
24,1024,0.01,nobias,0.0120180691624
24,2048,0.01,nobias,0.0117287143571
24,128,0.04,nobias,0.0241021565085
24,256,0.04,nobias,0.0232799238256
24,512,0.04,nobias,0.0251630916557
24,1024,0.04,nobias,0.0243296239275
24,2048,0.04,nobias,0.0247660280142
24,128,0.16,nobias,0.0860884795599
24,256,0.16,nobias,0.082319678428
24,512,0.16,nobias,0.0859011346614
24,1024,0.16,nobias,0.0855399845083
24,2048,0.16,nobias,0.0821832054901
24,128,0.64,nobias,0.270022983392
24,256,0.64,nobias,0.257929012592
24,512,0.64,nobias,0.260664701003
24,1024,0.64,nobias,0.261788940506
24,2048,0.64,nobias,0.26268703103
25,128,0.0025,nobias,0.0107744559244
25,256,0.0025,nobias,0.00977301599797
25,512,0.0025,nobias,0.00929611651909
25,1024,0.0025,nobias,0.0100422354496
25,2048,0.0025,nobias,0.00953282349169
25,128,0.01,nobias,0.0125592503692
25,256,0.01,nobias,0.0120582762052
25,512,0.01,nobias,0.0119974522784
25,1024,0.01,nobias,0.012545139466
25,2048,0.01,nobias,0.0116486295497
25,128,0.04,nobias,0.0257494938506
25,256,0.04,nobias,0.0249155065455
25,512,0.04,nobias,0.027207577878
25,1024,0.04,nobias,0.0236304554207
25,2048,0.04,nobias,0.0267005311006
25,128,0.16,nobias,0.0816689740976
25,256,0.16,nobias,0.0857316956603
25,512,0.16,nobias,0.0838587066671
25,1024,0.16,nobias,0.0829360662404
25,2048,0.16,nobias,0.0849644821776
25,128,0.64,nobias,0.262307993208
25,256,0.64,nobias,0.261119205374
25,512,0.64,nobias,0.26924891815
25,1024,0.64,nobias,0.264238572224
25,2048,0.64,nobias,0.266089269822
26,128,0.0025,nobias,0.00863389640185
26,256,0.0025,nobias,0.00940385414314
26,512,0.0025,nobias,0.0096430486471
26,1024,0.0025,nobias,0.00975279045429
26,2048,0.0025,nobias,0.00993580930771
26,128,0.01,nobias,0.0134594886738
26,256,0.01,nobias,0.0119742658092
26,512,0.01,nobias,0.012152516765
26,1024,0.01,nobias,0.0119317355354
26,2048,0.01,nobias,0.0131834965379
26,128,0.04,nobias,0.0233851584554
26,256,0.04,nobias,0.0254639375123
26,512,0.04,nobias,0.0247383574
26,1024,0.04,nobias,0.0246349527008
26,2048,0.04,nobias,0.0251140347648
26,128,0.16,nobias,0.0766349199849
26,256,0.16,nobias,0.087752983545
26,512,0.16,nobias,0.0873149907888
26,1024,0.16,nobias,0.0846282576241
26,2048,0.16,nobias,0.0803380878286
26,128,0.64,nobias,0.267577740196
26,256,0.64,nobias,0.258513790125
26,512,0.64,nobias,0.256822982742
26,1024,0.64,nobias,0.255979131649
26,2048,0.64,nobias,0.262457511475
27,128,0.0025,nobias,0.00951193756379
27,256,0.0025,nobias,0.0103344426359
27,512,0.0025,nobias,0.0104206882248
27,1024,0.0025,nobias,0.0102293890343
27,2048,0.0025,nobias,0.010046894764
27,128,0.01,nobias,0.0108196360189
27,256,0.01,nobias,0.0123881273574
27,512,0.01,nobias,0.0120087701418
27,1024,0.01,nobias,0.0123448353907
27,2048,0.01,nobias,0.0123037769817
27,128,0.04,nobias,0.0245969861293
27,256,0.04,nobias,0.024146675963
27,512,0.04,nobias,0.024312126458
27,1024,0.04,nobias,0.0256562912515
27,2048,0.04,nobias,0.0254712575134
27,128,0.16,nobias,0.0835347692137
27,256,0.16,nobias,0.082405732378
27,512,0.16,nobias,0.0819017857909
27,1024,0.16,nobias,0.0846538722447
27,2048,0.16,nobias,0.0833220389614
27,128,0.64,nobias,0.264334879702
27,256,0.64,nobias,0.255238576708
27,512,0.64,nobias,0.257546072249
27,1024,0.64,nobias,0.25430194235
27,2048,0.64,nobias,0.254951744089
28,128,0.0025,nobias,0.00819933411671
28,256,0.0025,nobias,0.00984601657574
28,512,0.0025,nobias,0.0110575321742
28,1024,0.0025,nobias,0.0111692917346
28,2048,0.0025,nobias,0.00992764237347
28,128,0.01,nobias,0.0126684394879
28,256,0.01,nobias,0.0119929844121
28,512,0.01,nobias,0.0121228628654
28,1024,0.01,nobias,0.0115466644493
28,2048,0.01,nobias,0.0123033033614
28,128,0.04,nobias,0.02625904649
28,256,0.04,nobias,0.0261063904257
28,512,0.04,nobias,0.0246950493502
28,1024,0.04,nobias,0.0231370160024
28,2048,0.04,nobias,0.0246451760259
28,128,0.16,nobias,0.0816612371577
28,256,0.16,nobias,0.0880796907535
28,512,0.16,nobias,0.0846439870103
28,1024,0.16,nobias,0.0850876572926
28,2048,0.16,nobias,0.0860019986639
28,128,0.64,nobias,0.267036974021
28,256,0.64,nobias,0.264200643504
28,512,0.64,nobias,0.263400142018
28,1024,0.64,nobias,0.261338744412
28,2048,0.64,nobias,0.253869035663
29,128,0.0025,nobias,0.00980696001722
29,256,0.0025,nobias,0.00995471807854
29,512,0.0025,nobias,0.0099358527463
29,1024,0.0025,nobias,0.00929529747643
29,2048,0.0025,nobias,0.0101194399633
29,128,0.01,nobias,0.0117111836973
29,256,0.01,nobias,0.0119834385751
29,512,0.01,nobias,0.0127390618221
29,1024,0.01,nobias,0.0129167418012
29,2048,0.01,nobias,0.0118492684002
29,128,0.04,nobias,0.0229374507924
29,256,0.04,nobias,0.0240616753735
29,512,0.04,nobias,0.0260017226985
29,1024,0.04,nobias,0.0243552895887
29,2048,0.04,nobias,0.0266333062245
29,128,0.16,nobias,0.0878083661892
29,256,0.16,nobias,0.0848599989747
29,512,0.16,nobias,0.0838729611496
29,1024,0.16,nobias,0.0839426097177
29,2048,0.16,nobias,0.0829953027868
29,128,0.64,nobias,0.261399313521
29,256,0.64,nobias,0.259375610334
29,512,0.64,nobias,0.259031111084
29,1024,0.64,nobias,0.266123979336
29,2048,0.64,nobias,0.263045012152
30,128,0.0025,nobias,0.0078030134454
30,256,0.0025,nobias,0.00901182150138
30,512,0.0025,nobias,0.00867803225199
30,1024,0.0025,nobias,0.0102773509894
30,2048,0.0025,nobias,0.0102858945673
30,128,0.01,nobias,0.0123385339977
30,256,0.01,nobias,0.01212062456
30,512,0.01,nobias,0.0125984995738
30,1024,0.01,nobias,0.0125569594764
30,2048,0.01,nobias,0.0117216213545
30,128,0.04,nobias,0.0254889904713
30,256,0.04,nobias,0.0237257744757
30,512,0.04,nobias,0.0252138454752
30,1024,0.04,nobias,0.0240103937705
30,2048,0.04,nobias,0.0257138446935
30,128,0.16,nobias,0.0854517115251
30,256,0.16,nobias,0.0884901600584
30,512,0.16,nobias,0.0820967551986
30,1024,0.16,nobias,0.080249199835
30,2048,0.16,nobias,0.0851277610828
30,128,0.64,nobias,0.269235755278
30,256,0.64,nobias,0.267059499186
30,512,0.64,nobias,0.26316966985
30,1024,0.64,nobias,0.266657016531
30,2048,0.64,nobias,0.260800500139
31,128,0.0025,nobias,0.00991207314887
31,256,0.0025,nobias,0.0093501117762
31,512,0.0025,nobias,0.00970191273585
31,1024,0.0025,nobias,0.00993278416711
31,2048,0.0025,nobias,0.0100184582173
31,128,0.01,nobias,0.012144227747
31,256,0.01,nobias,0.0114834574389
31,512,0.01,nobias,0.0127407189062
31,1024,0.01,nobias,0.0122006676525
31,2048,0.01,nobias,0.0124175812073
31,128,0.04,nobias,0.0224166092636
31,256,0.04,nobias,0.0245466292339
31,512,0.04,nobias,0.0229462858655
31,1024,0.04,nobias,0.0248409919489
31,2048,0.04,nobias,0.025427823295
31,128,0.16,nobias,0.0859858724689
31,256,0.16,nobias,0.0894574222531
31,512,0.16,nobias,0.0890087253058
31,1024,0.16,nobias,0.0807667383764
31,2048,0.16,nobias,0.0853176937825
31,128,0.64,nobias,0.26219391707
31,256,0.64,nobias,0.26361790908
31,512,0.64,nobias,0.268760225412
31,1024,0.64,nobias,0.262171646416
31,2048,0.64,nobias,0.263340135017
32,128,0.0025,nobias,0.00908932459993
32,256,0.0025,nobias,0.0096243896069
32,512,0.0025,nobias,0.00986454983132
32,1024,0.0025,nobias,0.0111335924035
32,2048,0.0025,nobias,0.00994368869407
32,128,0.01,nobias,0.0119320707158
32,256,0.01,nobias,0.0117275020884
32,512,0.01,nobias,0.0119796614658
32,1024,0.01,nobias,0.012354535845
32,2048,0.01,nobias,0.0116307783023
32,128,0.04,nobias,0.0254590550016
32,256,0.04,nobias,0.0262947250223
32,512,0.04,nobias,0.0230367148016
32,1024,0.04,nobias,0.0250812053629
32,2048,0.04,nobias,0.0248808087649
32,128,0.16,nobias,0.0909722467914
32,256,0.16,nobias,0.0882962557198
32,512,0.16,nobias,0.0815865373871
32,1024,0.16,nobias,0.0865132156378
32,2048,0.16,nobias,0.085537085569
32,128,0.64,nobias,0.262546832031
32,256,0.64,nobias,0.255872998667
32,512,0.64,nobias,0.264661625095
32,1024,0.64,nobias,0.264721241481
32,2048,0.64,nobias,0.264067122474
33,128,0.0025,nobias,0.00921138419837
33,256,0.0025,nobias,0.0106725318229
33,512,0.0025,nobias,0.00886731401381
33,1024,0.0025,nobias,0.0101288793745
33,2048,0.0025,nobias,0.00948935445325
33,128,0.01,nobias,0.0127785340272
33,256,0.01,nobias,0.0120026772734
33,512,0.01,nobias,0.0123998121057
33,1024,0.01,nobias,0.0123418314447
33,2048,0.01,nobias,0.0125942642325
33,128,0.04,nobias,0.0249641857739
33,256,0.04,nobias,0.0265892212349
33,512,0.04,nobias,0.0262826697624
33,1024,0.04,nobias,0.0247832423425
33,2048,0.04,nobias,0.0246666586348
33,128,0.16,nobias,0.0807368560005
33,256,0.16,nobias,0.084899644767
33,512,0.16,nobias,0.082286613781
33,1024,0.16,nobias,0.082886983458
33,2048,0.16,nobias,0.0844359749481
33,128,0.64,nobias,0.273729192475
33,256,0.64,nobias,0.256655862841
33,512,0.64,nobias,0.263831389729
33,1024,0.64,nobias,0.266196995969
33,2048,0.64,nobias,0.266574614331
34,128,0.0025,nobias,0.00937546307887
34,256,0.0025,nobias,0.0112540383007
34,512,0.0025,nobias,0.00949806590436
34,1024,0.0025,nobias,0.00951500267359
34,2048,0.0025,nobias,0.00979940289441
34,128,0.01,nobias,0.0136855197708
34,256,0.01,nobias,0.0118332981169
34,512,0.01,nobias,0.0116489431216
34,1024,0.01,nobias,0.0118567746254
34,2048,0.01,nobias,0.0120933893244
34,128,0.04,nobias,0.0230991375202
34,256,0.04,nobias,0.0244465615651
34,512,0.04,nobias,0.0238386000622
34,1024,0.04,nobias,0.0260179259627
34,2048,0.04,nobias,0.0231756736623
34,128,0.16,nobias,0.0885528502452
34,256,0.16,nobias,0.0855360533802
34,512,0.16,nobias,0.0875220713965
34,1024,0.16,nobias,0.0816855908045
34,2048,0.16,nobias,0.0864175953013
34,128,0.64,nobias,0.260753604451
34,256,0.64,nobias,0.254504570298
34,512,0.64,nobias,0.260182079961
34,1024,0.64,nobias,0.258420455957
34,2048,0.64,nobias,0.26306129225
35,128,0.0025,nobias,0.0101310213354
35,256,0.0025,nobias,0.00964748625461
35,512,0.0025,nobias,0.00942421242171
35,1024,0.0025,nobias,0.0095328020937
35,2048,0.0025,nobias,0.0106418538984
35,128,0.01,nobias,0.0131646857073
35,256,0.01,nobias,0.0126961816972
35,512,0.01,nobias,0.0115138822017
35,1024,0.01,nobias,0.0132510046369
35,2048,0.01,nobias,0.0117827308407
35,128,0.04,nobias,0.0228260626377
35,256,0.04,nobias,0.0240833090881
35,512,0.04,nobias,0.0232968622515
35,1024,0.04,nobias,0.0243215637871
35,2048,0.04,nobias,0.0257824918399
35,128,0.16,nobias,0.0848504720199
35,256,0.16,nobias,0.0863721570984
35,512,0.16,nobias,0.0840140631199
35,1024,0.16,nobias,0.0875912755246
35,2048,0.16,nobias,0.0844616698874
35,128,0.64,nobias,0.25434592489
35,256,0.64,nobias,0.260095220217
35,512,0.64,nobias,0.267252174481
35,1024,0.64,nobias,0.262904361912
35,2048,0.64,nobias,0.259684328129
36,128,0.0025,nobias,0.0114815385581
36,256,0.0025,nobias,0.00926328509798
36,512,0.0025,nobias,0.00997787922964
36,1024,0.0025,nobias,0.00970760768461
36,2048,0.0025,nobias,0.00960988059089
36,128,0.01,nobias,0.0127141258579
36,256,0.01,nobias,0.0114204331546
36,512,0.01,nobias,0.0124664451014
36,1024,0.01,nobias,0.01192558359
36,2048,0.01,nobias,0.0120840365828
36,128,0.04,nobias,0.028103575343
36,256,0.04,nobias,0.0250979401213
36,512,0.04,nobias,0.0232785829846
36,1024,0.04,nobias,0.0258401696437
36,2048,0.04,nobias,0.025724372293
36,128,0.16,nobias,0.0802422551143
36,256,0.16,nobias,0.0839786269622
36,512,0.16,nobias,0.0841879461373
36,1024,0.16,nobias,0.0837920610521
36,2048,0.16,nobias,0.0863128262807
36,128,0.64,nobias,0.266286501107
36,256,0.64,nobias,0.258383023716
36,512,0.64,nobias,0.263233067351
36,1024,0.64,nobias,0.257089762312
36,2048,0.64,nobias,0.259233706884
37,128,0.0025,nobias,0.00987439547763
37,256,0.0025,nobias,0.0092722184813
37,512,0.0025,nobias,0.00983221638984
37,1024,0.0025,nobias,0.00967071514816
37,2048,0.0025,nobias,0.0097120583681
37,128,0.01,nobias,0.0128654243684
37,256,0.01,nobias,0.0132906388377
37,512,0.01,nobias,0.0118644221054
37,1024,0.01,nobias,0.0124865659231
37,2048,0.01,nobias,0.0119039775454
37,128,0.04,nobias,0.0261116091896
37,256,0.04,nobias,0.0238378608263
37,512,0.04,nobias,0.023204275577
37,1024,0.04,nobias,0.0243741645692
37,2048,0.04,nobias,0.0258808543045
37,128,0.16,nobias,0.0869938015769
37,256,0.16,nobias,0.0839719530027
37,512,0.16,nobias,0.0839017209205
37,1024,0.16,nobias,0.0822700060797
37,2048,0.16,nobias,0.0852422044957
37,128,0.64,nobias,0.259853884282
37,256,0.64,nobias,0.267058585713
37,512,0.64,nobias,0.261733993554
37,1024,0.64,nobias,0.268754409465
37,2048,0.64,nobias,0.261666264406
38,128,0.0025,nobias,0.0104265652496
38,256,0.0025,nobias,0.00967761428082
38,512,0.0025,nobias,0.00980149453422
38,1024,0.0025,nobias,0.00959257560437
38,2048,0.0025,nobias,0.0102560525089
38,128,0.01,nobias,0.0119149604713
38,256,0.01,nobias,0.0112209614562
38,512,0.01,nobias,0.012021262232
38,1024,0.01,nobias,0.0120453790831
38,2048,0.01,nobias,0.0126886430239
38,128,0.04,nobias,0.0248489543417
38,256,0.04,nobias,0.0238877224135
38,512,0.04,nobias,0.0248109712279
38,1024,0.04,nobias,0.0257779944594
38,2048,0.04,nobias,0.0240886831212
38,128,0.16,nobias,0.0808153705535
38,256,0.16,nobias,0.0859464158699
38,512,0.16,nobias,0.0868926531609
38,1024,0.16,nobias,0.0829712576346
38,2048,0.16,nobias,0.083861175356
38,128,0.64,nobias,0.252881223452
38,256,0.64,nobias,0.254705530228
38,512,0.64,nobias,0.266498442433
38,1024,0.64,nobias,0.259156229004
38,2048,0.64,nobias,0.258534676611
39,128,0.0025,nobias,0.00711464017359
39,256,0.0025,nobias,0.00919060290871
39,512,0.0025,nobias,0.0104094989683
39,1024,0.0025,nobias,0.009968042336
39,2048,0.0025,nobias,0.009788801556
39,128,0.01,nobias,0.0141801798965
39,256,0.01,nobias,0.0107124808237
39,512,0.01,nobias,0.0126393836135
39,1024,0.01,nobias,0.0123567094647
39,2048,0.01,nobias,0.0126172551709
39,128,0.04,nobias,0.0256574248337
39,256,0.04,nobias,0.024296268836
39,512,0.04,nobias,0.024805088271
39,1024,0.04,nobias,0.0236968705804
39,2048,0.04,nobias,0.024259986106
39,128,0.16,nobias,0.0860507466336
39,256,0.16,nobias,0.0810698880541
39,512,0.16,nobias,0.0855995315036
39,1024,0.16,nobias,0.0836673233024
39,2048,0.16,nobias,0.0860006422133
39,128,0.64,nobias,0.268686905553
39,256,0.64,nobias,0.264869765401
39,512,0.64,nobias,0.263569272093
39,1024,0.64,nobias,0.255386336355
39,2048,0.64,nobias,0.256576014735
40,128,0.0025,nobias,0.0103522082489
40,256,0.0025,nobias,0.0107382282484
40,512,0.0025,nobias,0.0103118034268
40,1024,0.0025,nobias,0.00946110267221
40,2048,0.0025,nobias,0.0100749024976
40,128,0.01,nobias,0.0119104492603
40,256,0.01,nobias,0.0124670855619
40,512,0.01,nobias,0.0115534867977
40,1024,0.01,nobias,0.0122154699236
40,2048,0.01,nobias,0.0124700190292
40,128,0.04,nobias,0.0264580328798
40,256,0.04,nobias,0.0261081099896
40,512,0.04,nobias,0.0231016974466
40,1024,0.04,nobias,0.0255768407289
40,2048,0.04,nobias,0.0249236168361
40,128,0.16,nobias,0.0832556819853
40,256,0.16,nobias,0.0861309964137
40,512,0.16,nobias,0.0873780387923
40,1024,0.16,nobias,0.0857359122792
40,2048,0.16,nobias,0.0845003040753
40,128,0.64,nobias,0.264455853366
40,256,0.64,nobias,0.256458777558
40,512,0.64,nobias,0.26125977295
40,1024,0.64,nobias,0.265566835863
40,2048,0.64,nobias,0.260847877019
41,128,0.0025,nobias,0.00891627258196
41,256,0.0025,nobias,0.010709930383
41,512,0.0025,nobias,0.0100751102249
41,1024,0.0025,nobias,0.00863486375808
41,2048,0.0025,nobias,0.00950630944157
41,128,0.01,nobias,0.0117418535198
41,256,0.01,nobias,0.0124017514107
41,512,0.01,nobias,0.0114628822389
41,1024,0.01,nobias,0.0120521440695
41,2048,0.01,nobias,0.0117683823194
41,128,0.04,nobias,0.026090753109
41,256,0.04,nobias,0.0234662022335
41,512,0.04,nobias,0.0246673285095
41,1024,0.04,nobias,0.0230833205366
41,2048,0.04,nobias,0.0250177534108
41,128,0.16,nobias,0.0845852462987
41,256,0.16,nobias,0.0824270866838
41,512,0.16,nobias,0.0877862840749
41,1024,0.16,nobias,0.0872843606399
41,2048,0.16,nobias,0.0842378878362
41,128,0.64,nobias,0.262992203268
41,256,0.64,nobias,0.258344668885
41,512,0.64,nobias,0.26125827595
41,1024,0.64,nobias,0.256808288977
41,2048,0.64,nobias,0.261549855813
42,128,0.0025,nobias,0.0106789897345
42,256,0.0025,nobias,0.010670169128
42,512,0.0025,nobias,0.0109714833327
42,1024,0.0025,nobias,0.00906405241656
42,2048,0.0025,nobias,0.00991573128773
42,128,0.01,nobias,0.0129852822185
42,256,0.01,nobias,0.0113402565292
42,512,0.01,nobias,0.0128278127021
42,1024,0.01,nobias,0.0123155457193
42,2048,0.01,nobias,0.0115683349316
42,128,0.04,nobias,0.0263802476079
42,256,0.04,nobias,0.0236486600872
42,512,0.04,nobias,0.0244453391265
42,1024,0.04,nobias,0.0247000142042
42,2048,0.04,nobias,0.0236233148215
42,128,0.16,nobias,0.0942821823831
42,256,0.16,nobias,0.0874246243867
42,512,0.16,nobias,0.0852444871986
42,1024,0.16,nobias,0.0858303070093
42,2048,0.16,nobias,0.0860503980422
42,128,0.64,nobias,0.269542892362
42,256,0.64,nobias,0.261670264341
42,512,0.64,nobias,0.258653689722
42,1024,0.64,nobias,0.260156288551
42,2048,0.64,nobias,0.257329829397
43,128,0.0025,nobias,0.0103592575532
43,256,0.0025,nobias,0.0104772068758
43,512,0.0025,nobias,0.00943087800631
43,1024,0.0025,nobias,0.0101163285866
43,2048,0.0025,nobias,0.010023627496
43,128,0.01,nobias,0.0130172576921
43,256,0.01,nobias,0.0123880292201
43,512,0.01,nobias,0.0119162476358
43,1024,0.01,nobias,0.012094625789
43,2048,0.01,nobias,0.0129368114193
43,128,0.04,nobias,0.0262153220211
43,256,0.04,nobias,0.0242555768965
43,512,0.04,nobias,0.0255709577906
43,1024,0.04,nobias,0.02453241655
43,2048,0.04,nobias,0.0239958676219
43,128,0.16,nobias,0.0827692542631
43,256,0.16,nobias,0.0830346424731
43,512,0.16,nobias,0.0856392977875
43,1024,0.16,nobias,0.0850728480714
43,2048,0.16,nobias,0.0833895484209
43,128,0.64,nobias,0.262198292542
43,256,0.64,nobias,0.263859600564
43,512,0.64,nobias,0.26139173336
43,1024,0.64,nobias,0.256885202097
43,2048,0.64,nobias,0.25850610177
44,128,0.0025,nobias,0.00981344663897
44,256,0.0025,nobias,0.00899316699629
44,512,0.0025,nobias,0.00862818706552
44,1024,0.0025,nobias,0.0098075098063
44,2048,0.0025,nobias,0.00966212849548
44,128,0.01,nobias,0.0125527659127
44,256,0.01,nobias,0.0113957685166
44,512,0.01,nobias,0.0115256981605
44,1024,0.01,nobias,0.0121535354998
44,2048,0.01,nobias,0.0124269190092
44,128,0.04,nobias,0.0259163331105
44,256,0.04,nobias,0.02391872621
44,512,0.04,nobias,0.024221844084
44,1024,0.04,nobias,0.0237603079523
44,2048,0.04,nobias,0.0232437456451
44,128,0.16,nobias,0.0806150842749
44,256,0.16,nobias,0.0847946580982
44,512,0.16,nobias,0.0866505651001
44,1024,0.16,nobias,0.0861122593679
44,2048,0.16,nobias,0.0855778535074
44,128,0.64,nobias,0.265866494344
44,256,0.64,nobias,0.257172324043
44,512,0.64,nobias,0.262332872451
44,1024,0.64,nobias,0.257686939997
44,2048,0.64,nobias,0.261845817316
45,128,0.0025,nobias,0.0114906378863
45,256,0.0025,nobias,0.00950520190939
45,512,0.0025,nobias,0.010653296863
45,1024,0.0025,nobias,0.0103129376394
45,2048,0.0025,nobias,0.00964024729841
45,128,0.01,nobias,0.0125786789063
45,256,0.01,nobias,0.0112582838401
45,512,0.01,nobias,0.0123728666705
45,1024,0.01,nobias,0.0122500317013
45,2048,0.01,nobias,0.0119699605027
45,128,0.04,nobias,0.0258584550431
45,256,0.04,nobias,0.0233969489903
45,512,0.04,nobias,0.0241389580685
45,1024,0.04,nobias,0.0243594808255
45,2048,0.04,nobias,0.0238825835503
45,128,0.16,nobias,0.0895606562445
45,256,0.16,nobias,0.0852773298236
45,512,0.16,nobias,0.0803525481321
45,1024,0.16,nobias,0.0819550693427
45,2048,0.16,nobias,0.0829672570594
45,128,0.64,nobias,0.25656033583
45,256,0.64,nobias,0.25974990083
45,512,0.64,nobias,0.263650359678
45,1024,0.64,nobias,0.263733145061
45,2048,0.64,nobias,0.258678198558
46,128,0.0025,nobias,0.0105216770316
46,256,0.0025,nobias,0.00775211458764
46,512,0.0025,nobias,0.00920981108377
46,1024,0.0025,nobias,0.00940116097391
46,2048,0.0025,nobias,0.00927773526521
46,128,0.01,nobias,0.0125663465637
46,256,0.01,nobias,0.0124557595253
46,512,0.01,nobias,0.0125757771363
46,1024,0.01,nobias,0.0119788435511
46,2048,0.01,nobias,0.0126404402227
46,128,0.04,nobias,0.0253084631098
46,256,0.04,nobias,0.0242555544194
46,512,0.04,nobias,0.0247319141763
46,1024,0.04,nobias,0.0252806695012
46,2048,0.04,nobias,0.0244186342949
46,128,0.16,nobias,0.086213781158
46,256,0.16,nobias,0.0911121716825
46,512,0.16,nobias,0.0844631626272
46,1024,0.16,nobias,0.0837938673074
46,2048,0.16,nobias,0.0841290994436
46,128,0.64,nobias,0.256319068887
46,256,0.64,nobias,0.263087086229
46,512,0.64,nobias,0.257919650349
46,1024,0.64,nobias,0.25651452672
46,2048,0.64,nobias,0.255490261306
47,128,0.0025,nobias,0.0114435329809
47,256,0.0025,nobias,0.00742778603154
47,512,0.0025,nobias,0.0100375065147
47,1024,0.0025,nobias,0.0101830059169
47,2048,0.0025,nobias,0.00909068486277
47,128,0.01,nobias,0.0107750029583
47,256,0.01,nobias,0.011450095853
47,512,0.01,nobias,0.0125502460266
47,1024,0.01,nobias,0.01229908809
47,2048,0.01,nobias,0.0121005280476
47,128,0.04,nobias,0.025483906492
47,256,0.04,nobias,0.0238339235467
47,512,0.04,nobias,0.0249289049007
47,1024,0.04,nobias,0.0243862770282
47,2048,0.04,nobias,0.0247646302441
47,128,0.16,nobias,0.081468635027
47,256,0.16,nobias,0.0875633759206
47,512,0.16,nobias,0.0872781517604
47,1024,0.16,nobias,0.083238155786
47,2048,0.16,nobias,0.083840919122
47,128,0.64,nobias,0.263039252115
47,256,0.64,nobias,0.252690544061
47,512,0.64,nobias,0.250418210381
47,1024,0.64,nobias,0.258218065206
47,2048,0.64,nobias,0.252924354248
48,128,0.0025,nobias,0.00828490536964
48,256,0.0025,nobias,0.00918010594846
48,512,0.0025,nobias,0.0101220571966
48,1024,0.0025,nobias,0.010047193439
48,2048,0.0025,nobias,0.00957518308996
48,128,0.01,nobias,0.0127826109182
48,256,0.01,nobias,0.0129176199556
48,512,0.01,nobias,0.0133028622484
48,1024,0.01,nobias,0.0114256605765
48,2048,0.01,nobias,0.0117677479825
48,128,0.04,nobias,0.0260317255747
48,256,0.04,nobias,0.0239963370918
48,512,0.04,nobias,0.0225130372484
48,1024,0.04,nobias,0.0252665402787
48,2048,0.04,nobias,0.0242935703925
48,128,0.16,nobias,0.0804238515687
48,256,0.16,nobias,0.0875252746078
48,512,0.16,nobias,0.0894925557985
48,1024,0.16,nobias,0.0825472407516
48,2048,0.16,nobias,0.0838252020261
48,128,0.64,nobias,0.251946432064
48,256,0.64,nobias,0.259371047137
48,512,0.64,nobias,0.259147287828
48,1024,0.64,nobias,0.256026222932
48,2048,0.64,nobias,0.260754557153
49,128,0.0025,nobias,0.0105909035107
49,256,0.0025,nobias,0.00977216524221
49,512,0.0025,nobias,0.0101722210789
49,1024,0.0025,nobias,0.00964498292937
49,2048,0.0025,nobias,0.00982140464422
49,128,0.01,nobias,0.0148560477497
49,256,0.01,nobias,0.0117724639622
49,512,0.01,nobias,0.0115533156565
49,1024,0.01,nobias,0.0121962980286
49,2048,0.01,nobias,0.0120880008785
49,128,0.04,nobias,0.0239438672752
49,256,0.04,nobias,0.023362611679
49,512,0.04,nobias,0.0256595479624
49,1024,0.04,nobias,0.0256381277005
49,2048,0.04,nobias,0.0241463419308
49,128,0.16,nobias,0.0848670880008
49,256,0.16,nobias,0.0945079026758
49,512,0.16,nobias,0.0858329260291
49,1024,0.16,nobias,0.084361140118
49,2048,0.16,nobias,0.0869404248824
49,128,0.64,nobias,0.257909722832
49,256,0.64,nobias,0.260270237241
49,512,0.64,nobias,0.261563313172
49,1024,0.64,nobias,0.259706159714
49,2048,0.64,nobias,0.258374326099
50,128,0.0025,nobias,0.0106022858069
50,256,0.0025,nobias,0.00973551105908
50,512,0.0025,nobias,0.00959263667252
50,1024,0.0025,nobias,0.0100644252441
50,2048,0.0025,nobias,0.00952205511891
50,128,0.01,nobias,0.0112117806531
50,256,0.01,nobias,0.0119080509839
50,512,0.01,nobias,0.0121746606611
50,1024,0.01,nobias,0.0122162895733
50,2048,0.01,nobias,0.0117436186532
50,128,0.04,nobias,0.0249571723401
50,256,0.04,nobias,0.0234105914014
50,512,0.04,nobias,0.0233601727346
50,1024,0.04,nobias,0.0256508972194
50,2048,0.04,nobias,0.0235171141758
50,128,0.16,nobias,0.084446723874
50,256,0.16,nobias,0.0856290720142
50,512,0.16,nobias,0.0786831327029
50,1024,0.16,nobias,0.0859823866047
50,2048,0.16,nobias,0.0830933874529
50,128,0.64,nobias,0.266285796799
50,256,0.64,nobias,0.272509990966
50,512,0.64,nobias,0.264176701365
50,1024,0.64,nobias,0.258660509194
50,2048,0.64,nobias,0.266015434006
1,128,0.0025,bias,0.0089015997458
1,256,0.0025,bias,0.0100617638229
1,512,0.0025,bias,0.00875049430892
1,1024,0.0025,bias,0.00910827831126
1,2048,0.0025,bias,0.00973233544654
1,128,0.01,bias,0.0117190153504
1,256,0.01,bias,0.0115085343072
1,512,0.01,bias,0.0109001565832
1,1024,0.01,bias,0.0113207833849
1,2048,0.01,bias,0.0118143846869
1,128,0.04,bias,0.0240775556464
1,256,0.04,bias,0.0232313748777
1,512,0.04,bias,0.0233301610882
1,1024,0.04,bias,0.0217803289212
1,2048,0.04,bias,0.0220069309425
1,128,0.16,bias,0.0759020239216
1,256,0.16,bias,0.0678769241216
1,512,0.16,bias,0.072775739036
1,1024,0.16,bias,0.0710050122995
1,2048,0.16,bias,0.076967997014
1,128,0.64,bias,0.216615021241
1,256,0.64,bias,0.214675194281
1,512,0.64,bias,0.210734971141
1,1024,0.64,bias,0.219964942011
1,2048,0.64,bias,0.213402394906
2,128,0.0025,bias,0.00978356908347
2,256,0.0025,bias,0.00986784227614
2,512,0.0025,bias,0.00867640506598
2,1024,0.0025,bias,0.00965294111243
2,2048,0.0025,bias,0.00863738651048
2,128,0.01,bias,0.0113385035502
2,256,0.01,bias,0.0104498026044
2,512,0.01,bias,0.0114238049547
2,1024,0.01,bias,0.011638588237
2,2048,0.01,bias,0.0118486579708
2,128,0.04,bias,0.020363879145
2,256,0.04,bias,0.0217978520868
2,512,0.04,bias,0.0234897324128
2,1024,0.04,bias,0.0223320408879
2,2048,0.04,bias,0.0212520843773
2,128,0.16,bias,0.0691228755519
2,256,0.16,bias,0.0707157523358
2,512,0.16,bias,0.0737023388071
2,1024,0.16,bias,0.0732094443749
2,2048,0.16,bias,0.0702479827774
2,128,0.64,bias,0.214877562102
2,256,0.64,bias,0.208720113314
2,512,0.64,bias,0.215985350694
2,1024,0.64,bias,0.208183044116
2,2048,0.64,bias,0.218499615417
3,128,0.0025,bias,0.00984981609344
3,256,0.0025,bias,0.0090372992868
3,512,0.0025,bias,0.00873684553436
3,1024,0.0025,bias,0.00875352731709
3,2048,0.0025,bias,0.00969992905297
3,128,0.01,bias,0.01125460312
3,256,0.01,bias,0.011609607006
3,512,0.01,bias,0.012468739527
3,1024,0.01,bias,0.0116519501737
3,2048,0.01,bias,0.0125342039032
3,128,0.04,bias,0.0229640779136
3,256,0.04,bias,0.0198166401291
3,512,0.04,bias,0.0214648485522
3,1024,0.04,bias,0.0218361877276
3,2048,0.04,bias,0.0217815134922
3,128,0.16,bias,0.0687154099113
3,256,0.16,bias,0.0720926432656
3,512,0.16,bias,0.0687533177711
3,1024,0.16,bias,0.0703020596948
3,2048,0.16,bias,0.0709071851531
3,128,0.64,bias,0.210651915881
3,256,0.64,bias,0.210170899777
3,512,0.64,bias,0.222890278744
3,1024,0.64,bias,0.215860106833
3,2048,0.64,bias,0.213214300731
4,128,0.0025,bias,0.0106266961512
4,256,0.0025,bias,0.0100642980312
4,512,0.0025,bias,0.00970343212525
4,1024,0.0025,bias,0.00930317797667
4,2048,0.0025,bias,0.00955749419456
4,128,0.01,bias,0.0114353213312
4,256,0.01,bias,0.00975857239077
4,512,0.01,bias,0.0108870405882
4,1024,0.01,bias,0.0120785851321
4,2048,0.01,bias,0.0113180493582
4,128,0.04,bias,0.0216945621823
4,256,0.04,bias,0.0203365314773
4,512,0.04,bias,0.0215070012451
4,1024,0.04,bias,0.0228673565583
4,2048,0.04,bias,0.0224617646239
4,128,0.16,bias,0.0856010354856
4,256,0.16,bias,0.0701020003324
4,512,0.16,bias,0.0752581626915
4,1024,0.16,bias,0.0764876106146
4,2048,0.16,bias,0.0742525539328
4,128,0.64,bias,0.222162964954
4,256,0.64,bias,0.220072022841
4,512,0.64,bias,0.219348067176
4,1024,0.64,bias,0.214036089282
4,2048,0.64,bias,0.213933541789
5,128,0.0025,bias,0.00893686121996
5,256,0.0025,bias,0.00790040928379
5,512,0.0025,bias,0.00944573573625
5,1024,0.0025,bias,0.00900338538388
5,2048,0.0025,bias,0.00984193868194
5,128,0.01,bias,0.0125575530345
5,256,0.01,bias,0.011934438322
5,512,0.01,bias,0.0123739424572
5,1024,0.01,bias,0.0110004833405
5,2048,0.01,bias,0.0108000811438
5,128,0.04,bias,0.0230616934189
5,256,0.04,bias,0.0235914294874
5,512,0.04,bias,0.0221893531336
5,1024,0.04,bias,0.022110440847
5,2048,0.04,bias,0.0226359252425
5,128,0.16,bias,0.0744628153714
5,256,0.16,bias,0.0721559512868
5,512,0.16,bias,0.0723670192329
5,1024,0.16,bias,0.0759567156065
5,2048,0.16,bias,0.0750104313214
5,128,0.64,bias,0.222215726455
5,256,0.64,bias,0.218015195935
5,512,0.64,bias,0.217666928529
5,1024,0.64,bias,0.221008603001
5,2048,0.64,bias,0.218369150212
6,128,0.0025,bias,0.00829105175333
6,256,0.0025,bias,0.00979226876006
6,512,0.0025,bias,0.0113968825372
6,1024,0.0025,bias,0.00904744640728
6,2048,0.0025,bias,0.00986464625692
6,128,0.01,bias,0.0133307472101
6,256,0.01,bias,0.0119221963998
6,512,0.01,bias,0.010949153798
6,1024,0.01,bias,0.0114885633822
6,2048,0.01,bias,0.0113739985149
6,128,0.04,bias,0.0200655233744
6,256,0.04,bias,0.0229156090177
6,512,0.04,bias,0.0234502360945
6,1024,0.04,bias,0.0220512593393
6,2048,0.04,bias,0.0212806772096
6,128,0.16,bias,0.071623579554
6,256,0.16,bias,0.0680394141636
6,512,0.16,bias,0.069932036016
6,1024,0.16,bias,0.0718155429045
6,2048,0.16,bias,0.0718008936985
6,128,0.64,bias,0.219483427542
6,256,0.64,bias,0.207954011152
6,512,0.64,bias,0.221131912591
6,1024,0.64,bias,0.225672383049
6,2048,0.64,bias,0.215640958692
7,128,0.0025,bias,0.0086687492449
7,256,0.0025,bias,0.0109756458627
7,512,0.0025,bias,0.00983061840595
7,1024,0.0025,bias,0.00953828293132
7,2048,0.0025,bias,0.0100369499677
7,128,0.01,bias,0.0114587617228
7,256,0.01,bias,0.0106641342369
7,512,0.01,bias,0.0116532251444
7,1024,0.01,bias,0.0123351883705
7,2048,0.01,bias,0.0118875934812
7,128,0.04,bias,0.0198333021866
7,256,0.04,bias,0.0207609185272
7,512,0.04,bias,0.0212711494719
7,1024,0.04,bias,0.0237082043065
7,2048,0.04,bias,0.0235115233641
7,128,0.16,bias,0.0682205119839
7,256,0.16,bias,0.073607396511
7,512,0.16,bias,0.0742543016976
7,1024,0.16,bias,0.0699164416473
7,2048,0.16,bias,0.0742910279908
7,128,0.64,bias,0.216919375145
7,256,0.64,bias,0.217298510794
7,512,0.64,bias,0.217829890244
7,1024,0.64,bias,0.212948260356
7,2048,0.64,bias,0.215055922337
8,128,0.0025,bias,0.0102718098929
8,256,0.0025,bias,0.00815379511749
8,512,0.0025,bias,0.00956011854631
8,1024,0.0025,bias,0.00953909695203
8,2048,0.0025,bias,0.00943215064298
8,128,0.01,bias,0.0110148343884
8,256,0.01,bias,0.0122261180931
8,512,0.01,bias,0.0108561698646
8,1024,0.01,bias,0.0110398966148
8,2048,0.01,bias,0.0110930275072
8,128,0.04,bias,0.020297400815
8,256,0.04,bias,0.0191826596659
8,512,0.04,bias,0.0235483767504
8,1024,0.04,bias,0.0227211724574
8,2048,0.04,bias,0.0222901702336
8,128,0.16,bias,0.0760823489571
8,256,0.16,bias,0.0760233419304
8,512,0.16,bias,0.07501931928
8,1024,0.16,bias,0.0707574323348
8,2048,0.16,bias,0.0699419113383
8,128,0.64,bias,0.212565094377
8,256,0.64,bias,0.217638996136
8,512,0.64,bias,0.219419131859
8,1024,0.64,bias,0.212878312094
8,2048,0.64,bias,0.221829960238
9,128,0.0025,bias,0.0112725438554
9,256,0.0025,bias,0.0083365769569
9,512,0.0025,bias,0.0105143211763
9,1024,0.0025,bias,0.00968099971003
9,2048,0.0025,bias,0.00900357185945
9,128,0.01,bias,0.0126324130621
9,256,0.01,bias,0.0122910323052
9,512,0.01,bias,0.0116509575855
9,1024,0.01,bias,0.0120208476502
9,2048,0.01,bias,0.011178204571
9,128,0.04,bias,0.0225671080847
9,256,0.04,bias,0.0230325287775
9,512,0.04,bias,0.0218786816382
9,1024,0.04,bias,0.0232590301689
9,2048,0.04,bias,0.0197050964759
9,128,0.16,bias,0.0750070719767
9,256,0.16,bias,0.0713697316216
9,512,0.16,bias,0.0706529071786
9,1024,0.16,bias,0.0707414654314
9,2048,0.16,bias,0.0739005926021
9,128,0.64,bias,0.217125998851
9,256,0.64,bias,0.225899280233
9,512,0.64,bias,0.2215514423
9,1024,0.64,bias,0.216224045072
9,2048,0.64,bias,0.216542485856
10,128,0.0025,bias,0.00799401455475
10,256,0.0025,bias,0.00898466781907
10,512,0.0025,bias,0.00991723678557
10,1024,0.0025,bias,0.00860348208274
10,2048,0.0025,bias,0.00952553379077
10,128,0.01,bias,0.0124616849881
10,256,0.01,bias,0.0108277135432
10,512,0.01,bias,0.0113735907487
10,1024,0.01,bias,0.0113431125223
10,2048,0.01,bias,0.0121707463793
10,128,0.04,bias,0.0210648534405
10,256,0.04,bias,0.0235117030654
10,512,0.04,bias,0.0235183799572
10,1024,0.04,bias,0.0213163813703
10,2048,0.04,bias,0.0219937652565
10,128,0.16,bias,0.0724494790105
10,256,0.16,bias,0.0687503205482
10,512,0.16,bias,0.0719983651107
10,1024,0.16,bias,0.0736089639296
10,2048,0.16,bias,0.0784892677578
10,128,0.64,bias,0.211524236295
10,256,0.64,bias,0.222063830245
10,512,0.64,bias,0.210809686939
10,1024,0.64,bias,0.220463925215
10,2048,0.64,bias,0.215550460127
11,128,0.0025,bias,0.0115000677282
11,256,0.0025,bias,0.00853782316962
11,512,0.0025,bias,0.0102388855163
11,1024,0.0025,bias,0.00986879275206
11,2048,0.0025,bias,0.00852937616739
11,128,0.01,bias,0.0116547992825
11,256,0.01,bias,0.01224496298
11,512,0.01,bias,0.0119366913527
11,1024,0.01,bias,0.0116355822283
11,2048,0.01,bias,0.0123439971027
11,128,0.04,bias,0.0248382481077
11,256,0.04,bias,0.0207897020154
11,512,0.04,bias,0.0241488468282
11,1024,0.04,bias,0.0210757142659
11,2048,0.04,bias,0.0219876300517
11,128,0.16,bias,0.0694147879374
11,256,0.16,bias,0.0721501848683
11,512,0.16,bias,0.072529954575
11,1024,0.16,bias,0.0696489674075
11,2048,0.16,bias,0.069505923552
11,128,0.64,bias,0.213634355975
11,256,0.64,bias,0.209869142179
11,512,0.64,bias,0.221281267957
11,1024,0.64,bias,0.226634530405
11,2048,0.64,bias,0.211915881171
12,128,0.0025,bias,0.0111284309054
12,256,0.0025,bias,0.00948663365268
12,512,0.0025,bias,0.0115626532028
12,1024,0.0025,bias,0.00943494834986
12,2048,0.0025,bias,0.00953945160308
12,128,0.01,bias,0.0130761499776
12,256,0.01,bias,0.0134316023293
12,512,0.01,bias,0.0120821731603
12,1024,0.01,bias,0.011781733476
12,2048,0.01,bias,0.0115980880984
12,128,0.04,bias,0.0233104193207
12,256,0.04,bias,0.0213084576593
12,512,0.04,bias,0.0225666112572
12,1024,0.04,bias,0.0217154502393
12,2048,0.04,bias,0.022710124355
12,128,0.16,bias,0.0690936662729
12,256,0.16,bias,0.0692005059778
12,512,0.16,bias,0.072071851836
12,1024,0.16,bias,0.0729654872408
12,2048,0.16,bias,0.0704175168729
12,128,0.64,bias,0.229821697185
12,256,0.64,bias,0.214609076453
12,512,0.64,bias,0.216712965659
12,1024,0.64,bias,0.216609379732
12,2048,0.64,bias,0.214182554182
13,128,0.0025,bias,0.0101319622506
13,256,0.0025,bias,0.00907877491829
13,512,0.0025,bias,0.00908507323049
13,1024,0.0025,bias,0.00974776707407
13,2048,0.0025,bias,0.00913932719397
13,128,0.01,bias,0.0129530899354
13,256,0.01,bias,0.0118452832243
13,512,0.01,bias,0.0111158257054
13,1024,0.01,bias,0.011507587154
13,2048,0.01,bias,0.0115184181914
13,128,0.04,bias,0.0208232403853
13,256,0.04,bias,0.0235207243414
13,512,0.04,bias,0.0225520982734
13,1024,0.04,bias,0.0218553041053
13,2048,0.04,bias,0.0222280727826
13,128,0.16,bias,0.0766423423896
13,256,0.16,bias,0.070365029734
13,512,0.16,bias,0.0739905052921
13,1024,0.16,bias,0.0730141279894
13,2048,0.16,bias,0.0715576461671
13,128,0.64,bias,0.215898997349
13,256,0.64,bias,0.216408963405
13,512,0.64,bias,0.217166102059
13,1024,0.64,bias,0.206890534599
13,2048,0.64,bias,0.218862086507
14,128,0.0025,bias,0.00880675032407
14,256,0.0025,bias,0.0101431884633
14,512,0.0025,bias,0.0104505872809
14,1024,0.0025,bias,0.00891450359388
14,2048,0.0025,bias,0.00959034196141
14,128,0.01,bias,0.0112818158593
14,256,0.01,bias,0.0122332829399
14,512,0.01,bias,0.01141356118
14,1024,0.01,bias,0.0119287955712
14,2048,0.01,bias,0.0122441887178
14,128,0.04,bias,0.0240767805484
14,256,0.04,bias,0.0235352827837
14,512,0.04,bias,0.0208351701236
14,1024,0.04,bias,0.0220116162637
14,2048,0.04,bias,0.0227486214049
14,128,0.16,bias,0.0685587430088
14,256,0.16,bias,0.0722813540399
14,512,0.16,bias,0.0705414512956
14,1024,0.16,bias,0.0713444198202
14,2048,0.16,bias,0.0690022216399
14,128,0.64,bias,0.222277594486
14,256,0.64,bias,0.20734252521
14,512,0.64,bias,0.212508088543
14,1024,0.64,bias,0.219803033416
14,2048,0.64,bias,0.214905180033
15,128,0.0025,bias,0.00929164431136
15,256,0.0025,bias,0.0110837552962
15,512,0.0025,bias,0.0103286579146
15,1024,0.0025,bias,0.00956481994881
15,2048,0.0025,bias,0.00924794025689
15,128,0.01,bias,0.0128501073215
15,256,0.01,bias,0.0110498354852
15,512,0.01,bias,0.0115389724398
15,1024,0.01,bias,0.0114777094327
15,2048,0.01,bias,0.011541846174
15,128,0.04,bias,0.0242107346783
15,256,0.04,bias,0.0211281159284
15,512,0.04,bias,0.0227015793606
15,1024,0.04,bias,0.0224991495223
15,2048,0.04,bias,0.0240353820071
15,128,0.16,bias,0.074737897536
15,256,0.16,bias,0.076362197295
15,512,0.16,bias,0.0707137126766
15,1024,0.16,bias,0.0709418167434
15,2048,0.16,bias,0.0734303691466
15,128,0.64,bias,0.217955642556
15,256,0.64,bias,0.231716961937
15,512,0.64,bias,0.212550920307
15,1024,0.64,bias,0.212393580855
15,2048,0.64,bias,0.21826389826
16,128,0.0025,bias,0.0110008337066
16,256,0.0025,bias,0.0082986480992
16,512,0.0025,bias,0.00961030948641
16,1024,0.0025,bias,0.00889343931123
16,2048,0.0025,bias,0.00928938331567
16,128,0.01,bias,0.0104215013123
16,256,0.01,bias,0.0112275093831
16,512,0.01,bias,0.0119824565376
16,1024,0.01,bias,0.0111907616748
16,2048,0.01,bias,0.0120523191229
16,128,0.04,bias,0.0208355070531
16,256,0.04,bias,0.0226091752181
16,512,0.04,bias,0.0235260388035
16,1024,0.04,bias,0.0223645129384
16,2048,0.04,bias,0.0214773514431
16,128,0.16,bias,0.066227472782
16,256,0.16,bias,0.0758192801696
16,512,0.16,bias,0.0764672045759
16,1024,0.16,bias,0.0748545320515
16,2048,0.16,bias,0.0730404407619
16,128,0.64,bias,0.214278544608
16,256,0.64,bias,0.212312092591
16,512,0.64,bias,0.217868846436
16,1024,0.64,bias,0.207120500441
16,2048,0.64,bias,0.211507539064
17,128,0.0025,bias,0.00925819812375
17,256,0.0025,bias,0.00977429673415
17,512,0.0025,bias,0.00918422938648
17,1024,0.0025,bias,0.0095595217426
17,2048,0.0025,bias,0.00981942594916
17,128,0.01,bias,0.0108639449919
17,256,0.01,bias,0.0127166444282
17,512,0.01,bias,0.0108691230574
17,1024,0.01,bias,0.0115852603671
17,2048,0.01,bias,0.0117522995456
17,128,0.04,bias,0.0187880318859
17,256,0.04,bias,0.0234114425839
17,512,0.04,bias,0.0216112711567
17,1024,0.04,bias,0.0228471941632
17,2048,0.04,bias,0.0211454322073
17,128,0.16,bias,0.0729800411237
17,256,0.16,bias,0.0725229117986
17,512,0.16,bias,0.0746681871143
17,1024,0.16,bias,0.0721015096602
17,2048,0.16,bias,0.0740482765151
17,128,0.64,bias,0.222479765614
17,256,0.64,bias,0.226954877642
17,512,0.64,bias,0.21793281558
17,1024,0.64,bias,0.222839197448
17,2048,0.64,bias,0.21183691198
18,128,0.0025,bias,0.0100419868189
18,256,0.0025,bias,0.0102176551165
18,512,0.0025,bias,0.00891271522602
18,1024,0.0025,bias,0.00891077122131
18,2048,0.0025,bias,0.00993655793471
18,128,0.01,bias,0.0114385106359
18,256,0.01,bias,0.0112759616909
18,512,0.01,bias,0.0118035853593
18,1024,0.01,bias,0.0114407992876
18,2048,0.01,bias,0.0121647406471
18,128,0.04,bias,0.0226294270085
18,256,0.04,bias,0.0216457388215
18,512,0.04,bias,0.024485730658
18,1024,0.04,bias,0.0212788905039
18,2048,0.04,bias,0.0218358914273
18,128,0.16,bias,0.0704878164223
18,256,0.16,bias,0.0693431277277
18,512,0.16,bias,0.0722364883371
18,1024,0.16,bias,0.0738691932841
18,2048,0.16,bias,0.0731528978351
18,128,0.64,bias,0.211084264395
18,256,0.64,bias,0.215537362662
18,512,0.64,bias,0.211595339663
18,1024,0.64,bias,0.221550874761
18,2048,0.64,bias,0.215284274935
19,128,0.0025,bias,0.00873643835482
19,256,0.0025,bias,0.00922566200939
19,512,0.0025,bias,0.00948426659456
19,1024,0.0025,bias,0.0101111244898
19,2048,0.0025,bias,0.00966957986475
19,128,0.01,bias,0.0105254695609
19,256,0.01,bias,0.011981141985
19,512,0.01,bias,0.0108880888722
19,1024,0.01,bias,0.011458736779
19,2048,0.01,bias,0.0111684339464
19,128,0.04,bias,0.0233573573366
19,256,0.04,bias,0.0230910800035
19,512,0.04,bias,0.0212824911777
19,1024,0.04,bias,0.0216037553019
19,2048,0.04,bias,0.0221971069424
19,128,0.16,bias,0.0654434777919
19,256,0.16,bias,0.0731060220019
19,512,0.16,bias,0.0684933911161
19,1024,0.16,bias,0.0715694357151
19,2048,0.16,bias,0.0719805806381
19,128,0.64,bias,0.21171254798
19,256,0.64,bias,0.210079102919
19,512,0.64,bias,0.217742959467
19,1024,0.64,bias,0.217642350804
19,2048,0.64,bias,0.215410622654
20,128,0.0025,bias,0.0107534359137
20,256,0.0025,bias,0.0112225048666
20,512,0.0025,bias,0.00947705563576
20,1024,0.0025,bias,0.0105413676534
20,2048,0.0025,bias,0.00909296839761
20,128,0.01,bias,0.0121232497866
20,256,0.01,bias,0.0109886682193
20,512,0.01,bias,0.0114129478194
20,1024,0.01,bias,0.0121508411928
20,2048,0.01,bias,0.0117621870708
20,128,0.04,bias,0.0228383022113
20,256,0.04,bias,0.0222520038604
20,512,0.04,bias,0.0222425906895
20,1024,0.04,bias,0.0222264823783
20,2048,0.04,bias,0.0222636257158
20,128,0.16,bias,0.0742942161307
20,256,0.16,bias,0.0700619582556
20,512,0.16,bias,0.0762388642951
20,1024,0.16,bias,0.07129029123
20,2048,0.16,bias,0.0700880644464
20,128,0.64,bias,0.216557991198
20,256,0.64,bias,0.222112603454
20,512,0.64,bias,0.210498398631
20,1024,0.64,bias,0.21926276603
20,2048,0.64,bias,0.220876711891
21,128,0.0025,bias,0.00913756898297
21,256,0.0025,bias,0.00996670324138
21,512,0.0025,bias,0.0101133408452
21,1024,0.0025,bias,0.0102061798672
21,2048,0.0025,bias,0.0093003705943
21,128,0.01,bias,0.0115331231592
21,256,0.01,bias,0.0116395499075
21,512,0.01,bias,0.0117144056975
21,1024,0.01,bias,0.0111533485336
21,2048,0.01,bias,0.0120195654463
21,128,0.04,bias,0.0220720295548
21,256,0.04,bias,0.0207189151768
21,512,0.04,bias,0.0222881072012
21,1024,0.04,bias,0.0220917454167
21,2048,0.04,bias,0.0225623180832
21,128,0.16,bias,0.0705864407808
21,256,0.16,bias,0.0724234610857
21,512,0.16,bias,0.0697048937949
21,1024,0.16,bias,0.0736551862764
21,2048,0.16,bias,0.073261858591
21,128,0.64,bias,0.216763749163
21,256,0.64,bias,0.218657767422
21,512,0.64,bias,0.22057993404
21,1024,0.64,bias,0.207165263352
21,2048,0.64,bias,0.209777461396
22,128,0.0025,bias,0.0103307095122
22,256,0.0025,bias,0.00841383910624
22,512,0.0025,bias,0.00840891518382
22,1024,0.0025,bias,0.00955530469907
22,2048,0.0025,bias,0.0097741783155
22,128,0.01,bias,0.0121216331774
22,256,0.01,bias,0.0110052099241
22,512,0.01,bias,0.0124268788796
22,1024,0.01,bias,0.0119849541148
22,2048,0.01,bias,0.012217680592
22,128,0.04,bias,0.0212688358953
22,256,0.04,bias,0.0219719582422
22,512,0.04,bias,0.0225367928505
22,1024,0.04,bias,0.0216049568721
22,2048,0.04,bias,0.0234114327253
22,128,0.16,bias,0.076198562147
22,256,0.16,bias,0.0745927961649
22,512,0.16,bias,0.0752201476101
22,1024,0.16,bias,0.071385725457
22,2048,0.16,bias,0.0746274399552
22,128,0.64,bias,0.220758821779
22,256,0.64,bias,0.217704587489
22,512,0.64,bias,0.215674327664
22,1024,0.64,bias,0.218009008037
22,2048,0.64,bias,0.221884969177
23,128,0.0025,bias,0.0108114873756
23,256,0.0025,bias,0.0103190507806
23,512,0.0025,bias,0.0111647090098
23,1024,0.0025,bias,0.0097863802627
23,2048,0.0025,bias,0.00916931395635
23,128,0.01,bias,0.0122073763986
23,256,0.01,bias,0.0117479951558
23,512,0.01,bias,0.0118332319845
23,1024,0.01,bias,0.0120517687148
23,2048,0.01,bias,0.01089088993
23,128,0.04,bias,0.0234799677953
23,256,0.04,bias,0.021547706144
23,512,0.04,bias,0.0223662672877
23,1024,0.04,bias,0.0216651253814
23,2048,0.04,bias,0.0216433441288
23,128,0.16,bias,0.070851023454
23,256,0.16,bias,0.0747401599838
23,512,0.16,bias,0.0704813042197
23,1024,0.16,bias,0.0713446855811
23,2048,0.16,bias,0.0728661594315
23,128,0.64,bias,0.214009271431
23,256,0.64,bias,0.217424073284
23,512,0.64,bias,0.214530843042
23,1024,0.64,bias,0.213724477404
23,2048,0.64,bias,0.223368256843
24,128,0.0025,bias,0.00877060262886
24,256,0.0025,bias,0.00988420524881
24,512,0.0025,bias,0.00938712347803
24,1024,0.0025,bias,0.00932262959963
24,2048,0.0025,bias,0.0100064123287
24,128,0.01,bias,0.0110399170132
24,256,0.01,bias,0.0107831750606
24,512,0.01,bias,0.0119906201179
24,1024,0.01,bias,0.0116396130074
24,2048,0.01,bias,0.0114674122821
24,128,0.04,bias,0.0218401727346
24,256,0.04,bias,0.021239418056
24,512,0.04,bias,0.0239695206433
24,1024,0.04,bias,0.022656056891
24,2048,0.04,bias,0.0213795044008
24,128,0.16,bias,0.0738895251762
24,256,0.16,bias,0.0738021071691
24,512,0.16,bias,0.0728272013641
24,1024,0.16,bias,0.0711459929007
24,2048,0.16,bias,0.0729263388465
24,128,0.64,bias,0.213841318683
24,256,0.64,bias,0.216355028522
24,512,0.64,bias,0.207786218229
24,1024,0.64,bias,0.218688089165
24,2048,0.64,bias,0.218726843613
25,128,0.0025,bias,0.00938069612866
25,256,0.0025,bias,0.00968735869998
25,512,0.0025,bias,0.00912734486859
25,1024,0.0025,bias,0.00895594527763
25,2048,0.0025,bias,0.00992092902131
25,128,0.01,bias,0.0120776196047
25,256,0.01,bias,0.0107234480293
25,512,0.01,bias,0.0113307395974
25,1024,0.01,bias,0.0122857146056
25,2048,0.01,bias,0.0121037019018
25,128,0.04,bias,0.0222364426253
25,256,0.04,bias,0.0225699626664
25,512,0.04,bias,0.0221582510477
25,1024,0.04,bias,0.0215339260164
25,2048,0.04,bias,0.0231811243729
25,128,0.16,bias,0.0699352226616
25,256,0.16,bias,0.0751279323192
25,512,0.16,bias,0.0749964681975
25,1024,0.16,bias,0.0697397393165
25,2048,0.16,bias,0.073981181111
25,128,0.64,bias,0.221013402948
25,256,0.64,bias,0.210191176936
25,512,0.64,bias,0.212693176947
25,1024,0.64,bias,0.223877454539
25,2048,0.64,bias,0.218839682224
26,128,0.0025,bias,0.00952380185908
26,256,0.0025,bias,0.00898274472523
26,512,0.0025,bias,0.00895397734438
26,1024,0.0025,bias,0.00967388937569
26,2048,0.0025,bias,0.00945305776995
26,128,0.01,bias,0.0126216691979
26,256,0.01,bias,0.0104356638996
26,512,0.01,bias,0.0113635945005
26,1024,0.01,bias,0.0115489595753
26,2048,0.01,bias,0.01148822879
26,128,0.04,bias,0.0209889802579
26,256,0.04,bias,0.021535983167
26,512,0.04,bias,0.0229725019042
26,1024,0.04,bias,0.0209482124151
26,2048,0.04,bias,0.0221915504141
26,128,0.16,bias,0.0701211676052
26,256,0.16,bias,0.0685528455769
26,512,0.16,bias,0.0769501476722
26,1024,0.16,bias,0.0719869976781
26,2048,0.16,bias,0.0710148670383
26,128,0.64,bias,0.209364513467
26,256,0.64,bias,0.215620446539
26,512,0.64,bias,0.214877754472
26,1024,0.64,bias,0.221697720694
26,2048,0.64,bias,0.216949816632
27,128,0.0025,bias,0.00935190859301
27,256,0.0025,bias,0.00794936636035
27,512,0.0025,bias,0.0102025021187
27,1024,0.0025,bias,0.00982113307478
27,2048,0.0025,bias,0.00966581410539
27,128,0.01,bias,0.0139602930336
27,256,0.01,bias,0.0121700758129
27,512,0.01,bias,0.0122387435592
27,1024,0.01,bias,0.0113717525462
27,2048,0.01,bias,0.0121623240865
27,128,0.04,bias,0.0226519750621
27,256,0.04,bias,0.0213969752421
27,512,0.04,bias,0.0218350632477
27,1024,0.04,bias,0.0214723267314
27,2048,0.04,bias,0.0224421830498
27,128,0.16,bias,0.0776042996714
27,256,0.16,bias,0.0700393856242
27,512,0.16,bias,0.0737844027198
27,1024,0.16,bias,0.0713925169799
27,2048,0.16,bias,0.0711183177024
27,128,0.64,bias,0.22191067549
27,256,0.64,bias,0.214569268303
27,512,0.64,bias,0.214019032459
27,1024,0.64,bias,0.216694193199
27,2048,0.64,bias,0.212246350606
28,128,0.0025,bias,0.0110803976482
28,256,0.0025,bias,0.0109216004602
28,512,0.0025,bias,0.0106605756585
28,1024,0.0025,bias,0.00960626901078
28,2048,0.0025,bias,0.00940762257413
28,128,0.01,bias,0.00995745928759
28,256,0.01,bias,0.0125395282589
28,512,0.01,bias,0.0110182185416
28,1024,0.01,bias,0.0107699400345
28,2048,0.01,bias,0.011671799861
28,128,0.04,bias,0.0210133012059
28,256,0.04,bias,0.0224465922531
28,512,0.04,bias,0.0222625596764
28,1024,0.04,bias,0.0212459041956
28,2048,0.04,bias,0.0212453887883
28,128,0.16,bias,0.0687094417176
28,256,0.16,bias,0.0731962647136
28,512,0.16,bias,0.0709951517101
28,1024,0.16,bias,0.0740124520881
28,2048,0.16,bias,0.0763595485032
28,128,0.64,bias,0.204600497479
28,256,0.64,bias,0.221534431909
28,512,0.64,bias,0.219377787344
28,1024,0.64,bias,0.214227237873
28,2048,0.64,bias,0.217345073938
29,128,0.0025,bias,0.0090093461485
29,256,0.0025,bias,0.00983888086842
29,512,0.0025,bias,0.0102027318074
29,1024,0.0025,bias,0.00950515432601
29,2048,0.0025,bias,0.00998722356861
29,128,0.01,bias,0.0115699432361
29,256,0.01,bias,0.0112926240234
29,512,0.01,bias,0.0117981021985
29,1024,0.01,bias,0.0123901055736
29,2048,0.01,bias,0.0113601686137
29,128,0.04,bias,0.0222883068197
29,256,0.04,bias,0.020678909395
29,512,0.04,bias,0.0221457973744
29,1024,0.04,bias,0.0220468881581
29,2048,0.04,bias,0.0216100494631
29,128,0.16,bias,0.0700020566658
29,256,0.16,bias,0.0750010421929
29,512,0.16,bias,0.0703950695555
29,1024,0.16,bias,0.0752630300331
29,2048,0.16,bias,0.0743315142794
29,128,0.64,bias,0.225052295498
29,256,0.64,bias,0.221653664297
29,512,0.64,bias,0.219670683806
29,1024,0.64,bias,0.211671503899
29,2048,0.64,bias,0.213029730599
30,128,0.0025,bias,0.0104697875671
30,256,0.0025,bias,0.00988880241791
30,512,0.0025,bias,0.0094846999095
30,1024,0.0025,bias,0.0107753517172
30,2048,0.0025,bias,0.00969443465711
30,128,0.01,bias,0.0114139305676
30,256,0.01,bias,0.0119606679236
30,512,0.01,bias,0.012432218428
30,1024,0.01,bias,0.0117937184203
30,2048,0.01,bias,0.0115481085374
30,128,0.04,bias,0.021211027105
30,256,0.04,bias,0.0203441626233
30,512,0.04,bias,0.0224868471474
30,1024,0.04,bias,0.0197130728545
30,2048,0.04,bias,0.0226267486294
30,128,0.16,bias,0.0730955240612
30,256,0.16,bias,0.0712906703702
30,512,0.16,bias,0.0749181335972
30,1024,0.16,bias,0.0720133369329
30,2048,0.16,bias,0.0720482811442
30,128,0.64,bias,0.222439420161
30,256,0.64,bias,0.21474209802
30,512,0.64,bias,0.221519813379
30,1024,0.64,bias,0.217215217499
30,2048,0.64,bias,0.214237213616
31,128,0.0025,bias,0.0090852087337
31,256,0.0025,bias,0.0106525861895
31,512,0.0025,bias,0.00907139641768
31,1024,0.0025,bias,0.00934641540272
31,2048,0.0025,bias,0.00997349414366
31,128,0.01,bias,0.0121342278195
31,256,0.01,bias,0.010443844949
31,512,0.01,bias,0.0112767001972
31,1024,0.01,bias,0.0114536051239
31,2048,0.01,bias,0.0119322246488
31,128,0.04,bias,0.0228363278383
31,256,0.04,bias,0.021167969419
31,512,0.04,bias,0.0208003425506
31,1024,0.04,bias,0.0226515536142
31,2048,0.04,bias,0.0211661156199
31,128,0.16,bias,0.0683205871583
31,256,0.16,bias,0.0666025116588
31,512,0.16,bias,0.073777447207
31,1024,0.16,bias,0.0720771060449
31,2048,0.16,bias,0.0699023090538
31,128,0.64,bias,0.211658309488
31,256,0.64,bias,0.210659722983
31,512,0.64,bias,0.209821130985
31,1024,0.64,bias,0.217414437415
31,2048,0.64,bias,0.21962055615
32,128,0.0025,bias,0.00811943394757
32,256,0.0025,bias,0.00933318346043
32,512,0.0025,bias,0.00978494739848
32,1024,0.0025,bias,0.0102949234281
32,2048,0.0025,bias,0.00913058186766
32,128,0.01,bias,0.0136099866428
32,256,0.01,bias,0.0116344604311
32,512,0.01,bias,0.0116024447702
32,1024,0.01,bias,0.0120340394108
32,2048,0.01,bias,0.0114334272195
32,128,0.04,bias,0.0227742489767
32,256,0.04,bias,0.0225470633905
32,512,0.04,bias,0.0221519741978
32,1024,0.04,bias,0.0226163523906
32,2048,0.04,bias,0.0234635089019
32,128,0.16,bias,0.0737944764924
32,256,0.16,bias,0.0764721488202
32,512,0.16,bias,0.0698131428322
32,1024,0.16,bias,0.0720058010186
32,2048,0.16,bias,0.0712371981835
32,128,0.64,bias,0.217595463048
32,256,0.64,bias,0.220891370265
32,512,0.64,bias,0.209813442266
32,1024,0.64,bias,0.213649207297
32,2048,0.64,bias,0.216742245447
33,128,0.0025,bias,0.0119546787474
33,256,0.0025,bias,0.00973998932501
33,512,0.0025,bias,0.0103904081204
33,1024,0.0025,bias,0.00953256897956
33,2048,0.0025,bias,0.0103107551136
33,128,0.01,bias,0.0120354823618
33,256,0.01,bias,0.0116805191951
33,512,0.01,bias,0.0114688837062
33,1024,0.01,bias,0.0126137822139
33,2048,0.01,bias,0.0120766805422
33,128,0.04,bias,0.0241415838186
33,256,0.04,bias,0.0205634354173
33,512,0.04,bias,0.0219833383949
33,1024,0.04,bias,0.0221278936865
33,2048,0.04,bias,0.0223430917149
33,128,0.16,bias,0.0700513281847
33,256,0.16,bias,0.070549854616
33,512,0.16,bias,0.0712221138168
33,1024,0.16,bias,0.0709646915336
33,2048,0.16,bias,0.071800749929
33,128,0.64,bias,0.208268941225
33,256,0.64,bias,0.226295742494
33,512,0.64,bias,0.215978849791
33,1024,0.64,bias,0.216569544632
33,2048,0.64,bias,0.213743787848
34,128,0.0025,bias,0.0117267028521
34,256,0.0025,bias,0.00958574446271
34,512,0.0025,bias,0.00977089120493
34,1024,0.0025,bias,0.00986210259478
34,2048,0.0025,bias,0.0096499795982
34,128,0.01,bias,0.0124475655008
34,256,0.01,bias,0.0124429321027
34,512,0.01,bias,0.0117798986238
34,1024,0.01,bias,0.0116680974688
34,2048,0.01,bias,0.0122225436205
34,128,0.04,bias,0.020437010752
34,256,0.04,bias,0.0217958723084
34,512,0.04,bias,0.0228104445026
34,1024,0.04,bias,0.0229148894134
34,2048,0.04,bias,0.0214862024371
34,128,0.16,bias,0.0664997434954
34,256,0.16,bias,0.0773685928088
34,512,0.16,bias,0.0703258206225
34,1024,0.16,bias,0.0739863346845
34,2048,0.16,bias,0.0720908453242
34,128,0.64,bias,0.226717049998
34,256,0.64,bias,0.207455049103
34,512,0.64,bias,0.21773167083
34,1024,0.64,bias,0.217054892361
34,2048,0.64,bias,0.216637556245
35,128,0.0025,bias,0.0101373364268
35,256,0.0025,bias,0.00983916686945
35,512,0.0025,bias,0.00936604790262
35,1024,0.0025,bias,0.00959460849326
35,2048,0.0025,bias,0.0100117470762
35,128,0.01,bias,0.0122631251593
35,256,0.01,bias,0.0122208417438
35,512,0.01,bias,0.0112291358949
35,1024,0.01,bias,0.0109601750214
35,2048,0.01,bias,0.0114179351073
35,128,0.04,bias,0.0245351734441
35,256,0.04,bias,0.0226529869825
35,512,0.04,bias,0.02138931297
35,1024,0.04,bias,0.0230936742637
35,2048,0.04,bias,0.0209096767098
35,128,0.16,bias,0.0695114579608
35,256,0.16,bias,0.0720809249421
35,512,0.16,bias,0.0705302513028
35,1024,0.16,bias,0.0688434563553
35,2048,0.16,bias,0.0739761494898
35,128,0.64,bias,0.219246795165
35,256,0.64,bias,0.213381294814
35,512,0.64,bias,0.219829785547
35,1024,0.64,bias,0.21303459708
35,2048,0.64,bias,0.217806206734
36,128,0.0025,bias,0.00921456659256
36,256,0.0025,bias,0.009920578662
36,512,0.0025,bias,0.00980193345983
36,1024,0.0025,bias,0.009648158012
36,2048,0.0025,bias,0.0100015660404
36,128,0.01,bias,0.0120136113325
36,256,0.01,bias,0.0112196632029
36,512,0.01,bias,0.0123734049026
36,1024,0.01,bias,0.0121513385139
36,2048,0.01,bias,0.0114071993765
36,128,0.04,bias,0.023568166155
36,256,0.04,bias,0.0202094946764
36,512,0.04,bias,0.0198490278188
36,1024,0.04,bias,0.0218248303443
36,2048,0.04,bias,0.0217311476735
36,128,0.16,bias,0.0802345559889
36,256,0.16,bias,0.0713961758765
36,512,0.16,bias,0.0720854607706
36,1024,0.16,bias,0.0689234676012
36,2048,0.16,bias,0.0676515814365
36,128,0.64,bias,0.217096144757
36,256,0.64,bias,0.206935107491
36,512,0.64,bias,0.213515006155
36,1024,0.64,bias,0.221022835854
36,2048,0.64,bias,0.219292824289
37,128,0.0025,bias,0.0100709474104
37,256,0.0025,bias,0.00857866073345
37,512,0.0025,bias,0.0103659821646
37,1024,0.0025,bias,0.0107731018392
37,2048,0.0025,bias,0.00976421660422
37,128,0.01,bias,0.0124032228645
37,256,0.01,bias,0.0123309749958
37,512,0.01,bias,0.0119819448792
37,1024,0.01,bias,0.0116669618096
37,2048,0.01,bias,0.0121552881325
37,128,0.04,bias,0.0235189807031
37,256,0.04,bias,0.0202017736724
37,512,0.04,bias,0.0221029807837
37,1024,0.04,bias,0.0208064431585
37,2048,0.04,bias,0.0220452921865
37,128,0.16,bias,0.0722008160941
37,256,0.16,bias,0.0761527010264
37,512,0.16,bias,0.0668890372547
37,1024,0.16,bias,0.0687168697692
37,2048,0.16,bias,0.0725644986344
37,128,0.64,bias,0.218068719034
37,256,0.64,bias,0.213476323608
37,512,0.64,bias,0.214278639237
37,1024,0.64,bias,0.215159655106
37,2048,0.64,bias,0.222639198028
38,128,0.0025,bias,0.0120066395372
38,256,0.0025,bias,0.0101786473871
38,512,0.0025,bias,0.00945873402776
38,1024,0.0025,bias,0.00975507834876
38,2048,0.0025,bias,0.00921059179556
38,128,0.01,bias,0.0105734869322
38,256,0.01,bias,0.0110778355183
38,512,0.01,bias,0.011527490365
38,1024,0.01,bias,0.0116912263894
38,2048,0.01,bias,0.0116654707163
38,128,0.04,bias,0.0237569706508
38,256,0.04,bias,0.0206305687654
38,512,0.04,bias,0.0230024710151
38,1024,0.04,bias,0.0240956570953
38,2048,0.04,bias,0.0212585177172
38,128,0.16,bias,0.0739973956614
38,256,0.16,bias,0.0753113960214
38,512,0.16,bias,0.0722335082421
38,1024,0.16,bias,0.0746869524131
38,2048,0.16,bias,0.0709684458668
38,128,0.64,bias,0.217271515175
38,256,0.64,bias,0.217260482875
38,512,0.64,bias,0.221864691697
38,1024,0.64,bias,0.214028349065
38,2048,0.64,bias,0.206761387986
39,128,0.0025,bias,0.00771494860864
39,256,0.0025,bias,0.00709227170556
39,512,0.0025,bias,0.0107612136361
39,1024,0.0025,bias,0.00930142045279
39,2048,0.0025,bias,0.00929518785518
39,128,0.01,bias,0.0125175210438
39,256,0.01,bias,0.0114557010234
39,512,0.01,bias,0.0113035453839
39,1024,0.01,bias,0.0110264779669
39,2048,0.01,bias,0.0120763507691
39,128,0.04,bias,0.0220802008117
39,256,0.04,bias,0.0225219673405
39,512,0.04,bias,0.0227335302047
39,1024,0.04,bias,0.0208590546269
39,2048,0.04,bias,0.0221318226261
39,128,0.16,bias,0.0745492169855
39,256,0.16,bias,0.0717845947529
39,512,0.16,bias,0.074949052393
39,1024,0.16,bias,0.0682524777471
39,2048,0.16,bias,0.0719404296109
39,128,0.64,bias,0.215999296842
39,256,0.64,bias,0.214197247902
39,512,0.64,bias,0.214704921997
39,1024,0.64,bias,0.212465780508
39,2048,0.64,bias,0.219489692754
40,128,0.0025,bias,0.00892246070221
40,256,0.0025,bias,0.0105652437162
40,512,0.0025,bias,0.0100422672976
40,1024,0.0025,bias,0.00968187784664
40,2048,0.0025,bias,0.0081057178595
40,128,0.01,bias,0.0122680301806
40,256,0.01,bias,0.0106704545123
40,512,0.01,bias,0.0122720389057
40,1024,0.01,bias,0.0114042456982
40,2048,0.01,bias,0.0125044876363
40,128,0.04,bias,0.0251280738453
40,256,0.04,bias,0.0195943492021
40,512,0.04,bias,0.0227113854306
40,1024,0.04,bias,0.0222917961848
40,2048,0.04,bias,0.022432436839
40,128,0.16,bias,0.0723696561313
40,256,0.16,bias,0.0762038548198
40,512,0.16,bias,0.0714499761639
40,1024,0.16,bias,0.0749090351276
40,2048,0.16,bias,0.0702746833339
40,128,0.64,bias,0.220667248959
40,256,0.64,bias,0.21324100596
40,512,0.64,bias,0.217575933854
40,1024,0.64,bias,0.217178998369
40,2048,0.64,bias,0.220457519995
41,128,0.0025,bias,0.0072024936146
41,256,0.0025,bias,0.0104455809291
41,512,0.0025,bias,0.0112126880525
41,1024,0.0025,bias,0.00967120219237
41,2048,0.0025,bias,0.0102814658194
41,128,0.01,bias,0.0112235614105
41,256,0.01,bias,0.0112875924586
41,512,0.01,bias,0.0118625881145
41,1024,0.01,bias,0.0115097896646
41,2048,0.01,bias,0.0116885104802
41,128,0.04,bias,0.0219498085826
41,256,0.04,bias,0.0232400738901
41,512,0.04,bias,0.0223156712011
41,1024,0.04,bias,0.0221547512177
41,2048,0.04,bias,0.0226784136121
41,128,0.16,bias,0.0738939032104
41,256,0.16,bias,0.0724319058575
41,512,0.16,bias,0.0737972332903
41,1024,0.16,bias,0.0739924704128
41,2048,0.16,bias,0.0716220613999
41,128,0.64,bias,0.220173216874
41,256,0.64,bias,0.211220291987
41,512,0.64,bias,0.211908576826
41,1024,0.64,bias,0.216299012994
41,2048,0.64,bias,0.208073637833
42,128,0.0025,bias,0.00873489762195
42,256,0.0025,bias,0.0104324450726
42,512,0.0025,bias,0.00964978892729
42,1024,0.0025,bias,0.00910071630537
42,2048,0.0025,bias,0.00959187054201
42,128,0.01,bias,0.0112814661079
42,256,0.01,bias,0.0113526073744
42,512,0.01,bias,0.0121715294793
42,1024,0.01,bias,0.0111322158265
42,2048,0.01,bias,0.0110349827336
42,128,0.04,bias,0.019831449997
42,256,0.04,bias,0.0224210132605
42,512,0.04,bias,0.0216270120534
42,1024,0.04,bias,0.021807674276
42,2048,0.04,bias,0.0222633706052
42,128,0.16,bias,0.0776515723854
42,256,0.16,bias,0.0754120890971
42,512,0.16,bias,0.069241686101
42,1024,0.16,bias,0.0708951343386
42,2048,0.16,bias,0.0748013437504
42,128,0.64,bias,0.202359298174
42,256,0.64,bias,0.213349526331
42,512,0.64,bias,0.208979226425
42,1024,0.64,bias,0.209985600726
42,2048,0.64,bias,0.21150262286
43,128,0.0025,bias,0.00976323187561
43,256,0.0025,bias,0.00990992869423
43,512,0.0025,bias,0.00871218865072
43,1024,0.0025,bias,0.00926820927741
43,2048,0.0025,bias,0.0105956003065
43,128,0.01,bias,0.0108245845035
43,256,0.01,bias,0.0121734851913
43,512,0.01,bias,0.0118727942758
43,1024,0.01,bias,0.0116352815436
43,2048,0.01,bias,0.0120139024185
43,128,0.04,bias,0.0211918792492
43,256,0.04,bias,0.020986873115
43,512,0.04,bias,0.0215895698523
43,1024,0.04,bias,0.0248272749383
43,2048,0.04,bias,0.0209704313108
43,128,0.16,bias,0.0745230433016
43,256,0.16,bias,0.0770889993385
43,512,0.16,bias,0.0703781111081
43,1024,0.16,bias,0.0683904683866
43,2048,0.16,bias,0.075362187156
43,128,0.64,bias,0.226629490144
43,256,0.64,bias,0.222041950435
43,512,0.64,bias,0.218411991501
43,1024,0.64,bias,0.212554643479
43,2048,0.64,bias,0.211815937296
44,128,0.0025,bias,0.0113415871234
44,256,0.0025,bias,0.00869474443278
44,512,0.0025,bias,0.00994322919961
44,1024,0.0025,bias,0.00957831802782
44,2048,0.0025,bias,0.00992890794144
44,128,0.01,bias,0.0137831524476
44,256,0.01,bias,0.0112276868129
44,512,0.01,bias,0.0117864990048
44,1024,0.01,bias,0.0118685758647
44,2048,0.01,bias,0.0117434171215
44,128,0.04,bias,0.0213456912287
44,256,0.04,bias,0.0236493827681
44,512,0.04,bias,0.0213912082147
44,1024,0.04,bias,0.0213013146725
44,2048,0.04,bias,0.0224449040338
44,128,0.16,bias,0.0710154119168
44,256,0.16,bias,0.0755631700568
44,512,0.16,bias,0.0725113710116
44,1024,0.16,bias,0.0739946203285
44,2048,0.16,bias,0.0704372198177
44,128,0.64,bias,0.219694745505
44,256,0.64,bias,0.218724284699
44,512,0.64,bias,0.207923056511
44,1024,0.64,bias,0.215200545058
44,2048,0.64,bias,0.219196527626
45,128,0.0025,bias,0.00770396908416
45,256,0.0025,bias,0.00707948434848
45,512,0.0025,bias,0.00987482248985
45,1024,0.0025,bias,0.00869326446832
45,2048,0.0025,bias,0.00996763940178
45,128,0.01,bias,0.0119005428154
45,256,0.01,bias,0.0116935115863
45,512,0.01,bias,0.011373768414
45,1024,0.01,bias,0.012118518691
45,2048,0.01,bias,0.011464910943
45,128,0.04,bias,0.0209101873483
45,256,0.04,bias,0.0222665933655
45,512,0.04,bias,0.0215907240828
45,1024,0.04,bias,0.0224712527138
45,2048,0.04,bias,0.0219254482872
45,128,0.16,bias,0.0683989920199
45,256,0.16,bias,0.0709317738083
45,512,0.16,bias,0.0734109777911
45,1024,0.16,bias,0.068113572279
45,2048,0.16,bias,0.0756013446088
45,128,0.64,bias,0.213503933024
45,256,0.64,bias,0.210523131931
45,512,0.64,bias,0.211330740641
45,1024,0.64,bias,0.215143480617
45,2048,0.64,bias,0.217328296959
46,128,0.0025,bias,0.0110218157601
46,256,0.0025,bias,0.00974842699954
46,512,0.0025,bias,0.00956572892226
46,1024,0.0025,bias,0.010817517912
46,2048,0.0025,bias,0.00961063782799
46,128,0.01,bias,0.0117435818026
46,256,0.01,bias,0.0117513180975
46,512,0.01,bias,0.0118349042867
46,1024,0.01,bias,0.0122356714156
46,2048,0.01,bias,0.0111910735755
46,128,0.04,bias,0.0219207799596
46,256,0.04,bias,0.0224619777972
46,512,0.04,bias,0.0210983794325
46,1024,0.04,bias,0.0220754403117
46,2048,0.04,bias,0.0217358391812
46,128,0.16,bias,0.0786874306385
46,256,0.16,bias,0.0747293463708
46,512,0.16,bias,0.070731487396
46,1024,0.16,bias,0.075049557124
46,2048,0.16,bias,0.0706978197508
46,128,0.64,bias,0.229099947977
46,256,0.64,bias,0.220063101279
46,512,0.64,bias,0.220349677671
46,1024,0.64,bias,0.21748937944
46,2048,0.64,bias,0.218434144919
47,128,0.0025,bias,0.0110416108357
47,256,0.0025,bias,0.0101043273631
47,512,0.0025,bias,0.0106328449582
47,1024,0.0025,bias,0.00996997654414
47,2048,0.0025,bias,0.00950605611897
47,128,0.01,bias,0.012843699717
47,256,0.01,bias,0.011662661401
47,512,0.01,bias,0.0118516884187
47,1024,0.01,bias,0.0121082740397
47,2048,0.01,bias,0.0114025676753
47,128,0.04,bias,0.0213584550043
47,256,0.04,bias,0.0220967796677
47,512,0.04,bias,0.0234519198071
47,1024,0.04,bias,0.0217394949575
47,2048,0.04,bias,0.022201439765
47,128,0.16,bias,0.070159547043
47,256,0.16,bias,0.0701619318526
47,512,0.16,bias,0.0720848170384
47,1024,0.16,bias,0.0735763916251
47,2048,0.16,bias,0.0732207727249
47,128,0.64,bias,0.223952696361
47,256,0.64,bias,0.212812286487
47,512,0.64,bias,0.217125388558
47,1024,0.64,bias,0.2178317921
47,2048,0.64,bias,0.213103820287
48,128,0.0025,bias,0.00929040472476
48,256,0.0025,bias,0.00790009108026
48,512,0.0025,bias,0.00947572469904
48,1024,0.0025,bias,0.00953054578844
48,2048,0.0025,bias,0.00901210275972
48,128,0.01,bias,0.0111941494983
48,256,0.01,bias,0.0104040964144
48,512,0.01,bias,0.0110926778609
48,1024,0.01,bias,0.0117273586922
48,2048,0.01,bias,0.0117533480873
48,128,0.04,bias,0.02515215866
48,256,0.04,bias,0.0219461055718
48,512,0.04,bias,0.0229588170523
48,1024,0.04,bias,0.023253727622
48,2048,0.04,bias,0.0226583465065
48,128,0.16,bias,0.0739741627203
48,256,0.16,bias,0.0756552547243
48,512,0.16,bias,0.0748904523989
48,1024,0.16,bias,0.0735495612889
48,2048,0.16,bias,0.0716035381796
48,128,0.64,bias,0.218281888363
48,256,0.64,bias,0.221228506001
48,512,0.64,bias,0.210916970872
48,1024,0.64,bias,0.212470941928
48,2048,0.64,bias,0.216170654402
49,128,0.0025,bias,0.0105554538008
49,256,0.0025,bias,0.0116433046396
49,512,0.0025,bias,0.00902136388736
49,1024,0.0025,bias,0.0102376401523
49,2048,0.0025,bias,0.00962506419231
49,128,0.01,bias,0.0114385964335
49,256,0.01,bias,0.0116547855908
49,512,0.01,bias,0.0113130615296
49,1024,0.01,bias,0.011056071858
49,2048,0.01,bias,0.0123338089086
49,128,0.04,bias,0.0206501650588
49,256,0.04,bias,0.0213931226709
49,512,0.04,bias,0.0215648785408
49,1024,0.04,bias,0.0213136687103
49,2048,0.04,bias,0.0220298079163
49,128,0.16,bias,0.0689257920845
49,256,0.16,bias,0.0730283848276
49,512,0.16,bias,0.0717563375529
49,1024,0.16,bias,0.0681144859967
49,2048,0.16,bias,0.0688666762789
49,128,0.64,bias,0.222711780866
49,256,0.64,bias,0.214542310886
49,512,0.64,bias,0.217834062654
49,1024,0.64,bias,0.209621973577
49,2048,0.64,bias,0.208912907065
50,128,0.0025,bias,0.0107816630438
50,256,0.0025,bias,0.00901890605542
50,512,0.0025,bias,0.00999159107655
50,1024,0.0025,bias,0.0102904910977
50,2048,0.0025,bias,0.00954858050612
50,128,0.01,bias,0.00994435202048
50,256,0.01,bias,0.0100803460982
50,512,0.01,bias,0.0114822099012
50,1024,0.01,bias,0.0118234664954
50,2048,0.01,bias,0.0121633963581
50,128,0.04,bias,0.0217326843432
50,256,0.04,bias,0.0186885697708
50,512,0.04,bias,0.0231502734654
50,1024,0.04,bias,0.0223906703815
50,2048,0.04,bias,0.021772788679
50,128,0.16,bias,0.0680508762945
50,256,0.16,bias,0.072475267582
50,512,0.16,bias,0.0729664181331
50,1024,0.16,bias,0.0723849477628
50,2048,0.16,bias,0.0711269888709
50,128,0.64,bias,0.210559174157
50,256,0.64,bias,0.211625116946
50,512,0.64,bias,0.216389995282
50,1024,0.64,bias,0.218311327726
50,2048,0.64,bias,0.216918814915
