dataset,method,rep,biastype,estbias,r,rmsd,resvar
amine,FUBAR1,1,bias,0.0506686203317668,0.917819402309798,0.139597694370434,0.0155039337092152
amine,FUBAR1,1,nobias,0.0865632555461912,0.961089712574417,0.121852056979526,0.00743209543860483
amine,FUBAR1,2,bias,0.0898367334053967,0.884949187190179,0.178200728456451,0.0224405534129383
amine,FUBAR1,2,nobias,0.0953698433503646,0.960955888815721,0.12714066213904,0.00712287998775351
amine,FUBAR1,3,bias,0.0542253604477135,0.910093577890148,0.153558171941193,0.0173328523721193
amine,FUBAR1,3,nobias,0.0725421568284939,0.967162562927348,0.101590763416534,0.00468657998721291
amine,FUBAR1,4,bias,0.0706289406725281,0.861245531616723,0.184891955034529,0.024488060602372
amine,FUBAR1,4,nobias,0.0950106091742722,0.95273208524364,0.130424082933381,0.00806471493864634
amine,FUBAR1,5,bias,0.0641240485916434,0.904616083193121,0.153001726008402,0.0169842101700875
amine,FUBAR1,5,nobias,0.0886958777839119,0.965128147691283,0.119949591871249,0.00665401634596718
amine,FUBAR1,6,bias,0.111174790020848,0.909340798462066,0.175120903509862,0.018643627188115
amine,FUBAR1,6,nobias,0.102180517154751,0.950442850393281,0.137843803642837,0.00870922206508627
amine,FUBAR1,7,bias,0.0629141340445692,0.918088954545449,0.147922588495506,0.0151790972596491
amine,FUBAR1,7,nobias,0.07144434736136,0.963989411346273,0.107933597259335,0.00655771784904343
amine,FUBAR1,8,bias,0.0740971308346507,0.882631071587257,0.168489615046043,0.0207425541599513
amine,FUBAR1,8,nobias,0.0843321765493827,0.963598739040868,0.111763799860855,0.00541299183893047
amine,FUBAR1,9,bias,0.085559198099315,0.908970387446478,0.157529299516639,0.0165318323257968
amine,FUBAR1,9,nobias,0.0765867490084013,0.96819117338569,0.106084321599599,0.0054910109608314
amine,FUBAR1,10,bias,0.0549313642180467,0.898371220812081,0.153394341804057,0.0181063314096221
amine,FUBAR1,10,nobias,0.0872453997753321,0.959851327844257,0.121538555033141,0.00730547945164468
amine,FUBAR1,11,bias,0.0988353249169843,0.864298989864943,0.200140090534813,0.027019110800702
amine,FUBAR1,11,nobias,0.0880537468047516,0.947130251099226,0.12873529926228,0.00879345121775145
amine,FUBAR1,12,bias,0.0616878074612311,0.883802705408179,0.181761677443819,0.0210959439578134
amine,FUBAR1,12,nobias,0.0890018369292333,0.937865952674392,0.13515242784604,0.00931487907391325
amine,FUBAR1,13,bias,0.0891390579078994,0.924936071264396,0.15589056868698,0.0160264203586049
amine,FUBAR1,13,nobias,0.0819702575755231,0.973877618135081,0.106007262818208,0.00461022593606905
amine,FUBAR1,14,bias,0.0730023162252244,0.874728322906113,0.170287111838472,0.0227576338938913
amine,FUBAR1,14,nobias,0.102155359647399,0.961606670387791,0.131647643869048,0.00703481476401508
amine,FUBAR1,15,bias,0.0630472364224269,0.837528484177881,0.204302055698196,0.0259254890896188
amine,FUBAR1,15,nobias,0.0985656994129328,0.962739703222299,0.126369766701713,0.00637224760690858
amine,FUBAR1,16,bias,0.0876528651003734,0.902912003248073,0.165908473578294,0.0171592944729115
amine,FUBAR1,16,nobias,0.0681006652825044,0.963455723304174,0.106652897756804,0.00647771565612606
amine,FUBAR1,17,bias,0.0770224524235118,0.860881231084552,0.199972403950778,0.0277885098528945
amine,FUBAR1,17,nobias,0.0705176510923697,0.958403301887394,0.110116542187241,0.00688396975867099
amine,FUBAR1,18,bias,0.0741158208295334,0.920046274967867,0.139589726854176,0.0133297095093032
amine,FUBAR1,18,nobias,0.0741789320426553,0.963055317610849,0.108998985446459,0.00639273692460124
amine,FUBAR1,19,bias,0.036207551376393,0.846213297953913,0.223207391432464,0.0304787880149846
amine,FUBAR1,19,nobias,0.104923653022435,0.95408818034911,0.138676311805503,0.00837537066911517
amine,FUBAR1,20,bias,0.0661838434595301,0.833644090629329,0.220371802873184,0.0305227587991372
amine,FUBAR1,20,nobias,0.0774957217181375,0.960693793740282,0.112694637311013,0.00681519336138454
amine,FUBAR1,21,bias,0.0686722989703491,0.922323481743317,0.144820079050717,0.0153086310010547
amine,FUBAR1,21,nobias,0.086500215780627,0.974732392008336,0.106905035349558,0.00399602413424061
amine,FUBAR1,22,bias,0.0575693495702542,0.851952049805509,0.181260673656865,0.0241331663038552
amine,FUBAR1,22,nobias,0.0691337890147942,0.950261136200551,0.121860507913406,0.00900849410736786
amine,FUBAR1,23,bias,0.0792093438478048,0.932395601622179,0.138288177485648,0.0122343381571961
amine,FUBAR1,23,nobias,0.070474142218907,0.969354990470399,0.100947708060488,0.00530368970702502
amine,FUBAR1,24,bias,0.0867503236193144,0.920743138692784,0.153742432428057,0.015403945135599
amine,FUBAR1,24,nobias,0.0978783792862892,0.961052892193839,0.129840750117007,0.00742530548951749
amine,FUBAR1,25,bias,0.0645342572919964,0.877349009721648,0.177867585328963,0.0231766394393483
amine,FUBAR1,25,nobias,0.0497281648058725,0.954057089704276,0.10379267343735,0.00705996613007266
amine,FUBAR1,26,bias,0.0761140502408166,0.874668489001509,0.174607990578657,0.0226772208190739
amine,FUBAR1,26,nobias,0.0602975259045483,0.957729179359581,0.106118857876242,0.00677613676262911
amine,FUBAR1,27,bias,0.0796806031870989,0.901562651606133,0.16761942900967,0.0193788449440384
amine,FUBAR1,27,nobias,0.0771999188541869,0.969364780564686,0.109220813325303,0.00588477252306495
amine,FUBAR1,28,bias,0.0915286581148235,0.925239076178776,0.151843233283328,0.0147663558545519
amine,FUBAR1,28,nobias,0.0805371952778674,0.962962099390748,0.112474112219411,0.0059580564464344
amine,FUBAR1,29,bias,0.064078327355526,0.887540098727465,0.16464175661118,0.0210398119093869
amine,FUBAR1,29,nobias,0.0842420341247049,0.951262927290753,0.12694571059671,0.00910400597058911
amine,FUBAR1,30,bias,0.0716183000352583,0.907549027861178,0.161280921115095,0.0187139805268487
amine,FUBAR1,30,nobias,0.0847961008154932,0.965007035562935,0.115852644966844,0.00635846024229297
amine,FUBAR1,31,bias,0.0919581704057984,0.918034027966657,0.156398816135078,0.0161481771317868
amine,FUBAR1,31,nobias,0.0749539067685259,0.94646043564232,0.122353410211664,0.00862113684364374
amine,FUBAR1,32,bias,0.0893094170271395,0.883158286067415,0.175882707345152,0.0188341472603425
amine,FUBAR1,32,nobias,0.0924860860501753,0.97304778161129,0.114035736352481,0.00454078435079084
amine,FUBAR1,33,bias,0.0871517372583213,0.88869253426243,0.170837232202816,0.020198371526224
amine,FUBAR1,33,nobias,0.0996937952838905,0.960247551174969,0.130847344468023,0.00731603071456135
amine,FUBAR1,34,bias,0.0672351748452785,0.866456600715627,0.190017418348535,0.0243428448245307
amine,FUBAR1,34,nobias,0.0756461732277165,0.954361208136913,0.113251241018628,0.00717285585338969
amine,FUBAR1,35,bias,0.0708196678884771,0.886293718505627,0.170028222755928,0.0219210183056698
amine,FUBAR1,35,nobias,0.0758458599367265,0.961187113669055,0.110109849136912,0.00626299372111323
amine,FUBAR1,36,bias,0.0677120074032443,0.859327834743659,0.2043793384676,0.0262978977847694
amine,FUBAR1,36,nobias,0.0830914911950846,0.95689984237322,0.116905169040094,0.00689831026741907
amine,FUBAR1,37,bias,0.081746957906591,0.920813914386397,0.147603088456095,0.0147319534330299
amine,FUBAR1,37,nobias,0.0757012484378181,0.972103985986172,0.10571935762635,0.00548041132845364
amine,FUBAR1,38,bias,0.10350212974537,0.902416528050812,0.176447995453961,0.0198875820672224
amine,FUBAR1,38,nobias,0.0775367140502954,0.966595008089254,0.107786274323634,0.00567281012957109
amine,FUBAR1,39,bias,0.0615719631358193,0.880017966944264,0.170883271674531,0.0224914175438573
amine,FUBAR1,39,nobias,0.0887259054451888,0.959117782355874,0.118897916343783,0.00639013749118148
amine,FUBAR1,40,bias,0.0385590798705675,0.881569683251455,0.172064361506762,0.0220903115760545
amine,FUBAR1,40,nobias,0.0783913570530923,0.966174089242845,0.110626918275099,0.00609213797216693
amine,FUBAR1,41,bias,0.0971705098731559,0.903760752434865,0.174017039546132,0.0191852277008263
amine,FUBAR1,41,nobias,0.0927502867404145,0.966223705774172,0.121208381586905,0.00621307005305802
amine,FUBAR1,42,bias,0.0579827501830118,0.848540291008253,0.219023506918502,0.0297206039372578
amine,FUBAR1,42,nobias,0.0668592108594281,0.970055647711529,0.0987494039036809,0.00491989787615279
amine,FUBAR1,43,bias,0.051040840625936,0.890512028781906,0.15784942355563,0.0171376648079963
amine,FUBAR1,43,nobias,0.0749232193504006,0.968788858612538,0.104863294324959,0.00539202269841469
amine,FUBAR1,44,bias,0.0482111357766122,0.894208063370376,0.156965119573129,0.0182931481807715
amine,FUBAR1,44,nobias,0.0731624996738277,0.969229726682931,0.104332376930862,0.00552881216800326
amine,FUBAR1,45,bias,0.0559710191390181,0.883611758198075,0.180433362080296,0.023396182863326
amine,FUBAR1,45,nobias,0.076066925979794,0.946953455574462,0.123661037830135,0.00959510839435843
amine,FUBAR1,46,bias,0.0523409561552128,0.776062900206307,0.265397156821749,0.0423122285514687
amine,FUBAR1,46,nobias,0.0764033013348694,0.945026049919063,0.124534436956592,0.009209162718544
amine,FUBAR1,47,bias,0.0831963324970058,0.852504811096254,0.192272822741315,0.0257048272573714
amine,FUBAR1,47,nobias,0.0909900928321668,0.960553856423967,0.125643429255728,0.00728191562156019
amine,FUBAR1,48,bias,0.0530200918104039,0.881229042752952,0.181958910974381,0.0236723977765195
amine,FUBAR1,48,nobias,0.091036157748805,0.963264338657077,0.120724422258025,0.00641510420236702
amine,FUBAR1,49,bias,0.0627062063970871,0.834369777761918,0.21434912671007,0.0312937183438009
amine,FUBAR1,49,nobias,0.0938164799160996,0.960241759920034,0.125175961151804,0.00691665564749315
amine,FUBAR1,50,bias,0.0772175383184226,0.778394501573656,0.256049980767967,0.0383911378627599
amine,FUBAR1,50,nobias,0.0990771496766471,0.970365996604148,0.125979836297288,0.0056820788750402
amine,FUBAR2,1,bias,0.0447636374633957,0.922098554749422,0.135228830159506,0.0155425640745258
amine,FUBAR2,1,nobias,0.0666794027404791,0.95335331943356,0.1140216886705,0.00829784389606229
amine,FUBAR2,2,bias,0.0658650060287137,0.929517202189641,0.136105354790872,0.0123924338915982
amine,FUBAR2,2,nobias,0.0635779315253522,0.931218019152044,0.121932051947112,0.0106503996054969
amine,FUBAR2,3,bias,0.0535144336992685,0.932664027153222,0.138789643912478,0.0163483403000609
amine,FUBAR2,3,nobias,0.0408049690963646,0.958100458040956,0.0925246355636779,0.00505241636882874
amine,FUBAR2,4,bias,0.0768414761119624,0.893727746338595,0.17390779998235,0.0239541476890484
amine,FUBAR2,4,nobias,0.0638862888902701,0.940901658124422,0.114235790682454,0.00909249390959473
amine,FUBAR2,5,bias,0.0700098592297226,0.939457994688116,0.131637760193061,0.0111992467613791
amine,FUBAR2,5,nobias,0.055338884182724,0.934970124635958,0.120365607759348,0.0111530429931684
amine,FUBAR2,6,bias,0.103181101953436,0.922723464487697,0.167002509705757,0.0174577197655633
amine,FUBAR2,6,nobias,0.057990081490677,0.951583566982016,0.103149064278643,0.00682792131043298
amine,FUBAR2,7,bias,0.0695163212876722,0.915273585895357,0.157549676778319,0.0200073405686146
amine,FUBAR2,7,nobias,0.0411312057551492,0.943155585187315,0.108902893463581,0.00985310981677645
amine,FUBAR2,8,bias,0.0681372251447035,0.920766390936105,0.142524564851535,0.0147987806810522
amine,FUBAR2,8,nobias,0.0516200956329569,0.941639842697614,0.1055708769648,0.00827792337940014
amine,FUBAR2,9,bias,0.072910025044347,0.937721469021603,0.131607272663818,0.0115262396153996
amine,FUBAR2,9,nobias,0.0575137535841168,0.938525561413648,0.116249506037592,0.0101891950131523
amine,FUBAR2,10,bias,0.0437940547631022,0.943738493445214,0.116318991820363,0.00999179931227026
amine,FUBAR2,10,nobias,0.0570754235933247,0.953340768650231,0.104839957726826,0.00751237481739951
amine,FUBAR2,11,bias,0.0947462973348177,0.931217070812608,0.157421697514685,0.0153004159738843
amine,FUBAR2,11,nobias,0.0531122198748452,0.944120049529072,0.108878937849962,0.0080376516137139
amine,FUBAR2,12,bias,0.0618878763603611,0.934979568751013,0.144941755384118,0.0129949577705051
amine,FUBAR2,12,nobias,0.0459684960798599,0.938243089763981,0.113713131408189,0.00775081219397984
amine,FUBAR2,13,bias,0.0699764267759329,0.92699395061304,0.142331596626268,0.0135064585300587
amine,FUBAR2,13,nobias,0.0482409288690972,0.958194163129797,0.0958851023296906,0.00613553491696464
amine,FUBAR2,14,bias,0.0655259103463752,0.924628160164957,0.135269698085139,0.0135705494055896
amine,FUBAR2,14,nobias,0.0735240646027777,0.960035287298293,0.110042714965487,0.00649480160600268
amine,FUBAR2,15,bias,0.0679289824538703,0.915111539504407,0.159125025653905,0.0162096995765372
amine,FUBAR2,15,nobias,0.0492883950681567,0.937991598947291,0.110982521841236,0.00789506457837593
amine,FUBAR2,16,bias,0.0788862742738499,0.925173239345643,0.148599011466521,0.0153646013631371
amine,FUBAR2,16,nobias,0.041517897432387,0.958795864077121,0.0981209259224514,0.00624893617154829
amine,FUBAR2,17,bias,0.0615860022831807,0.946180255147153,0.132976241723939,0.011570327464594
amine,FUBAR2,17,nobias,0.0374887090847905,0.958559932309576,0.0937828997384509,0.00590258149445768
amine,FUBAR2,18,bias,0.066904646986743,0.940402750848233,0.123692364608261,0.0108542665212974
amine,FUBAR2,18,nobias,0.0406337733514922,0.955076304204742,0.0972640205607694,0.00630501889933299
amine,FUBAR2,19,bias,0.0589725058323765,0.916671439527689,0.17452786896767,0.0229165187369438
amine,FUBAR2,19,nobias,0.077091537058436,0.942478836193872,0.123927955019065,0.0094031906904845
amine,FUBAR2,20,bias,0.0626369562005359,0.921002068420781,0.162253130395575,0.0168351472381854
amine,FUBAR2,20,nobias,0.0561596845305702,0.958985054705017,0.0989609083642395,0.0064583039695142
amine,FUBAR2,21,bias,0.0703522622983486,0.942962414420008,0.129986824886924,0.011255393965766
amine,FUBAR2,21,nobias,0.0474786382008221,0.963738000960787,0.088542258455948,0.00494104421592177
amine,FUBAR2,22,bias,0.0847158626743471,0.92783669862958,0.157276805598049,0.0179106679750245
amine,FUBAR2,22,nobias,0.0382842238813452,0.953663259991966,0.105021231319227,0.0079570625177867
amine,FUBAR2,23,bias,0.0761744072555369,0.93183334144866,0.14077820280037,0.0142267526141811
amine,FUBAR2,23,nobias,0.0397321799795118,0.949513792682938,0.0991632676611087,0.00762885276359367
amine,FUBAR2,24,bias,0.0840266152745101,0.911747404872775,0.160192275183039,0.0184094154505337
amine,FUBAR2,24,nobias,0.0724262073896831,0.953722553175121,0.116136797790492,0.00824104876918398
amine,FUBAR2,25,bias,0.0781533559408228,0.898785915592509,0.174870300736149,0.0240761830698949
amine,FUBAR2,25,nobias,0.000834074830793479,0.950420508638652,0.104407642273751,0.0057523659625644
amine,FUBAR2,26,bias,0.0667932141819521,0.94126419495345,0.127056918940016,0.0111808072656501
amine,FUBAR2,26,nobias,0.032024181278283,0.933497364974814,0.113196308779507,0.010680239797776
amine,FUBAR2,27,bias,0.0691034799535994,0.932698301348266,0.140973159332379,0.0141360959665625
amine,FUBAR2,27,nobias,0.040967471887159,0.964432353093595,0.0940040506502911,0.00584173662102248
amine,FUBAR2,28,bias,0.0846862874856997,0.928057684394031,0.145281768498483,0.0139403183241004
amine,FUBAR2,28,nobias,0.0484618156659887,0.952801283473815,0.101674029853275,0.00652999627201521
amine,FUBAR2,29,bias,0.051638799577213,0.903845574806341,0.15373642678201,0.0208270672666142
amine,FUBAR2,29,nobias,0.0440182880226286,0.938574279145843,0.112873038718594,0.00968820412341448
amine,FUBAR2,30,bias,0.0555074872812438,0.924420549546507,0.14233064968415,0.0156432715795759
amine,FUBAR2,30,nobias,0.058297102195865,0.967394060835191,0.0939536936868682,0.00518887817650067
amine,FUBAR2,31,bias,0.0823946692863622,0.930758709096329,0.141403564622472,0.0132632316733956
amine,FUBAR2,31,nobias,0.0452330745934296,0.943389291961279,0.109598179679936,0.0083596623464253
amine,FUBAR2,32,bias,0.0777816784436083,0.936534568044656,0.137366709250945,0.0116667903390587
amine,FUBAR2,32,nobias,0.0643188173701914,0.958138945882579,0.103267811958232,0.00611464996962223
amine,FUBAR2,33,bias,0.0683710771451476,0.925284038163036,0.137716601098449,0.0127659812562696
amine,FUBAR2,33,nobias,0.0772086367573113,0.954453996052173,0.117514652140097,0.00774313888108032
amine,FUBAR2,34,bias,0.0583086986332024,0.903503798397032,0.165472767870201,0.0163184422988146
amine,FUBAR2,34,nobias,0.0446375585382675,0.957284145304183,0.0923391186369364,0.00545423520587978
amine,FUBAR2,35,bias,0.0568258585458527,0.926552273234443,0.136552423932612,0.0140650275117029
amine,FUBAR2,35,nobias,0.0348143820619227,0.957820827310877,0.0913169457337003,0.00568549981819055
amine,FUBAR2,36,bias,0.0433319587751099,0.936713627261978,0.144328203635086,0.0122612326651678
amine,FUBAR2,36,nobias,0.0635062041591451,0.955031252026692,0.104215140058686,0.00691245514158787
amine,FUBAR2,37,bias,0.0665524368507628,0.929715647315197,0.133801543567651,0.0132724981732219
amine,FUBAR2,37,nobias,0.0418207209877438,0.954231807323064,0.102599626004898,0.0077354586028785
amine,FUBAR2,38,bias,0.0854384246882094,0.919702719542944,0.155887913998484,0.0168651152274485
amine,FUBAR2,38,nobias,0.040833880161172,0.951227781482463,0.0983583618998845,0.00673412108020986
amine,FUBAR2,39,bias,0.0702046926340847,0.906002197296085,0.15933109242707,0.0194059149220182
amine,FUBAR2,39,nobias,0.0597837096950588,0.943966239921416,0.107554396783905,0.00769706618685108
amine,FUBAR2,40,bias,0.0477494820355975,0.95301223641886,0.11799570721481,0.0112434803395875
amine,FUBAR2,40,nobias,0.0508599153728446,0.949287588365606,0.107322975682846,0.00814415784435233
amine,FUBAR2,41,bias,0.103046303803885,0.916308912480855,0.180714615631437,0.0224651317991752
amine,FUBAR2,41,nobias,0.0660628140086329,0.955795864127528,0.108883668575643,0.00735819128545316
amine,FUBAR2,42,bias,0.0593134124465327,0.892854279652942,0.190087593872814,0.0294365308563956
amine,FUBAR2,42,nobias,0.0436279958186294,0.961312908836915,0.0948131560195631,0.00562414954370712
amine,FUBAR2,43,bias,0.0763594960780245,0.915890976627674,0.153272732839352,0.016688632366232
amine,FUBAR2,43,nobias,0.0422816206710998,0.964247902615377,0.0911499765273144,0.004930809230407
amine,FUBAR2,44,bias,0.054918598320183,0.938217413321893,0.131810893914647,0.0145504571459785
amine,FUBAR2,44,nobias,0.0470606803444615,0.961606198710512,0.0949880557787946,0.00630610541852536
amine,FUBAR2,45,bias,0.0649436618626502,0.926902040761528,0.152077194469736,0.0163411514279211
amine,FUBAR2,45,nobias,0.052850797111585,0.945823049140071,0.110006285265131,0.00897142627436459
amine,FUBAR2,46,bias,0.0881209937418701,0.942908819339813,0.175341579040156,0.0232300228510297
amine,FUBAR2,46,nobias,0.0496702607441065,0.947782873963056,0.108059824915543,0.00794757623384979
amine,FUBAR2,47,bias,0.0744877038471549,0.905392797320124,0.161896611869401,0.0202953347953891
amine,FUBAR2,47,nobias,0.0593198328655564,0.953184412267026,0.112518827806795,0.00727881675476163
amine,FUBAR2,48,bias,0.066074319693236,0.918798769313436,0.159999745359635,0.0193420523537341
amine,FUBAR2,48,nobias,0.058664053784577,0.966463302938544,0.0937206735799008,0.00517909959254549
amine,FUBAR2,49,bias,0.0730299797047989,0.948838156451338,0.14001459769932,0.014307802456329
amine,FUBAR2,49,nobias,0.0608800303914743,0.95346485283333,0.103255029920705,0.00691188153673777
amine,FUBAR2,50,bias,0.0894206714180624,0.926531187633025,0.18996139598787,0.0282205552791506
amine,FUBAR2,50,nobias,0.0573495304946368,0.960412914416849,0.096533490167125,0.00592787022200993
camelid,FUBAR1,1,bias,-0.357524167118045,0.461333156796968,1.67100608488744,0.13687127347226
camelid,FUBAR1,1,nobias,-0.05288976279064,0.718904608401205,0.74108845710404,0.129146492890801
camelid,FUBAR1,2,bias,-0.322401306034886,0.234833970395507,2.41938800075482,0.273890897449212
camelid,FUBAR1,2,nobias,-0.394091051832445,0.336166020413769,2.94917335305861,0.124179105916698
camelid,FUBAR1,3,bias,-0.119257470484929,0.162744837493987,1.55654098392328,0.27034538510527
camelid,FUBAR1,3,nobias,0.0330781255408263,0.509210815554689,0.574862993703897,0.148226312674727
camelid,FUBAR1,4,bias,0.00174813101403809,0.475554368144651,0.742102189836059,0.129597785775893
camelid,FUBAR1,4,nobias,-0.13744835459151,0.537433816746024,0.976223882934281,0.191026438777855
camelid,FUBAR1,5,bias,-0.110023289482406,0.351672947731171,1.13605326187957,0.20698947510564
camelid,FUBAR1,5,nobias,-0.459726307591816,0.515173033103171,1.83593550813182,0.100001815473446
camelid,FUBAR1,6,bias,-0.00766189516099277,0.462985248002525,0.847218212997704,0.138858786743247
camelid,FUBAR1,6,nobias,-0.234629152840024,0.477526490378929,1.32192290273486,0.108917869446789
camelid,FUBAR1,7,bias,0.141010733602525,0.502522933908107,0.678807975857435,0.295370058519669
camelid,FUBAR1,7,nobias,-0.181692155007021,0.716585688540253,1.28242643791813,0.0669062051686272
camelid,FUBAR1,8,bias,-0.0394343765841605,0.441265242718887,0.957873241720129,0.196195121703261
camelid,FUBAR1,8,nobias,0.0673289012306644,0.543940289046356,0.605590621549123,0.139259843702281
camelid,FUBAR1,9,bias,-0.415547986066589,0.423395557817384,2.64358437787651,0.301335881385396
camelid,FUBAR1,9,nobias,-0.0479915554232758,0.614536934473535,0.944391292053004,0.0810504445279916
camelid,FUBAR1,10,bias,-0.323586665125026,0.224941347016189,2.56700337539247,0.27369749089838
camelid,FUBAR1,10,nobias,-0.0651248597229011,0.650038290589344,1.35532105792462,0.180689015872255
camelid,FUBAR1,11,bias,-0.0886972728217598,0.3268327844404,1.08413485841858,0.219982963695962
camelid,FUBAR1,11,nobias,-0.14831641475558,0.673393178583635,0.792848793412091,0.100087088379693
camelid,FUBAR1,12,bias,0.00996347627422453,0.495034314465083,0.880096315108207,0.350040947717634
camelid,FUBAR1,12,nobias,-0.118986595328014,0.557362987007182,0.867452274893996,0.115888564356161
camelid,FUBAR1,13,bias,-0.298713325984694,0.292257132538385,2.2445411835559,0.194306387593312
camelid,FUBAR1,13,nobias,0.0135328714815601,0.576880556873108,0.578487214544458,0.138263981281214
camelid,FUBAR1,14,bias,-0.125559436926745,0.371509296559156,1.16133463144435,0.144397180237727
camelid,FUBAR1,14,nobias,-0.328058132104113,0.594629651778761,1.62616670908922,0.081365223216566
camelid,FUBAR1,15,bias,-0.487366893642143,0.310173367073255,2.44555322000746,0.387117913427145
camelid,FUBAR1,15,nobias,-0.0855381923017682,0.498432612652945,1.00391969469235,0.118886134767071
camelid,FUBAR1,16,bias,-0.222326166578813,0.302324980429685,1.70523042727575,0.179290628750088
camelid,FUBAR1,16,nobias,-1.20957017809191,0.162066854932052,7.3086421931885,0.168575387690848
camelid,FUBAR1,17,bias,-0.373898094250113,0.295637467503319,2.88066209169676,0.20402414065328
camelid,FUBAR1,17,nobias,-0.0497274561888728,0.657668224527532,0.695369474798775,0.153560379026193
camelid,FUBAR1,18,bias,-0.309062225903372,0.299763314290955,2.08423444444502,0.15559669103509
camelid,FUBAR1,18,nobias,-0.228445572901289,0.635947537809408,1.21347001732646,0.0781925355603152
camelid,FUBAR1,19,bias,0.085985466653,0.735824502751343,0.538677526748648,0.215931775046648
camelid,FUBAR1,19,nobias,-0.0047329728443225,0.495109979055449,0.683881303968981,0.224277129547542
camelid,FUBAR1,20,bias,-0.206971090495269,0.583162905361426,0.888602833403603,0.144350413496493
camelid,FUBAR1,20,nobias,0.0442622599225985,0.692709814191542,0.516796208373052,0.0756228457902369
camelid,FUBAR1,21,bias,-0.0562645609953959,0.433538176270887,0.931483488074743,0.309897203339689
camelid,FUBAR1,21,nobias,0.0142806967429789,0.580445748735519,0.943533067415034,0.197938183175303
camelid,FUBAR1,22,bias,-0.201902455947468,0.542644139430674,1.24275618032989,0.0870371343206826
camelid,FUBAR1,22,nobias,-0.117672143535605,0.594785369846843,0.979448093996278,0.170008044384467
camelid,FUBAR1,23,bias,-0.140870108807275,0.360680138807569,1.19181220975721,0.269891536876856
camelid,FUBAR1,23,nobias,-0.104319691795393,0.598092523834353,0.814475667512651,0.0759445474608562
camelid,FUBAR1,24,bias,-0.0502063699453231,0.723147222385042,0.788167597431478,0.0783662159687328
camelid,FUBAR1,24,nobias,-0.174943989595651,0.300691141811709,1.7882322399546,0.165422069895333
camelid,FUBAR1,25,bias,-0.0756853032486361,0.41371533268598,0.77598789453047,0.104967039631984
camelid,FUBAR1,25,nobias,-0.277950300766412,0.57138092384628,1.35025611349725,0.150070865467932
camelid,FUBAR1,26,bias,-0.77857907336942,0.325407397704604,4.25437019618373,0.327201578599056
camelid,FUBAR1,26,nobias,-0.176313714171547,0.583939281412466,0.969960724250979,0.144818321556926
camelid,FUBAR1,27,bias,-0.79545114223751,0.418139986792598,3.62264138102642,0.266054214708558
camelid,FUBAR1,27,nobias,-0.142195723889259,0.729933986503488,0.958435487780007,0.133441454325278
camelid,FUBAR1,28,bias,-0.304381019021861,0.317729100702512,1.87968111853544,0.273555323034963
camelid,FUBAR1,28,nobias,-0.074710913686632,0.367605322842715,0.983531808980408,0.107111025085494
camelid,FUBAR1,29,bias,-0.443306552953825,0.2916904188803,2.6630547135198,0.16116328035764
camelid,FUBAR1,29,nobias,-0.248912846481457,0.582501676160584,1.86081759415522,0.13067409344177
camelid,FUBAR1,30,bias,0.0883286493304059,0.277554449927099,1.00459061741445,0.195477913717729
camelid,FUBAR1,30,nobias,-0.501345243815391,0.803493130993842,2.205348823552,0.0528897190690907
camelid,FUBAR1,31,bias,-0.152486779825862,0.362442718883987,1.55507989663013,0.134434281239652
camelid,FUBAR1,31,nobias,-0.201586730475054,0.61445634188825,1.33962172043631,0.163906083931379
camelid,FUBAR1,32,bias,-0.0879299111757635,0.380810205318967,1.18229327559734,0.267364137894449
camelid,FUBAR1,32,nobias,0.0293404640779912,0.676697283981341,0.521295322188061,0.10515049193539
camelid,FUBAR1,33,bias,-0.157613924463606,0.461932849103561,1.19161715310596,0.188547282392909
camelid,FUBAR1,33,nobias,-0.0421646609348179,0.308062488050699,0.962250008886757,0.0995185167669894
camelid,FUBAR1,34,bias,-0.434698861039594,0.234610218074536,2.89019311342496,0.293622645782063
camelid,FUBAR1,34,nobias,-0.197397214134597,0.610539883240096,1.09342698497192,0.18059348164224
camelid,FUBAR1,35,bias,-0.17201751204317,0.50931041066393,1.11182853584566,0.139327119362069
camelid,FUBAR1,35,nobias,0.00905298014444658,0.496410099908176,0.804209200169388,0.131559000648445
camelid,FUBAR1,36,bias,-0.239015041629583,0.51632663885326,1.34827339722073,0.142626458356502
camelid,FUBAR1,36,nobias,-0.48270217578669,0.298485303150837,2.26732132494859,0.232001587152915
camelid,FUBAR1,37,bias,-0.486661179257748,0.512162631215279,2.48610902784328,0.264492533086051
camelid,FUBAR1,37,nobias,-0.192252419240741,0.274452783921901,2.01435621048184,0.137254817128346
camelid,FUBAR1,38,bias,0.0193235062681279,0.690762750389367,0.807857239759363,0.132828466453551
camelid,FUBAR1,38,nobias,-0.35410144439746,0.406943120952478,2.03254172780878,0.231515461462659
camelid,FUBAR1,39,bias,-0.196352389075753,0.632481646467483,1.49957095617709,0.142090640492137
camelid,FUBAR1,39,nobias,-0.166751633373255,0.753027249234491,0.727601454028411,0.0842516781687187
camelid,FUBAR1,40,bias,-0.0987396385402197,0.46988522417354,0.982699325660755,0.174066793639116
camelid,FUBAR1,40,nobias,-0.159205381664635,0.599804938528549,1.00616431152247,0.0866392454175106
camelid,FUBAR1,41,bias,-0.430391368716517,0.478187985785798,2.19248988646872,0.354127797916657
camelid,FUBAR1,41,nobias,-0.0245898438311921,0.738256749297096,0.665410553760734,0.0895903355648933
camelid,FUBAR1,42,bias,-0.168587193376916,0.642698498694774,1.12526402828041,0.172260576082537
camelid,FUBAR1,42,nobias,-0.163135889133455,0.573964310746538,1.00053535464686,0.0644653464699294
camelid,FUBAR1,43,bias,-0.207406944424489,0.304476399323037,1.89098971553301,0.134136763233081
camelid,FUBAR1,43,nobias,-0.169771354549565,0.350391728893177,1.44917114071026,0.158794941247024
camelid,FUBAR1,44,bias,-0.309092515705413,0.373875927219587,2.00632022608527,0.150619279668321
camelid,FUBAR1,44,nobias,-0.142289475559453,0.543331278790992,1.27334372720893,0.0771428653155583
camelid,FUBAR1,45,bias,-0.278081234801287,0.374075304570024,1.52372239511488,0.305768087895636
camelid,FUBAR1,45,nobias,-0.225066858162262,0.493372210470371,1.80795958642413,0.134783974197793
camelid,FUBAR1,46,bias,-0.315467507618742,0.494728355977228,1.86774282454038,0.11648709734055
camelid,FUBAR1,46,nobias,0.0318584065402823,0.774591090263674,0.555982334337989,0.0791932398223539
camelid,FUBAR1,47,bias,-0.0902789776400242,0.273975745607909,1.45445223743478,0.28286279441092
camelid,FUBAR1,47,nobias,-0.0739353461538501,0.572784963078974,0.648044506928163,0.100019147990446
camelid,FUBAR1,48,bias,-0.15587468697198,0.745608162684785,1.76184937480888,0.0891796639286768
camelid,FUBAR1,48,nobias,-0.11550415973052,0.404402598547846,1.00332744638365,0.147237447922109
camelid,FUBAR1,49,bias,-0.135194655936542,0.413550384432189,1.05172784855686,0.170923087307572
camelid,FUBAR1,49,nobias,-0.429209518177052,0.369983385963991,2.30368786099684,0.23728201099524
camelid,FUBAR1,50,bias,-0.656419758351596,0.25010468335871,3.93339521278502,0.126713773812248
camelid,FUBAR1,50,nobias,-0.261449481396565,0.58461618009061,1.49651843137221,0.145917394123985
camelid,FUBAR2,1,bias,-0.162287505890381,0.800389516230513,1.25413744197038,0.228100878892423
camelid,FUBAR2,1,nobias,0.11163434127745,0.734039109714834,0.707212662909541,0.343834135441281
camelid,FUBAR2,2,bias,-0.213429456522578,0.618108847510249,2.1209770220721,0.301780213019799
camelid,FUBAR2,2,nobias,-0.311552302412622,0.545977778692624,2.80415015986803,0.176120055988383
camelid,FUBAR2,3,bias,-0.0486130481826226,0.648662520337334,1.28555118993567,0.145115563866073
camelid,FUBAR2,3,nobias,0.118699378119106,0.624729739970589,0.537789455825605,0.172729932742689
camelid,FUBAR2,4,bias,0.128950268779217,0.73472935492167,0.587779713619046,0.159734626514783
camelid,FUBAR2,4,nobias,0.013982926739342,0.706528040899749,0.819443479382318,0.224361328414084
camelid,FUBAR2,5,bias,-0.0182372432070539,0.617283994280765,0.986568978250706,0.143502523793755
camelid,FUBAR2,5,nobias,-0.331971313010343,0.792701406320712,1.45682515014522,0.213959364713914
camelid,FUBAR2,6,bias,0.0465749989757808,0.598017218659178,0.778005298981427,0.128024196939659
camelid,FUBAR2,6,nobias,-0.0660323079799855,0.696645180738977,1.1212214072742,0.167579438258943
camelid,FUBAR2,7,bias,0.128406819110332,0.645013771392812,0.553344836447763,0.144891006434417
camelid,FUBAR2,7,nobias,0.0356598755760448,0.943134946890253,0.502293907072754,0.222330852971286
camelid,FUBAR2,8,bias,0.0542974525917842,0.696799582010439,0.787128412973337,0.167836858746467
camelid,FUBAR2,8,nobias,0.183691602535306,0.580563646679685,0.641380806666434,0.254165574537774
camelid,FUBAR2,9,bias,-0.267245222949278,0.79280274273799,2.17398220629899,0.315789900781975
camelid,FUBAR2,9,nobias,0.0427798781581782,0.681333781941057,0.858511522487638,0.142615811329262
camelid,FUBAR2,10,bias,-0.183772748497153,0.440128879963174,2.39570847110898,0.40563989684852
camelid,FUBAR2,10,nobias,0.0824429289989159,0.866164189855734,0.941914788564414,0.242683176538246
camelid,FUBAR2,11,bias,-0.0504553057782902,0.490677104744955,0.992093885111777,0.210139786625604
camelid,FUBAR2,11,nobias,-0.0577476728357443,0.773881146379622,0.667473265271569,0.131504740648061
camelid,FUBAR2,12,bias,0.128546563822144,0.605426721472149,0.805733373875004,0.321091156995345
camelid,FUBAR2,12,nobias,0.0512793850470634,0.799702876291376,0.619153052026641,0.192246392735212
camelid,FUBAR2,13,bias,-0.17081871878716,0.539083606985058,2.06503859720867,0.251297094238202
camelid,FUBAR2,13,nobias,0.100837011491116,0.486626704555539,0.703120353106744,0.345859910992142
camelid,FUBAR2,14,bias,-0.0448899293181444,0.810260355254874,0.876464993833657,0.0950105135988498
camelid,FUBAR2,14,nobias,-0.257917170958288,0.729363026191903,1.44610340309367,0.147435009091382
camelid,FUBAR2,15,bias,-0.355503268863393,0.62418403178903,2.15454970067562,0.365519258876766
camelid,FUBAR2,15,nobias,0.00601232702847886,0.559830297042882,0.94172677084816,0.291783766790309
camelid,FUBAR2,16,bias,-0.119693205360145,0.496817857796058,1.56938757529364,0.263718000313303
camelid,FUBAR2,16,nobias,-1.11283992591905,0.384967094501352,7.15382025517609,0.271989689631363
camelid,FUBAR2,17,bias,-0.285756783074845,0.487238165568145,2.71919622119518,0.32541941897752
camelid,FUBAR2,17,nobias,0.108065237331705,0.791772709296625,0.571610699776387,0.233915855528324
camelid,FUBAR2,18,bias,-0.219319424034924,0.498812294701143,1.93763827617946,0.254614226871393
camelid,FUBAR2,18,nobias,-0.109864247903044,0.814975135294721,0.998352317680582,0.10328158235839
camelid,FUBAR2,19,bias,0.136207441179049,0.797644031330567,0.509504702559799,0.224190345772527
camelid,FUBAR2,19,nobias,0.0797823659177678,0.656044888834775,0.609139805526813,0.267933586008612
camelid,FUBAR2,20,bias,0.00395082727478763,0.758387860776225,0.698939952494134,0.181564905361144
camelid,FUBAR2,20,nobias,0.102607564982009,0.776210334606472,0.459252372923879,0.0865759596434356
camelid,FUBAR2,21,bias,-0.0161915950574141,0.781070402198214,0.680321323415574,0.118095790823781
camelid,FUBAR2,21,nobias,0.119728141093376,0.638368508761768,0.892407809763287,0.352009794049999
camelid,FUBAR2,22,bias,-0.106141178732132,0.814253706516526,1.00371014896538,0.0958630315571869
camelid,FUBAR2,22,nobias,0.00443138259139856,0.664810575146083,0.888996603677921,0.280538408592757
camelid,FUBAR2,23,bias,-0.0601175364005509,0.629470522680226,1.00698837194783,0.211252417487566
camelid,FUBAR2,23,nobias,0.018763004470327,0.646187650299522,0.743187155250405,0.15994950510768
camelid,FUBAR2,24,bias,0.0423613732795431,0.81279659550306,0.621162130565443,0.155948492300912
camelid,FUBAR2,24,nobias,-0.0836686403770014,0.634241454732496,1.59107881307151,0.155633192260229
camelid,FUBAR2,25,bias,-0.00705975075874223,0.567352888709846,0.698580033419671,0.160287002902234
camelid,FUBAR2,25,nobias,-0.135686442580435,0.648500055786201,1.20173727021117,0.319270271128856
camelid,FUBAR2,26,bias,-0.629726630634687,0.615334095601547,3.92174636577323,0.466802007389719
camelid,FUBAR2,26,nobias,-0.0640900153215766,0.676039118437132,0.865009864410753,0.20203842363729
camelid,FUBAR2,27,bias,-0.509818526497354,0.582649595576912,3.30642581749312,0.623478356533118
camelid,FUBAR2,27,nobias,0.0211861322001327,0.806138544508787,0.783262913896666,0.218977874266905
camelid,FUBAR2,28,bias,-0.164016763297424,0.677907931749022,1.54758122203255,0.331147883985252
camelid,FUBAR2,28,nobias,-0.0326473129809833,0.405787908519656,0.963840348710958,0.172528207888731
camelid,FUBAR2,29,bias,-0.239980354580441,0.483962158885955,2.44857789291978,0.476422640045626
camelid,FUBAR2,29,nobias,-0.101570548699161,0.738948744833068,1.579317626676,0.286726369822215
camelid,FUBAR2,30,bias,0.0844696570052493,0.524625907986725,0.884433358540097,0.138234689224861
camelid,FUBAR2,30,nobias,-0.353460647336316,0.911723288263704,1.79582905803928,0.104985354697971
camelid,FUBAR2,31,bias,-0.0468635837041533,0.616190442772898,1.3977961763019,0.1536287677128
camelid,FUBAR2,31,nobias,-0.0321179852296795,0.816319397171344,0.991428282954983,0.270762782089576
camelid,FUBAR2,32,bias,0.0248757393395189,0.60586442457218,1.02168906541329,0.263810553476093
camelid,FUBAR2,32,nobias,0.0764971144072856,0.716259301824014,0.497775038681005,0.121849332864391
camelid,FUBAR2,33,bias,-0.122256197933927,0.830555329780046,0.910354368589184,0.106712497923129
camelid,FUBAR2,33,nobias,0.0153478116144764,0.471504215421718,0.891453716498429,0.161494578013083
camelid,FUBAR2,34,bias,-0.362479817904133,0.443798775367493,2.74400958928212,0.308543792712015
camelid,FUBAR2,34,nobias,-0.0482950836545724,0.70981169030274,0.942764307625609,0.292783177823204
camelid,FUBAR2,35,bias,-0.0700358442173625,0.716412212378529,0.912407590522762,0.207779613392226
camelid,FUBAR2,35,nobias,0.111988652638742,0.674538909127409,0.692781087023871,0.192929592086098
camelid,FUBAR2,36,bias,-0.0817431717377696,0.708315202457358,1.10500152956354,0.288295209166036
camelid,FUBAR2,36,nobias,-0.386192428667917,0.439048921168809,2.15036110308496,0.314723147841739
camelid,FUBAR2,37,bias,-0.371947578494674,0.650585351096441,2.24826199872031,0.459287023471051
camelid,FUBAR2,37,nobias,-0.129329149021604,0.534272735297249,1.86831894581069,0.168965310133524
camelid,FUBAR2,38,bias,0.162942513846928,0.672197380125745,0.814401869369597,0.385355719723156
camelid,FUBAR2,38,nobias,-0.193897191549538,0.456424157620477,1.94003057379518,0.479628239805948
camelid,FUBAR2,39,bias,-0.0955735007852005,0.873200070363563,1.12290077365739,0.153365394602416
camelid,FUBAR2,39,nobias,-0.0146907619002736,0.747018070008733,0.650578828907776,0.269395094018305
camelid,FUBAR2,40,bias,0.0211356322510855,0.762033758299979,0.753194141358196,0.159935174710315
camelid,FUBAR2,40,nobias,-0.0369737631543055,0.642144665392055,0.896295567952866,0.337410784792042
camelid,FUBAR2,41,bias,-0.252741332953686,0.617335732909946,1.93676154436302,0.734500402908601
camelid,FUBAR2,41,nobias,0.136639383098735,0.80144948948009,0.585928541056178,0.286755205914308
camelid,FUBAR2,42,bias,0.0239723344123164,0.70144688004442,0.996797035512648,0.332366284020043
camelid,FUBAR2,42,nobias,-0.0768696351027295,0.703057726359103,0.860758690751074,0.127885130209893
camelid,FUBAR2,43,bias,-0.0965184527887209,0.53356141417507,1.74489975287088,0.190399514917211
camelid,FUBAR2,43,nobias,-0.0264877034702823,0.612779493135936,1.25634494731008,0.231945199081118
camelid,FUBAR2,44,bias,-0.233009197391119,0.637510479449423,1.79032502882843,0.223999088152096
camelid,FUBAR2,44,nobias,-0.0508652406369685,0.667969594171952,1.15641151085662,0.122481561524028
camelid,FUBAR2,45,bias,-0.133574547670589,0.492640969932906,1.41257861867796,0.444118091368923
camelid,FUBAR2,45,nobias,-0.129800399824518,0.689398107018678,1.59949403920058,0.214072702408478
camelid,FUBAR2,46,bias,-0.23285299491715,0.839422927023945,1.50338706612973,0.135342986029676
camelid,FUBAR2,46,nobias,0.136897597316069,0.813395251461371,0.497203457895754,0.146742310607777
camelid,FUBAR2,47,bias,-0.00302751027735668,0.410366711501968,1.37045888741701,0.325909512628643
camelid,FUBAR2,47,nobias,0.0420178641797675,0.655171326129967,0.593004993448465,0.176365763410567
camelid,FUBAR2,48,bias,-0.0574237890413636,0.903751061358074,1.40140433428148,0.112457738201441
camelid,FUBAR2,48,nobias,-0.0244964112933225,0.509714281936922,0.939623170536894,0.18379661685727
camelid,FUBAR2,49,bias,-0.0651682886964529,0.554515134640066,0.962695855925603,0.188286653700294
camelid,FUBAR2,49,nobias,-0.270624069683999,0.529419530411362,2.08203624128553,0.662314692350806
camelid,FUBAR2,50,bias,-0.469826055806865,0.431010695780927,3.68015032656825,0.721162243947115
camelid,FUBAR2,50,nobias,-0.115317327884718,0.729338605132298,1.27798273267226,0.244501119257929
h3,FUBAR1,1,bias,-1.02542206475178,0.57833868034472,5.11753553973694,0.140887255664783
h3,FUBAR1,1,nobias,-0.165360580286291,0.328420925283154,1.64466242765966,0.138909515465193
h3,FUBAR1,2,bias,-0.0983977674646179,0.110190998055777,2.33954494016922,0.471990335641624
h3,FUBAR1,2,nobias,-3.7321175364338,0.541394680388226,17.1873852897092,0.148048278684207
h3,FUBAR1,3,bias,-7.99299395097143,0.255705769605533,50.2387974923114,0.289181604265617
h3,FUBAR1,3,nobias,-0.465009596159901,0.416002993693872,2.88674613703703,0.202795083420667
h3,FUBAR1,4,bias,-1.80995466253538,0.775639060798238,8.67618540224387,0.233119668506455
h3,FUBAR1,4,nobias,-0.514498010830462,0.483964053128322,3.37968471246198,0.116687253014646
h3,FUBAR1,5,bias,-3.27149178200455,0.428056236259532,14.8448092829192,0.0995585354279266
h3,FUBAR1,5,nobias,-0.0364527528118481,0.746912653336231,1.01194951867388,0.156104504509541
h3,FUBAR1,6,bias,-0.926695693039893,0.755263723836397,6.76743652857197,0.128346907263864
h3,FUBAR1,6,nobias,-3.23038621206282,0.443388095101157,14.8149010845712,0.149924870153421
h3,FUBAR1,7,bias,-0.972163263554874,0.422367209249556,5.70033024239958,0.102048913966894
h3,FUBAR1,7,nobias,-2.99622320084055,0.237190095232853,16.3972280316649,0.211878506602856
h3,FUBAR1,8,bias,-0.303590858397693,0.416176233218211,2.46633786624976,0.381869544332355
h3,FUBAR1,8,nobias,-0.543278866268827,0.445169116141868,2.93887103824343,0.219654724426794
h3,FUBAR1,9,bias,-0.0820970948849597,0.45729335510482,2.06431541376509,0.148025294653257
h3,FUBAR1,9,nobias,-0.437142933108027,0.302900616502912,2.76151245265844,0.206074612787922
h3,FUBAR1,10,bias,-0.155949923114697,0.36462855220309,1.93901794300307,0.249964012669914
h3,FUBAR1,10,nobias,-1.96702821323948,0.121745004393957,12.7937957739913,0.264471208080417
h3,FUBAR1,11,bias,-0.806842093702551,0.376665969082945,5.19359515849967,0.126562481149395
h3,FUBAR1,11,nobias,-1.54949923230185,0.103677657475385,7.89445892416641,0.29451020527965
h3,FUBAR1,12,bias,-0.651019983631827,0.639917001484535,4.37299804882123,0.373124507036544
h3,FUBAR1,12,nobias,-1.37073936570536,0.419353488471106,5.49998960100734,0.0980149171277069
h3,FUBAR1,13,bias,-0.289205300214274,0.398288726728782,1.7955633209679,0.0960394908258551
h3,FUBAR1,13,nobias,-1.04249021755325,0.258927916849383,4.80511212929415,0.110017457556359
h3,FUBAR1,14,bias,-0.537617104861513,0.551667948029033,3.93709408398803,0.398018272260641
h3,FUBAR1,14,nobias,-0.519608723080857,0.280476563378654,2.52056139896141,0.0510739473451154
h3,FUBAR1,15,bias,-1.91974460029686,0.337807560381314,12.4976874868214,0.179695366359126
h3,FUBAR1,15,nobias,-3.94456237634346,0.27754662459588,19.2758395199865,0.246698689679606
h3,FUBAR1,16,bias,-0.935188438389762,0.24796030587123,6.7085660296869,0.124508439294052
h3,FUBAR1,16,nobias,-0.162028312411534,0.322022624444358,1.59260945447228,0.187461644122673
h3,FUBAR1,17,bias,-0.478300477147406,0.553085755683722,3.14715688547127,0.328789967867651
h3,FUBAR1,17,nobias,-3.25327671760657,0.428776710608705,19.9317049452103,0.12369413309052
h3,FUBAR1,18,bias,-1.53173792097022,0.25572080095089,7.32907325074204,0.327741657726545
h3,FUBAR1,18,nobias,-0.210704556173766,0.42205707530724,2.04677755942321,0.194739093102793
h3,FUBAR1,19,bias,-1.29141952735413,0.64195135324095,5.91973771661066,0.0654369508992913
h3,FUBAR1,19,nobias,-1.19265179459597,0.221635202509576,7.46153136429901,0.313537577805235
h3,FUBAR1,20,bias,-0.265219610490297,0.620173489844772,2.38206354045649,0.166212655299664
h3,FUBAR1,20,nobias,-0.948132217507681,0.291573374231151,4.47900581649544,0.194553464141331
h3,FUBAR1,21,bias,-1.28064559276113,0.146747089660611,5.50503974962963,0.324960770912169
h3,FUBAR1,21,nobias,-1.08274168105825,0.190869407651117,4.08742156111642,0.110305480497436
h3,FUBAR1,22,bias,-0.427583160594753,0.333083196253422,3.62534165392894,0.191716741752596
h3,FUBAR1,22,nobias,-1.3808303283329,0.213024074213092,6.68608005340027,0.338290299229994
h3,FUBAR1,23,bias,-3.65759743753485,0.129967543866807,15.5756643202609,0.0845342248726285
h3,FUBAR1,23,nobias,0.0790246290694968,0.493341201923102,1.02462453667783,0.223031011074876
h3,FUBAR1,24,bias,-0.101589134686458,0.422153720337041,1.88765056382022,0.211139721487183
h3,FUBAR1,24,nobias,-1.29892545176765,0.352637461809431,5.24760882395543,0.216913972874516
h3,FUBAR1,25,bias,-1.44282266357802,0.433834486650264,6.54678997442768,0.161876941598527
h3,FUBAR1,25,nobias,-0.799884899740769,0.139730935673504,3.88204928217889,0.14519529006912
h3,FUBAR1,26,bias,-2.20366713714596,0.102781226752511,12.7694385924417,0.114941908766069
h3,FUBAR1,26,nobias,-1.33271624902794,0.441078672652998,6.68700582565974,0.060222094227634
h3,FUBAR1,27,bias,0.0402674472220048,0.843650145403677,0.873684420810574,0.0723960000741871
h3,FUBAR1,27,nobias,-0.750755424229781,0.266224411228383,4.25361580486957,0.262252476048957
h3,FUBAR1,28,bias,-1.74105547756418,0.368113884835705,8.06724830357141,0.062745113030252
h3,FUBAR1,28,nobias,-0.215765179571415,0.303629842647078,2.21407561339739,0.0807143672208304
h3,FUBAR1,29,bias,-0.796295352242662,0.420029702184406,3.80799065859552,0.213556430762563
h3,FUBAR1,29,nobias,-1.00965395780937,0.380230594685546,5.11760989439845,0.0739213377799983
h3,FUBAR1,30,bias,-1.93385112899716,0.150898256171288,16.0549730154465,0.526097212000891
h3,FUBAR1,30,nobias,-5.81503438842748,0.175309995271888,43.3790777383048,0.153305469780795
h3,FUBAR1,31,bias,-0.931692701333028,0.240803590456394,6.80966906972247,0.136329210938109
h3,FUBAR1,31,nobias,-2.2767692580483,0.165958531557825,10.8752700002558,0.104142958555452
h3,FUBAR1,32,bias,-3.93496873874068,0.0658765929408944,25.2204576332364,0.204290599102049
h3,FUBAR1,32,nobias,-4.68446115974144,0.336475106142646,22.2440601317933,0.175510311079256
h3,FUBAR1,33,bias,-0.472717632619066,0.415340317342756,3.39437054257021,0.280939357065316
h3,FUBAR1,33,nobias,-1.65431628662436,0.22772119907864,8.51578281181768,0.355397627491957
h3,FUBAR1,34,bias,-0.0651967854104341,0.445166912129968,1.43129978062492,0.117540197951637
h3,FUBAR1,34,nobias,-0.0682120135801195,0.769876617758484,0.987362487223222,0.0818036603586911
h3,FUBAR1,35,bias,-0.999764950537111,0.316761679434102,6.10325608509256,0.24680491170828
h3,FUBAR1,35,nobias,-1.33276616701301,0.216990655531722,7.01604240510676,0.235689457526004
h3,FUBAR1,36,bias,-1.59390264539639,0.307473986939779,8.17138622966631,0.0940860982450423
h3,FUBAR1,36,nobias,-0.557452289773126,0.164167673450448,4.79134723404257,0.308572923946995
h3,FUBAR1,37,bias,-0.261545147125359,0.37327499892186,2.62985902045354,0.0449145892371232
h3,FUBAR1,37,nobias,-1.11032186033516,0.271648319464816,5.47652895678212,0.074548853149725
h3,FUBAR1,38,bias,-1.62101231613616,0.131217098188808,9.35960845004874,0.182022625086247
h3,FUBAR1,38,nobias,-0.306464864626678,0.499089388415408,2.01666698638475,0.0950040198627742
h3,FUBAR1,39,bias,-1.34265121476513,0.742804260561948,6.34576148593817,0.363483994430594
h3,FUBAR1,39,nobias,-1.41109710198278,0.231384195952593,8.59732069153643,0.425951138452394
h3,FUBAR1,40,bias,-1.67989306772012,0.176627625149821,13.5306715616372,0.100807173530928
h3,FUBAR1,40,nobias,-0.101917250500317,0.358628391148087,1.28500887686975,0.0437834465776356
h3,FUBAR1,41,bias,-1.2059452373743,0.427769092192849,6.4828449205867,0.217798581357313
h3,FUBAR1,41,nobias,-2.67310785216649,0.277471050274144,10.9909512056727,0.469916059177398
h3,FUBAR1,42,bias,-2.28550579362623,0.328071854410959,13.4595696540109,0.495520732293169
h3,FUBAR1,42,nobias,-1.91991974425753,0.282288611088375,9.00403770384173,0.499460254298983
h3,FUBAR1,43,bias,-4.62480361093399,0.732549245873737,34.4158757147898,0.323268599069097
h3,FUBAR1,43,nobias,-3.12865013039324,0.317376504278889,12.6270461292283,0.0803863318169595
h3,FUBAR1,44,bias,-2.95594363286094,0.393841875387898,14.9744616321442,0.256924480640951
h3,FUBAR1,44,nobias,-1.24691157626659,0.402214349868808,6.82932675086787,0.17268833005133
h3,FUBAR1,45,bias,-0.381543152809795,0.283014531874302,2.53136411108272,0.0653056670671875
h3,FUBAR1,45,nobias,-0.290545017551867,0.475202627514077,2.40035262875497,0.0747783449165664
h3,FUBAR1,46,bias,-4.42578191106784,0.22290432279291,28.461768442072,0.305811133215967
h3,FUBAR1,46,nobias,-0.416863085237821,0.58704849861453,2.65100823038273,0.0937205655829048
h3,FUBAR1,47,bias,-1.25942874198694,0.122744373446554,6.39612810482838,0.475605281226375
h3,FUBAR1,47,nobias,-1.07105290004237,0.381359009835085,8.4909211930616,0.373988887406276
h3,FUBAR1,48,bias,-4.92591230503432,0.117935817260975,24.6062965107784,0.824911643287826
h3,FUBAR1,48,nobias,-1.56110803129756,0.21897330101519,8.19289352251291,0.451630593429498
h3,FUBAR1,49,bias,-1.2020175990082,0.222877932751449,7.12342999170452,0.45692196335665
h3,FUBAR1,49,nobias,-3.30528631370297,0.134037084195025,23.8963410956214,0.120578535032789
h3,FUBAR1,50,bias,-0.126471586834368,0.467923905197381,1.68342640990201,0.207003760842724
h3,FUBAR1,50,nobias,-2.62315089912922,0.0998457245616834,16.0197116950499,0.231859635717134
h3,FUBAR2,1,bias,-0.950091393276737,0.673371532907729,4.93479206788385,0.245487505606539
h3,FUBAR2,1,nobias,-0.114204907181735,0.401364802014911,1.58692165853759,0.272232981844201
h3,FUBAR2,2,bias,-0.12832120117141,0.220058789816588,2.26773922240525,0.483950249173733
h3,FUBAR2,2,nobias,-3.62246415420656,0.725266995964979,16.8787439978357,0.269870092713142
h3,FUBAR2,3,bias,-7.85968177426885,0.59144789969313,49.893838559378,0.42164765753715
h3,FUBAR2,3,nobias,-0.448733426187723,0.47544817865591,2.84445437164178,0.212197924044201
h3,FUBAR2,4,bias,-1.73815664859346,0.866926369751924,8.178304199008,0.404917826543331
h3,FUBAR2,4,nobias,-0.393607571039809,0.621780431175706,3.15997932643684,0.286117435458973
h3,FUBAR2,5,bias,-3.21009062312034,0.483587971292452,14.6644532234663,0.362644310942179
h3,FUBAR2,5,nobias,-0.00569467189935298,0.63521244951705,1.10091678525778,0.198863743773394
h3,FUBAR2,6,bias,-0.953208832000249,0.806640495272405,6.69082483290818,0.131900623195748
h3,FUBAR2,6,nobias,-3.0837065092601,0.500863344468114,14.6402772666763,0.360150845814868
h3,FUBAR2,7,bias,-0.952720718377986,0.339229755972821,5.71870206009672,0.127445872378708
h3,FUBAR2,7,nobias,-2.81769983052985,0.284210867795085,16.236593542542,0.786175424677132
h3,FUBAR2,8,bias,-0.183649194351121,0.424237765175447,2.41407651129119,1.47488729327038
h3,FUBAR2,8,nobias,-0.434883366031992,0.690273151134414,2.62315532685273,0.356807189447981
h3,FUBAR2,9,bias,-0.0849213373783018,0.531542708525189,2.02931681533156,0.13568256604355
h3,FUBAR2,9,nobias,-0.358762602361227,0.291532620359287,2.73521992093444,0.470036407829658
h3,FUBAR2,10,bias,-0.110894482912212,0.425223052779733,1.87980810295626,0.389387427189579
h3,FUBAR2,10,nobias,-1.86361855017609,0.21494228555293,12.7038066787739,0.442650217056498
h3,FUBAR2,11,bias,-0.758865957132402,0.607071448320766,5.04872576183801,0.141934543996348
h3,FUBAR2,11,nobias,-1.47129474555766,0.150392545302088,7.85053500161487,0.350973102318629
h3,FUBAR2,12,bias,-0.544462130452146,0.697782474954402,4.14998119721371,0.593954096104403
h3,FUBAR2,12,nobias,-1.27427027507897,0.526113414470037,5.36982918747188,0.182247535165521
h3,FUBAR2,13,bias,-0.256104448297198,0.403996987560297,1.75459988136621,0.225491756192027
h3,FUBAR2,13,nobias,-0.984343774251027,0.323506953799819,4.75584972352478,0.147479229095178
h3,FUBAR2,14,bias,-0.42572719901456,0.617520834939872,3.56411604756066,1.42849432781197
h3,FUBAR2,14,nobias,-0.491028194048145,0.33614425076875,2.49074582187606,0.0709215036174663
h3,FUBAR2,15,bias,-1.89246490160558,0.519493263384919,12.3474579732018,0.252191536099688
h3,FUBAR2,15,nobias,-3.76874662591963,0.399691930263641,19.0789524412947,0.532080240161514
h3,FUBAR2,16,bias,-0.933207594092224,0.374531734169844,6.652906991623,0.134003101440924
h3,FUBAR2,16,nobias,-0.0654676578994052,0.338581945452251,1.57947013382638,0.44789511603884
h3,FUBAR2,17,bias,-0.435324725414374,0.636162952557862,2.96974022409573,0.51460860837546
h3,FUBAR2,17,nobias,-3.18183051989399,0.887311227183971,19.5013741203898,0.0960894552195099
h3,FUBAR2,18,bias,-1.4756950261445,0.390074529701382,7.18708202411495,0.499180419094277
h3,FUBAR2,18,nobias,-0.100245627560161,0.565178037481043,1.91676830088834,0.25994916327975
h3,FUBAR2,19,bias,-1.26270261934558,0.774358832950184,5.70523434413688,0.127205800273494
h3,FUBAR2,19,nobias,-1.08692673782996,0.264673690732936,7.39513463553564,0.480210784254327
h3,FUBAR2,20,bias,-0.239075826354885,0.796470194208425,2.14703568253207,0.185969877408752
h3,FUBAR2,20,nobias,-0.833188835542423,0.323994272982045,4.38168262008785,0.539497507276341
h3,FUBAR2,21,bias,-1.30151355999255,0.321114521178315,5.44207033889066,0.174991683767719
h3,FUBAR2,21,nobias,-0.9857681264792,0.304230269403748,3.99450991257919,0.222041637401722
h3,FUBAR2,22,bias,-0.297013655697177,0.37026005139517,3.53916735328212,0.442628266647287
h3,FUBAR2,22,nobias,-1.2864677701528,0.314355482558364,6.60506409017294,0.331994818302709
h3,FUBAR2,23,bias,-3.72646730322695,0.447026190071349,15.4786630120792,0.0989879115452752
h3,FUBAR2,23,nobias,0.1137325659501,0.521502222569092,1.00773098313476,0.294137637685968
h3,FUBAR2,24,bias,-0.0848686975170186,0.396456604694066,1.87931287737976,0.406777199839439
h3,FUBAR2,24,nobias,-1.22369641447801,0.489809189599862,5.0756697940626,0.39958007930342
h3,FUBAR2,25,bias,-1.38545809337091,0.669035945253948,6.17887142872094,0.424877342040503
h3,FUBAR2,25,nobias,-0.739264022228605,0.190895754326312,3.83896276609612,0.298069213506804
h3,FUBAR2,26,bias,-2.09102760038355,0.132179903619376,12.7188304426683,0.322814841164389
h3,FUBAR2,26,nobias,-1.25363989251167,0.534183498865332,6.55329914851443,0.156904268233326
h3,FUBAR2,27,bias,0.0848650454445313,0.831302819873319,0.761882464697883,0.171556778074427
h3,FUBAR2,27,nobias,-0.69210277977051,0.445583364629976,4.14548216674798,0.231052756791068
h3,FUBAR2,28,bias,-1.6759255815239,0.46535917054415,7.94235497617375,0.178325470997713
h3,FUBAR2,28,nobias,-0.203148275396917,0.349625796383628,2.17764547889182,0.142806872612697
h3,FUBAR2,29,bias,-0.79576663919868,0.561342126647406,3.6937637309644,0.248979064897029
h3,FUBAR2,29,nobias,-0.972114797347732,0.391298084188323,5.07143355411498,0.138972924046755
h3,FUBAR2,30,bias,-1.87596092559682,0.154271357616787,16.0402167242727,0.601800785595098
h3,FUBAR2,30,nobias,-5.70533923491236,0.39423249312013,43.1641986665032,0.419998700458775
h3,FUBAR2,31,bias,-0.927945353384917,0.419758090180478,6.73797270346665,0.125508331479009
h3,FUBAR2,31,nobias,-2.18056501902082,0.211304394170937,10.8184624711281,0.202542613960006
h3,FUBAR2,32,bias,-3.88103401542232,0.141279080862748,25.1697414160987,0.274265881205675
h3,FUBAR2,32,nobias,-4.58007209898262,0.374030492819702,22.1061360620977,0.470863765594943
h3,FUBAR2,33,bias,-0.448182706115921,0.403175804244187,3.37947832312579,0.366681626010321
h3,FUBAR2,33,nobias,-1.54778863949975,0.282836858096991,8.44394256051054,0.45513892245441
h3,FUBAR2,34,bias,-0.0689206683861043,0.53110452732719,1.34174133164026,0.260806999121824
h3,FUBAR2,34,nobias,0.0784371187254463,0.898928733152993,0.601804406541893,0.180112343618357
h3,FUBAR2,35,bias,-1.00293700851202,0.312956095495456,6.08806468339392,0.32849794073091
h3,FUBAR2,35,nobias,-1.21012304230788,0.31943265632128,6.89991809434528,0.418615228271011
h3,FUBAR2,36,bias,-1.54036443084466,0.315739050080351,8.11760424064044,0.205944777418571
h3,FUBAR2,36,nobias,-0.516697156908287,0.189276176783192,4.77915591591429,0.226102999819596
h3,FUBAR2,37,bias,-0.266953078024778,0.411349763610314,2.58817939669172,0.0932396104908803
h3,FUBAR2,37,nobias,-1.04358446185084,0.186819313446736,5.46530124984483,0.213898628948139
h3,FUBAR2,38,bias,-1.61161088339823,0.202241315668003,9.31973196755523,0.226957268566602
h3,FUBAR2,38,nobias,-0.21513819788417,0.505424636307965,1.93363017913377,0.246410069587179
h3,FUBAR2,39,bias,-1.22768849146462,0.863920179299535,5.79281427466442,0.518229212943953
h3,FUBAR2,39,nobias,-1.28709396970935,0.182764470553026,8.56837550079716,1.51091873518567
h3,FUBAR2,40,bias,-1.64324451918192,0.231409904273668,13.4932885147456,0.150885759928229
h3,FUBAR2,40,nobias,-0.0651980615217384,0.293050710989021,1.28654562833599,0.123842314944659
h3,FUBAR2,41,bias,-1.06440347170033,0.607938847699449,6.22343864708783,0.387016478847045
h3,FUBAR2,41,nobias,-2.45990445069777,0.296993543944273,10.8175094996252,1.42943179021296
h3,FUBAR2,42,bias,-2.13573992432108,0.314733942581548,13.3557983084091,1.10713616567456
h3,FUBAR2,42,nobias,-1.75174085446215,0.391128061530016,8.76175014281579,1.19203981176569
h3,FUBAR2,43,bias,-4.49394175936541,0.911973004019047,33.5857759929471,0.42356621866417
h3,FUBAR2,43,nobias,-3.06558277077865,0.394450601519983,12.5434539417702,0.155223737356821
h3,FUBAR2,44,bias,-2.85086522979106,0.48419208963608,14.8085114146251,0.45833107809811
h3,FUBAR2,44,nobias,-1.14123461819544,0.351008251415538,6.77162160154836,0.412415186732246
h3,FUBAR2,45,bias,-0.429780373941522,0.216739367199607,2.55348373636848,0.0828315049809395
h3,FUBAR2,45,nobias,-0.195959691180224,0.533367160227627,2.29745234577099,0.177472819264924
h3,FUBAR2,46,bias,-4.36537397777454,0.737779769049281,28.1055842734013,0.193512857808637
h3,FUBAR2,46,nobias,-0.390723055708538,0.602838479487854,2.59902301276993,0.137337018699893
h3,FUBAR2,47,bias,-1.39714531337944,0.165035356719912,6.42641788866483,0.10562130466486
h3,FUBAR2,47,nobias,-0.938970944823695,0.722582760923891,7.97954731618128,0.541853538228838
h3,FUBAR2,48,bias,-4.85345675145281,0.194058964193503,24.4770961493841,1.47315596837921
h3,FUBAR2,48,nobias,-1.33614552724906,0.251369886336448,8.03315833680174,2.16887535236256
h3,FUBAR2,49,bias,-1.04484127924973,0.280318994828771,7.00247031919198,1.00809297157461
h3,FUBAR2,49,nobias,-3.22515234704369,0.281805766735001,23.7617509064495,0.369969758383735
h3,FUBAR2,50,bias,-0.100545566286248,0.465448750826789,1.67266134555698,0.253189281030775
h3,FUBAR2,50,nobias,-2.61046401197759,0.199603241232029,15.9622843561715,0.273633502432438
hivrt,FUBAR1,1,bias,0.11049537315654,0.679961927858747,0.756228384448353,0.367308831208319
hivrt,FUBAR1,1,nobias,0.213831988492157,0.752066769726796,0.373980481517954,0.0763313648350717
hivrt,FUBAR1,2,bias,0.121661774464435,0.403390815715234,1.01800349634829,0.525789035070072
hivrt,FUBAR1,2,nobias,-0.0630800603549706,0.479568079353926,1.03807041135964,0.059694643258736
hivrt,FUBAR1,3,bias,0.112156705821024,0.655566020257904,0.653699900733832,0.0660147518693295
hivrt,FUBAR1,3,nobias,0.0404266453729267,0.650564451334973,0.772195459490438,0.0667680271702061
hivrt,FUBAR1,4,bias,-0.262100486834383,0.391936799048876,2.33339400065812,0.28949626119524
hivrt,FUBAR1,4,nobias,0.0546381510195825,0.790005465449109,0.594489998875372,0.0316396033994117
hivrt,FUBAR1,5,bias,-0.371324848557063,0.446077481278371,3.41650354335562,0.0785941060051712
hivrt,FUBAR1,5,nobias,0.103572637236521,0.573004680712698,0.605267593827616,0.0898491473997895
hivrt,FUBAR1,6,bias,0.18611753442432,0.425229740210381,0.674392479941412,0.221730455552539
hivrt,FUBAR1,6,nobias,-0.272265117051438,0.766566110634783,1.84497498012373,0.0678769303227339
hivrt,FUBAR1,7,bias,-0.345648464197336,0.568335389494073,2.05313677726011,0.152130577668548
hivrt,FUBAR1,7,nobias,-0.118251328760284,0.842245182093035,1.44478107308979,0.121260472794819
hivrt,FUBAR1,8,bias,0.169940165887667,0.403392388719003,0.888359632035638,0.348325934848459
hivrt,FUBAR1,8,nobias,0.0868932938443445,0.613216687220212,0.615780126806783,0.106976559739703
hivrt,FUBAR1,9,bias,-0.0552575531525573,0.740510852181909,1.58802556110838,0.0621592481844629
hivrt,FUBAR1,9,nobias,-0.117162338989498,0.432053842230531,1.23562067028302,0.135379826021926
hivrt,FUBAR1,10,bias,-0.0808937097603043,0.27328864438426,2.1279586232823,0.27353563713298
hivrt,FUBAR1,10,nobias,-0.505638551340823,0.589277403448494,3.72696095325054,0.186780864892272
hivrt,FUBAR1,11,bias,0.0401509102252475,0.457726228497842,0.951716892819076,0.035769450368981
hivrt,FUBAR1,11,nobias,0.104436090432564,0.830092658652197,0.944405206425729,0.127578815271668
hivrt,FUBAR1,12,bias,0.245787371283492,0.298980355238362,0.782143838543151,0.395621132871456
hivrt,FUBAR1,12,nobias,-0.157754479221848,0.404515924580381,1.3049732822816,0.102720969745362
hivrt,FUBAR1,13,bias,-0.20354416839749,0.286777514327431,2.82829936685394,0.140595992233054
hivrt,FUBAR1,13,nobias,-0.299025963809474,0.358633189694501,1.99210627698535,0.170939742740523
hivrt,FUBAR1,14,bias,-0.188977073041774,0.363020216814365,1.6742957837361,0.203669339454608
hivrt,FUBAR1,14,nobias,-0.644791220261227,0.446777418024526,7.08860020431389,0.289477254666654
hivrt,FUBAR1,15,bias,0.0756057590753308,0.596947096554897,0.946402800174697,0.204255506979498
hivrt,FUBAR1,15,nobias,0.0202855278449204,0.751007791202655,0.852170727572604,0.087228109471695
hivrt,FUBAR1,16,bias,-0.189379784336957,0.51763684876896,1.68902834743586,0.150979019433986
hivrt,FUBAR1,16,nobias,-0.129638639143914,0.443606762264634,1.30146742069783,0.137713982939821
hivrt,FUBAR1,17,bias,0.213343421486256,0.36472706888586,1.18324416628025,0.53584862558425
hivrt,FUBAR1,17,nobias,0.0331879833830096,0.592992608594097,1.1077253572253,0.118011515031155
hivrt,FUBAR1,18,bias,0.0439597382461653,0.500079723664043,1.20173915844273,0.183941426193931
hivrt,FUBAR1,18,nobias,0.228131909989113,0.611019350387696,0.443670222263621,0.0708980310648545
hivrt,FUBAR1,19,bias,0.0662211885236442,0.685655027978233,0.867348364290401,0.175933082294216
hivrt,FUBAR1,19,nobias,0.0229781431847247,0.454263562505134,1.05939687520575,0.0695547374679554
hivrt,FUBAR1,20,bias,0.12751416851743,0.465755539503341,0.889361938832463,0.09545824868174
hivrt,FUBAR1,20,nobias,0.204233477610589,0.53973231161224,0.494193881563508,0.132908510565671
hivrt,FUBAR1,21,bias,0.264164067600575,0.556505772173303,0.591640346803145,0.162350760957276
hivrt,FUBAR1,21,nobias,0.0139481065425721,0.632145451958084,0.714339478960064,0.0460591382855036
hivrt,FUBAR1,22,bias,0.076204550006944,0.575309665412023,0.892818320407273,0.384742802146456
hivrt,FUBAR1,22,nobias,-0.0882740499852576,0.55378238858182,1.65070130194911,0.0913474212573594
hivrt,FUBAR1,23,bias,0.152799991125956,0.627310174442882,0.598979689864662,0.178693295937061
hivrt,FUBAR1,23,nobias,-0.187423670940332,0.560303970741601,1.6509665518294,0.0422569004581094
hivrt,FUBAR1,24,bias,-0.150606610541696,0.573615011633833,1.44357364718898,0.420625475685641
hivrt,FUBAR1,24,nobias,-0.312625606380116,0.556371040977722,2.99038039771011,0.0714592081026051
hivrt,FUBAR1,25,bias,0.0746520091105709,0.602499547827432,1.62960092502783,0.39396553899343
hivrt,FUBAR1,25,nobias,-0.14815485079744,0.558500773443407,1.43093882490224,0.114224832085323
hivrt,FUBAR1,26,bias,0.229437439346918,0.764038030260618,0.445943642358476,0.101321761079861
hivrt,FUBAR1,26,nobias,-0.0224085910057169,0.758895224594296,1.08764806291853,0.0352253467767125
hivrt,FUBAR1,27,bias,-0.291986711813491,0.169404562214895,3.03409488027527,0.355696179014735
hivrt,FUBAR1,27,nobias,0.0810908818057671,0.418200971476169,0.66215498153796,0.208704863482212
hivrt,FUBAR1,28,bias,0.155601750429983,0.521288013044347,0.745595999701327,0.222465837679316
hivrt,FUBAR1,28,nobias,0.119388089264783,0.591465074997987,0.548910947485551,0.0825890871432185
hivrt,FUBAR1,29,bias,-0.615987882628207,0.460645790555812,5.23552651941542,0.074265056482827
hivrt,FUBAR1,29,nobias,-0.408676960069609,0.615643379350533,2.32533429902012,0.149875494780567
hivrt,FUBAR1,30,bias,0.152557758500214,0.654165992558972,0.631705429064079,0.0637922451151562
hivrt,FUBAR1,30,nobias,0.0534214316193132,0.565675704914699,0.618629654397711,0.0328978477061315
hivrt,FUBAR1,31,bias,0.0630878295254305,0.467349796162844,0.905014303235236,0.136224367558865
hivrt,FUBAR1,31,nobias,0.0991460398142971,0.679910636843561,0.561468294830414,0.0342468861436812
hivrt,FUBAR1,32,bias,0.20742377555106,0.7509551766474,0.551046184191401,0.061557075655267
hivrt,FUBAR1,32,nobias,-0.0173412380695352,0.319558196278338,1.42998229645414,0.162116385933315
hivrt,FUBAR1,33,bias,-0.276653547701212,0.726421469416948,2.27768613550304,0.128370294184821
hivrt,FUBAR1,33,nobias,-0.156439412341555,0.476232035732968,1.41819464409601,0.0837223471045805
hivrt,FUBAR1,34,bias,-0.114513604458503,0.527348418528176,1.41771645570519,0.0578688511539299
hivrt,FUBAR1,34,nobias,-0.343032468374604,0.59870633774968,2.97714191449318,0.239860635846374
hivrt,FUBAR1,35,bias,-0.0295495923111762,0.440436606314491,1.17829878733902,0.165988200329048
hivrt,FUBAR1,35,nobias,-0.202887122270489,0.600482708756577,1.60881172614416,0.0568225252737642
hivrt,FUBAR1,36,bias,-0.0406871345130749,0.526805650141208,1.19146220765151,0.463727637986174
hivrt,FUBAR1,36,nobias,-0.178380947357834,0.39927995542956,1.27551714804919,0.167045873421893
hivrt,FUBAR1,37,bias,0.114296820759629,0.584923223454571,0.709515042079064,0.0714973808340013
hivrt,FUBAR1,37,nobias,-0.395741395741149,0.40479820899458,2.1525682723698,0.170999488973401
hivrt,FUBAR1,38,bias,-0.18440048246993,0.578106988456359,1.68830372698731,0.256243649714008
hivrt,FUBAR1,38,nobias,0.121753410477331,0.272231336926026,0.84716645924568,0.107560806193601
hivrt,FUBAR1,39,bias,0.111419973575797,0.428974620606061,0.737264658213146,0.0944600066835468
hivrt,FUBAR1,39,nobias,-0.418311692665553,0.32302360613781,2.33787894207364,0.264360743382364
hivrt,FUBAR1,40,bias,0.0579896688799907,0.862582022073634,1.04144113235705,0.101434597105225
hivrt,FUBAR1,40,nobias,0.208228524619857,0.869454834542894,0.365833392877503,0.0654938714403198
hivrt,FUBAR1,41,bias,-0.201569005543152,0.379940313443897,2.51763434941257,0.423781749929003
hivrt,FUBAR1,41,nobias,-0.515222272672988,0.643298557526418,4.74931021371127,0.104355120475055
hivrt,FUBAR1,42,bias,0.112308457810147,0.486913634017913,0.794977360706813,0.0630554567118183
hivrt,FUBAR1,42,nobias,0.223162551551918,0.673050643162595,0.4502027172617,0.111926324368505
hivrt,FUBAR1,43,bias,-0.222749931321514,0.659676628193756,1.50665375823481,0.0958323708447206
hivrt,FUBAR1,43,nobias,0.0790854159692739,0.699543581186091,0.698911337343258,0.0379695683319725
hivrt,FUBAR1,44,bias,0.150807991773575,0.264449499882326,1.49042265451939,0.791672838110986
hivrt,FUBAR1,44,nobias,-0.0805409220422902,0.790586435226544,0.957968329619994,0.167081473060598
hivrt,FUBAR1,45,bias,0.100571040484761,0.601386681650142,1.03947011892053,0.0416123513603317
hivrt,FUBAR1,45,nobias,-0.34860800442002,0.372551483111024,2.815511924612,0.0674287711692343
hivrt,FUBAR1,46,bias,-0.293564508220077,0.844829813895479,1.99050500521829,0.0652681365386601
hivrt,FUBAR1,46,nobias,0.0413950187732886,0.408682488582903,1.20965204115931,0.23982795640908
hivrt,FUBAR1,47,bias,0.190839177853105,0.762510727003228,0.613870835776063,0.0875639588480016
hivrt,FUBAR1,47,nobias,0.11021038465136,0.463090426038005,0.734345275156583,0.155521766299152
hivrt,FUBAR1,48,bias,0.142737873022978,0.472076993940339,0.703950305008976,0.113179524029692
hivrt,FUBAR1,48,nobias,-0.101179748116928,0.277359599623105,1.7073906870763,0.26655676903305
hivrt,FUBAR1,49,bias,0.168101979220499,0.405572522024158,0.951904410052194,0.274597338688319
hivrt,FUBAR1,49,nobias,-0.203011443524207,0.480170286830158,1.23089958104989,0.103376294318034
hivrt,FUBAR1,50,bias,-0.00307952101369811,0.607390824396888,0.702245777228681,0.0638101477325185
hivrt,FUBAR1,50,nobias,0.248373480110114,0.836067686728884,0.452282467567818,0.12187840539617
hivrt,FUBAR2,1,bias,0.175879566777099,0.812304355105377,0.754909655528254,0.557230555461204
hivrt,FUBAR2,1,nobias,0.234146390344175,0.814595558136646,0.378636612392057,0.0896614213103243
hivrt,FUBAR2,2,bias,0.120903066624265,0.420630246163443,1.03706835097642,0.637430423660705
hivrt,FUBAR2,2,nobias,-0.0305979673563139,0.543348977812194,0.995902217010038,0.0855427895716341
hivrt,FUBAR2,3,bias,0.177375224469238,0.676378252601944,0.623682426208776,0.169129158985056
hivrt,FUBAR2,3,nobias,0.102399963804332,0.831960056469645,0.620620219207921,0.0706737107345745
hivrt,FUBAR2,4,bias,-0.286751087658407,0.677088765697328,2.14407053832666,0.199316958900653
hivrt,FUBAR2,4,nobias,0.0623360941753153,0.923084944536525,0.423595373561479,0.0298009299152039
hivrt,FUBAR2,5,bias,-0.315682015753141,0.534426495004206,3.27755118805308,0.222360633972423
hivrt,FUBAR2,5,nobias,0.159971616178315,0.652065551285326,0.572835572652459,0.117153865447448
hivrt,FUBAR2,6,bias,0.129476588375905,0.679976019599986,0.520319369876957,0.0666298616800471
hivrt,FUBAR2,6,nobias,-0.0462132094712019,0.776257751482867,1.49906821379635,0.372998194773208
hivrt,FUBAR2,7,bias,-0.218302358679022,0.649618612852329,1.83956396676727,0.408437133564448
hivrt,FUBAR2,7,nobias,0.0279677191755872,0.851391444589923,1.04816218507922,0.544187842092098
hivrt,FUBAR2,8,bias,0.19421496198317,0.465931262339799,0.889695176475065,0.46065522712155
hivrt,FUBAR2,8,nobias,0.198029048921133,0.598842933644711,0.670676606915487,0.270317173983775
hivrt,FUBAR2,9,bias,0.0396547961891145,0.840099193437765,1.28700691557839,0.162719535029809
hivrt,FUBAR2,9,nobias,-0.0801515457558489,0.500163012850767,1.17583679026247,0.249118110735537
hivrt,FUBAR2,10,bias,-0.00814925227633122,0.345982539469191,2.07343777881195,0.589228750170767
hivrt,FUBAR2,10,nobias,-0.411373898400138,0.709032417127526,3.53747542575714,0.254873336142086
hivrt,FUBAR2,11,bias,0.0580816902928426,0.693284174259117,0.81882345914668,0.0731742195124928
hivrt,FUBAR2,11,nobias,0.145888596434584,0.873167405413639,0.727780728888259,0.245258081159434
hivrt,FUBAR2,12,bias,0.189617387131137,0.588992439172997,0.529934934483863,0.12719479351715
hivrt,FUBAR2,12,nobias,-0.107400543346777,0.563589142815154,1.20552486915509,0.143675324678119
hivrt,FUBAR2,13,bias,-0.176899580100733,0.379220995805474,2.7493972612913,0.279946444456667
hivrt,FUBAR2,13,nobias,-0.202020620712974,0.496025007135256,1.84879794107052,0.391478160695086
hivrt,FUBAR2,14,bias,-0.104577329406419,0.55811989163621,1.52763017152116,0.258512327387604
hivrt,FUBAR2,14,nobias,-0.507783107999365,0.556111367325278,6.84554610661463,0.626858494529622
hivrt,FUBAR2,15,bias,0.13273418059281,0.581144490087487,0.960292026856279,0.406051380595657
hivrt,FUBAR2,15,nobias,0.0707848700612922,0.798039259243792,0.752634903865052,0.131382879384292
hivrt,FUBAR2,16,bias,-0.186919432280732,0.714778454590782,1.48822836055331,0.208874100018811
hivrt,FUBAR2,16,nobias,-0.0832298235128209,0.578786427321061,1.1901649559422,0.225479276944014
hivrt,FUBAR2,17,bias,0.235190955333465,0.473553423976394,1.10649216245838,0.524009089746848
hivrt,FUBAR2,17,nobias,0.152594033161225,0.773635331655075,0.874828903303797,0.240979541008203
hivrt,FUBAR2,18,bias,0.0250608830800532,0.627878764450682,1.08965100385439,0.247653571725613
hivrt,FUBAR2,18,nobias,0.252702097902396,0.713375475227287,0.435233352559604,0.105248826388603
hivrt,FUBAR2,19,bias,0.0793947684239904,0.86999249379137,0.695203825595486,0.0915055105655267
hivrt,FUBAR2,19,nobias,0.110584786114631,0.577569901096641,0.969380704815624,0.165417493867046
hivrt,FUBAR2,20,bias,0.0964219647671575,0.701576221021536,0.73699893697247,0.127006526566821
hivrt,FUBAR2,20,nobias,0.270203607769456,0.767239837843492,0.42340164696267,0.0814504243059471
hivrt,FUBAR2,21,bias,0.237165525976682,0.653159431936623,0.537045219977666,0.161518502219813
hivrt,FUBAR2,21,nobias,0.0603070582466097,0.76087777879237,0.629945337661605,0.0554399428366079
hivrt,FUBAR2,22,bias,0.0869308072162564,0.684940521146461,0.789096422013414,0.290313661308552
hivrt,FUBAR2,22,nobias,-0.0467336634341636,0.755444183549693,1.52079981522175,0.0820115691245581
hivrt,FUBAR2,23,bias,0.204506337375172,0.654501744371839,0.688043804387191,0.405552604248977
hivrt,FUBAR2,23,nobias,-0.0966937352023736,0.749263123493706,1.46741865567444,0.0873681140160464
hivrt,FUBAR2,24,bias,-0.0140354177689138,0.632286809438163,1.34294171288259,0.761017980687827
hivrt,FUBAR2,24,nobias,-0.220560673197903,0.705319039277123,2.79372389304369,0.150143361922479
hivrt,FUBAR2,25,bias,0.0867398030992105,0.613122432698174,1.59731346973073,0.486534507763807
hivrt,FUBAR2,25,nobias,-0.0466049311323405,0.583766303177156,1.32751897891565,0.335241491746806
hivrt,FUBAR2,26,bias,0.244763842840847,0.80341033838666,0.437076844773597,0.115397232347812
hivrt,FUBAR2,26,nobias,0.038475038979483,0.778776518298197,0.932650345975308,0.116910072317065
hivrt,FUBAR2,27,bias,-0.292486979379474,0.358653634470541,2.93531179809467,0.227942460428266
hivrt,FUBAR2,27,nobias,0.0708459442051392,0.649016327592768,0.529002475546867,0.0934219530637676
hivrt,FUBAR2,28,bias,0.18835243413024,0.55338942846418,0.747222890398944,0.2844232269136
hivrt,FUBAR2,28,nobias,0.1628684653998,0.636397879961474,0.540517021332401,0.145831131349116
hivrt,FUBAR2,29,bias,-0.548475781754136,0.768828061307614,4.99881539896056,0.0987946944179164
hivrt,FUBAR2,29,nobias,-0.309162657388265,0.729162043528085,2.14751258377188,0.206951374163734
hivrt,FUBAR2,30,bias,0.178792800706111,0.75844866897913,0.55097064214092,0.0929538251834135
hivrt,FUBAR2,30,nobias,0.0673772567253113,0.659065195738763,0.560635028455192,0.0593122921465625
hivrt,FUBAR2,31,bias,0.0785331409784971,0.567223065477063,0.847106649499796,0.167850124240923
hivrt,FUBAR2,31,nobias,0.132384262448128,0.781398218210541,0.482699237445285,0.054145319959542
hivrt,FUBAR2,32,bias,0.217430905815731,0.864970645826729,0.43956483191359,0.0685354350422679
hivrt,FUBAR2,32,nobias,0.0127100711265717,0.414080580973649,1.37990065963474,0.195736446697047
hivrt,FUBAR2,33,bias,-0.128977705101661,0.815883045397924,1.86953382184999,0.363540724811492
hivrt,FUBAR2,33,nobias,-0.067002322196144,0.743200063336142,1.23319409617556,0.0978281902232682
hivrt,FUBAR2,34,bias,-0.0705446703472598,0.682664574086092,1.28448295294406,0.104882839204823
hivrt,FUBAR2,34,nobias,-0.217842262751508,0.675147077884852,2.73701171624761,0.505554312232013
hivrt,FUBAR2,35,bias,-0.0657320673860481,0.613128969920474,1.12005131724386,0.0862806744393629
hivrt,FUBAR2,35,nobias,-0.0979914859355396,0.715662651299035,1.43818494329476,0.130518473517624
hivrt,FUBAR2,36,bias,0.181330782616946,0.616155503170289,1.20348447376428,1.09720525824089
hivrt,FUBAR2,36,nobias,-0.0761857833293883,0.49365575369015,1.19805771928861,0.28702754859762
hivrt,FUBAR2,37,bias,0.0763059784256198,0.780176690893279,0.573848983614128,0.0764466247230485
hivrt,FUBAR2,37,nobias,-0.294446631737496,0.55276824441116,2.01009610915222,0.258322278365389
hivrt,FUBAR2,38,bias,-0.12593556557675,0.627361399913001,1.5744884498565,0.449236068098976
hivrt,FUBAR2,38,nobias,0.157802538555064,0.410908296612415,0.806326699496208,0.146388809256225
hivrt,FUBAR2,39,bias,0.156604927951604,0.506820774484523,0.715862380113272,0.172688527634888
hivrt,FUBAR2,39,nobias,-0.279306479658683,0.404837478634552,2.22998699711361,0.649568625279874
hivrt,FUBAR2,40,bias,0.0628215331745647,0.885081270071996,1.01253289278326,0.089226439687024
hivrt,FUBAR2,40,nobias,0.232932053853361,0.86099780968413,0.39031166744616,0.0875549755816495
hivrt,FUBAR2,41,bias,-0.240191722644288,0.444451787749178,2.47443428689812,0.388895147209559
hivrt,FUBAR2,41,nobias,-0.351953574581887,0.889957901820898,4.10627593555946,0.225510960759995
hivrt,FUBAR2,42,bias,0.118222468614944,0.817728624871427,0.626440331204424,0.0490587490052021
hivrt,FUBAR2,42,nobias,0.214701593266557,0.834264971356827,0.358133278532397,0.0429217781432893
hivrt,FUBAR2,43,bias,-0.126034638772831,0.677743279868848,1.38823354474546,0.215616853300749
hivrt,FUBAR2,43,nobias,0.124227770823495,0.755120287375265,0.64221266500631,0.0568583050744794
hivrt,FUBAR2,44,bias,0.236169444880699,0.394066717032847,1.41091193777943,0.87828230081619
hivrt,FUBAR2,44,nobias,0.0949116194369833,0.873787586527089,0.684453525301409,0.315173441891236
hivrt,FUBAR2,45,bias,0.100595985961012,0.825243852118973,0.89320541524565,0.0444088162044972
hivrt,FUBAR2,45,nobias,-0.307102211972959,0.72823850560862,2.60613082880366,0.0895405758278586
hivrt,FUBAR2,46,bias,-0.184697029150845,0.891142161777112,1.6873839002262,0.13565391893089
hivrt,FUBAR2,46,nobias,0.0674400147699604,0.568094728245714,1.11394127124829,0.198408049710992
hivrt,FUBAR2,47,bias,0.236002961938366,0.851755551328616,0.509557858041729,0.117685682174859
hivrt,FUBAR2,47,nobias,0.184763103619632,0.509540289824357,0.751199393156787,0.281286795042141
hivrt,FUBAR2,48,bias,0.118079197894834,0.717005178730689,0.576599747139687,0.0859924683323022
hivrt,FUBAR2,48,nobias,-0.017967277881361,0.415957229331101,1.61812496955626,0.313869329005132
hivrt,FUBAR2,49,bias,0.199067558601605,0.638598124836295,0.802982835797771,0.256209322656059
hivrt,FUBAR2,49,nobias,-0.0848154044781186,0.449668629355109,1.20715471379465,0.229615440484761
hivrt,FUBAR2,50,bias,0.0591521274330361,0.560145453652828,0.705985378867285,0.194952269079733
hivrt,FUBAR2,50,nobias,0.261923118896955,0.812306250820311,0.481185581785686,0.137044029511087
vertrho,FUBAR1,1,bias,0.0674951820430625,0.618556628093439,0.572970948989446,0.0636085771328905
vertrho,FUBAR1,1,nobias,0.0776231773152596,0.629396860801756,0.415107072869964,0.0743268871937062
vertrho,FUBAR1,2,bias,0.1076168113027,0.586903589487985,0.579712813476978,0.105125240557522
vertrho,FUBAR1,2,nobias,-0.0683276284745956,0.668535244179355,0.790298697443999,0.059340489808652
vertrho,FUBAR1,3,bias,0.0774488734585904,0.523373943431115,0.615110636430024,0.0881035211667026
vertrho,FUBAR1,3,nobias,-0.245807822848224,0.695318107104449,2.94720759578499,0.113994303446802
vertrho,FUBAR1,4,bias,0.0805685889022002,0.592150918767848,0.581131640454114,0.0901701348642117
vertrho,FUBAR1,4,nobias,0.0377053109367486,0.500762559883818,0.636292260349297,0.069819212262773
vertrho,FUBAR1,5,bias,-0.196104068627629,0.454566323652619,1.98206971164175,0.0830388351543124
vertrho,FUBAR1,5,nobias,-0.0312272674377322,0.502701459721203,0.783008220256079,0.0591695764869379
vertrho,FUBAR1,6,bias,0.0852478633611223,0.354245134481374,0.801702376135984,0.251434570064413
vertrho,FUBAR1,6,nobias,-0.0762727154709934,0.476785264144634,1.13118588956156,0.131380759478422
vertrho,FUBAR1,7,bias,-0.0312425007175937,0.587438516937144,0.747983299346082,0.142620779846224
vertrho,FUBAR1,7,nobias,-0.105352190794991,0.432921762132349,1.05881691782913,0.113026868796842
vertrho,FUBAR1,8,bias,0.166423692728743,0.724255428675878,0.354368413641938,0.0650983565482894
vertrho,FUBAR1,8,nobias,-0.0305776390203167,0.63724690316249,0.539547746254201,0.0620916959277526
vertrho,FUBAR1,9,bias,-0.0449242684598002,0.542552980184415,1.10269093106349,0.0654131255342946
vertrho,FUBAR1,9,nobias,-0.00111770951058578,0.559461321872655,0.622593565945047,0.0691616074802122
vertrho,FUBAR1,10,bias,-0.0150025879933061,0.597841918616948,0.848729806167926,0.0780806736845385
vertrho,FUBAR1,10,nobias,-0.0940968085136744,0.591356099513394,0.870745016459647,0.0869764488635495
vertrho,FUBAR1,11,bias,0.0183707631870539,0.483295216527406,0.823188081457081,0.0715409573643992
vertrho,FUBAR1,11,nobias,0.0105952708363269,0.617924542914809,0.575509059055424,0.0792259255403389
vertrho,FUBAR1,12,bias,-0.0737311824304125,0.551159328913885,0.903552804549734,0.0862109895244192
vertrho,FUBAR1,12,nobias,-0.0486040897741736,0.538419176027843,0.852717663772651,0.0496325106203719
vertrho,FUBAR1,13,bias,-0.0568258627573778,0.548702654986531,0.824628418261409,0.134828889453233
vertrho,FUBAR1,13,nobias,0.0363353270458356,0.636403000993721,0.586636015825123,0.0990521930692779
vertrho,FUBAR1,14,bias,-0.280177480204526,0.32671836425577,2.80885885213349,0.0725792173114619
vertrho,FUBAR1,14,nobias,-0.106427580757008,0.469831940371048,1.36667461085646,0.0753098606675288
vertrho,FUBAR1,15,bias,0.0510361707926732,0.370299549844385,0.950992086517107,0.135758056901404
vertrho,FUBAR1,15,nobias,-0.0192999375709527,0.621082446418227,0.713781150304741,0.0992237437159158
vertrho,FUBAR1,16,bias,-0.0794974641179615,0.540412915603749,0.9926921413409,0.0721753756558941
vertrho,FUBAR1,16,nobias,0.0363580909109867,0.537818141787122,0.651877950268383,0.137997651169452
vertrho,FUBAR1,17,bias,0.0440528312125662,0.54536355920955,0.678453422665698,0.0806872976807436
vertrho,FUBAR1,17,nobias,-0.0985691710685717,0.548564003514585,0.938547628326245,0.0797908847715753
vertrho,FUBAR1,18,bias,-0.0214583873461431,0.484647601015554,0.854188608378635,0.105349648386956
vertrho,FUBAR1,18,nobias,-0.0243587357053792,0.565350861415062,0.594956857024669,0.0650511104166499
vertrho,FUBAR1,19,bias,-0.0405197342666881,0.596643075195972,0.664959613165696,0.0883448369024244
vertrho,FUBAR1,19,nobias,0.0734795647712775,0.690529727589273,0.400648192214233,0.0561195265838242
vertrho,FUBAR1,20,bias,0.0788265558180227,0.44558474808181,0.789253642607775,0.0867250701587733
vertrho,FUBAR1,20,nobias,-0.0544974080549056,0.410202521047664,1.23849407124098,0.0778694557547998
vertrho,FUBAR1,21,bias,-0.0712251611742642,0.231193171074892,1.4263553486279,0.154419394554261
vertrho,FUBAR1,21,nobias,-0.344858549694744,0.525142736440118,2.5396519946386,0.100875930744922
vertrho,FUBAR1,22,bias,-0.577091191668936,0.451865036623189,2.87255896821401,0.110207333087979
vertrho,FUBAR1,22,nobias,0.0537465074972098,0.43935506150655,0.601782773647149,0.116921681950828
vertrho,FUBAR1,23,bias,-0.0439720933269654,0.272143347582204,1.70310969686284,0.14669332937262
vertrho,FUBAR1,23,nobias,0.0826866290368087,0.594768752715988,0.548556576535322,0.067872785240316
vertrho,FUBAR1,24,bias,-0.123673717232551,0.304490345866966,1.65739556738161,0.0820747607719126
vertrho,FUBAR1,24,nobias,-0.150759702140046,0.311258497237911,2.0390250436694,0.124764753524739
vertrho,FUBAR1,25,bias,-0.128170726716,0.372065855240035,1.3350765077033,0.107740087680017
vertrho,FUBAR1,25,nobias,-0.168921700926364,0.28133873781808,1.7789091317968,0.0891939482251369
vertrho,FUBAR1,26,bias,-0.157286955673684,0.360949839594694,1.48630131971879,0.0840362594747526
vertrho,FUBAR1,26,nobias,-0.0204605453103995,0.60497970223764,0.808095818703489,0.0562741743508161
vertrho,FUBAR1,27,bias,0.0763013968315888,0.490055045654327,0.545695304222259,0.0867059593910983
vertrho,FUBAR1,27,nobias,-0.114671953568417,0.536007772075532,1.21894747174257,0.0866698278862004
vertrho,FUBAR1,28,bias,0.051463418883646,0.648282444049714,0.666250176555076,0.0923489395971297
vertrho,FUBAR1,28,nobias,-0.0566001798542471,0.529447099778982,0.957483094165013,0.075234017233315
vertrho,FUBAR1,29,bias,-0.232874694031768,0.332231370992177,1.86955532145006,0.103465474579804
vertrho,FUBAR1,29,nobias,-0.252661180532393,0.307327598008979,2.5623678766249,0.0687574404296841
vertrho,FUBAR1,30,bias,-0.0297684828106371,0.546409503258366,1.09517495068034,0.107508611027369
vertrho,FUBAR1,30,nobias,0.113129026073687,0.6238218723154,0.409890784631821,0.0524507889087066
vertrho,FUBAR1,31,bias,-0.305203604524931,0.242311500948437,2.25719452363697,0.153462909581612
vertrho,FUBAR1,31,nobias,-0.0358625413666415,0.632574773824545,0.740870566939963,0.115202764100135
vertrho,FUBAR1,32,bias,-0.17816061533755,0.490318878277571,1.27107408539692,0.0598541763230002
vertrho,FUBAR1,32,nobias,-0.0182335476562673,0.627786776441564,0.557011095311993,0.121263685294234
vertrho,FUBAR1,33,bias,-0.0945472742277723,0.49275127896701,1.27471425614357,0.0843178361694724
vertrho,FUBAR1,33,nobias,0.0822082903406027,0.539759905784127,0.577826167235485,0.0675381772826577
vertrho,FUBAR1,34,bias,-0.51767667550826,0.254089284228536,3.57537867597398,0.222126259965045
vertrho,FUBAR1,34,nobias,0.0869376269476491,0.581694008354745,0.472569936553441,0.0732272877886243
vertrho,FUBAR1,35,bias,0.146231183530468,0.635905936678595,0.506347874897081,0.14149021255149
vertrho,FUBAR1,35,nobias,-0.406993747850382,0.320744819900726,2.73556262296662,0.0971903104651253
vertrho,FUBAR1,36,bias,0.0365672231460799,0.540493439345842,0.548559745816594,0.09492222100513
vertrho,FUBAR1,36,nobias,-0.112434257436327,0.252823718321284,1.79176364684004,0.145847247393648
vertrho,FUBAR1,37,bias,-0.149287806617726,0.467837442998135,1.13198218558807,0.064382373786287
vertrho,FUBAR1,37,nobias,0.0311277845532767,0.437324545227058,0.871480979912471,0.0713949282131787
vertrho,FUBAR1,38,bias,-0.46436731866308,0.325918459166328,2.19088754358049,0.12048085433896
vertrho,FUBAR1,38,nobias,0.0672815272683924,0.730621981112482,0.468445408042719,0.0731064368699365
vertrho,FUBAR1,39,bias,-0.0109871476754318,0.474029003145314,0.71093999065007,0.0570246968110577
vertrho,FUBAR1,39,nobias,-0.302291781848517,0.302182946937092,1.96616436629002,0.087662278486352
vertrho,FUBAR1,40,bias,-0.130256675096506,0.551140719081001,1.66739492788663,0.0862120618379514
vertrho,FUBAR1,40,nobias,0.0134028657182966,0.603909305940691,0.460397993060635,0.0474509298644229
vertrho,FUBAR1,41,bias,0.173056722970892,0.521464661119933,0.534423319132561,0.182580264988227
vertrho,FUBAR1,41,nobias,0.0965957951714453,0.655945666472707,0.374441101680673,0.0621047419940518
vertrho,FUBAR1,42,bias,0.149270494411958,0.563754768906732,0.58530849604202,0.147514891493255
vertrho,FUBAR1,42,nobias,0.0152665174720276,0.680154932449711,0.436271221059238,0.0563942495665228
vertrho,FUBAR1,43,bias,0.0709495781976293,0.7276473987401,0.478632046301696,0.074063191447552
vertrho,FUBAR1,43,nobias,-0.0296336843173455,0.499032207418417,0.887541832269652,0.0712413634827059
vertrho,FUBAR1,44,bias,-0.472243553799766,0.320343582277296,4.02327814492517,0.195524458671245
vertrho,FUBAR1,44,nobias,0.120029188950547,0.749927478626527,0.347289042245311,0.0684576995054705
vertrho,FUBAR1,45,bias,0.043963366526725,0.497966502608987,0.866221028404242,0.0663668341146972
vertrho,FUBAR1,45,nobias,-0.0290456084404414,0.658031862101277,0.581932241433291,0.0564845418330605
vertrho,FUBAR1,46,bias,-0.0697805064180048,0.369994705409958,1.40513418604053,0.0812001397790484
vertrho,FUBAR1,46,nobias,0.0687538572486742,0.609341040320939,0.583624827107796,0.105122645280024
vertrho,FUBAR1,47,bias,-0.0309949840133395,0.556220301987797,0.728821825413411,0.0553203281067242
vertrho,FUBAR1,47,nobias,-0.0916747610149826,0.441490938415097,0.981263091760917,0.0962590190110969
vertrho,FUBAR1,48,bias,-0.140402004678579,0.371943738501984,1.75098143091092,0.12627975497047
vertrho,FUBAR1,48,nobias,-0.0922233561725362,0.52340833428009,1.02855703761108,0.0994003850139244
vertrho,FUBAR1,49,bias,0.104831548085413,0.713312972778552,0.494778189256231,0.071231644950273
vertrho,FUBAR1,49,nobias,-0.0284314854338682,0.461071001366361,0.855231496310877,0.0799917947478647
vertrho,FUBAR1,50,bias,0.154309976166347,0.482683392420234,0.601851126874677,0.220299091379122
vertrho,FUBAR1,50,nobias,0.0335987744082701,0.601482858979299,0.514750104412536,0.0785246644209022
vertrho,FUBAR2,1,bias,0.0659275795787846,0.784161066670492,0.464446369708641,0.0692127232479274
vertrho,FUBAR2,1,nobias,0.16934654672762,0.592704477821695,0.498035492265364,0.1746185214471
vertrho,FUBAR2,2,bias,0.176010693077633,0.729674103640548,0.519239127152258,0.171772535517359
vertrho,FUBAR2,2,nobias,0.0118029811636929,0.816520424451017,0.635635748597076,0.0799281811967977
vertrho,FUBAR2,3,bias,0.11111828384572,0.625838898805922,0.570972278473603,0.154074614609471
vertrho,FUBAR2,3,nobias,-0.149167946347066,0.733985104636437,2.72400020581038,0.28764907592849
vertrho,FUBAR2,4,bias,0.140459495296111,0.756215400518129,0.486329895259488,0.119397290809434
vertrho,FUBAR2,4,nobias,0.0847670287515575,0.713649131932643,0.534286018700399,0.0769695272018426
vertrho,FUBAR2,5,bias,-0.103013375534237,0.73894017908678,1.72142676687246,0.151955645436579
vertrho,FUBAR2,5,nobias,0.0689652573578689,0.644452272273788,0.693037365470537,0.113005655249872
vertrho,FUBAR2,6,bias,0.233509741105704,0.362499466325778,1.15219432014122,1.13781362339844
vertrho,FUBAR2,6,nobias,-0.0427152595778205,0.699480263187897,0.984799766631943,0.128240532712728
vertrho,FUBAR2,7,bias,0.0805386409585857,0.677639839462947,0.684281921325125,0.26893131803126
vertrho,FUBAR2,7,nobias,-0.0435254233910784,0.628185790094023,0.920199278106233,0.188597547103878
vertrho,FUBAR2,8,bias,0.209801410106104,0.697540611413014,0.417594489746807,0.119211260087697
vertrho,FUBAR2,8,nobias,0.0592302674117252,0.791097730053453,0.429382756883085,0.0809140019407813
vertrho,FUBAR2,9,bias,-0.0377901127771068,0.689820860899116,0.964376933391121,0.131115676615468
vertrho,FUBAR2,9,nobias,0.106082247736585,0.703588878376147,0.537520018931915,0.132087697554511
vertrho,FUBAR2,10,bias,0.00440610117157939,0.819598478507269,0.626808678773012,0.114444774049344
vertrho,FUBAR2,10,nobias,0.00572561183910488,0.627061683769356,0.80753133658981,0.185551294122431
vertrho,FUBAR2,11,bias,0.0795544775160045,0.567324274092448,0.766440424077145,0.175404131670977
vertrho,FUBAR2,11,nobias,0.0825155473896212,0.748606509800687,0.488036866987678,0.110677095886438
vertrho,FUBAR2,12,bias,-0.0419240672444315,0.671452193749242,0.794682453595061,0.154989615673984
vertrho,FUBAR2,12,nobias,0.0167111822237823,0.766236790388585,0.701439269015945,0.0703216658062608
vertrho,FUBAR2,13,bias,-0.00019134264475651,0.748774150744898,0.668822319687214,0.142376935436921
vertrho,FUBAR2,13,nobias,0.140739513890027,0.794514666219927,0.48505239358652,0.100847650949003
vertrho,FUBAR2,14,bias,-0.245418181453384,0.313905990485779,2.7763042208367,0.190393414304587
vertrho,FUBAR2,14,nobias,-0.0154701302381441,0.517411786997221,1.29932324258714,0.168592971415265
vertrho,FUBAR2,15,bias,0.0714506059460979,0.590734523550819,0.847494474234552,0.118898147854045
vertrho,FUBAR2,15,nobias,0.084912756507408,0.81531233679521,0.544958790411984,0.110040396936335
vertrho,FUBAR2,16,bias,-0.0704961414506893,0.75978115083778,0.827518755864773,0.0964654597974213
vertrho,FUBAR2,16,nobias,0.132111416187196,0.593083880349214,0.669286444067274,0.296387651633262
vertrho,FUBAR2,17,bias,0.101061385587125,0.61060542479011,0.640969373301354,0.16764514185243
vertrho,FUBAR2,17,nobias,0.033160957137631,0.677481546677628,0.807162516605427,0.176333220794709
vertrho,FUBAR2,18,bias,0.0684996467861509,0.672515983933316,0.725253296585715,0.181278181652206
vertrho,FUBAR2,18,nobias,0.0537391807514428,0.672881836827963,0.531802182547476,0.0998134916841016
vertrho,FUBAR2,19,bias,0.0475472842048843,0.609993013050199,0.652770771422979,0.22141350864655
vertrho,FUBAR2,19,nobias,0.107134318493076,0.740819919408021,0.378757879153885,0.0801913981027739
vertrho,FUBAR2,20,bias,0.108138774205494,0.62955960956512,0.695866291205306,0.122335999434961
vertrho,FUBAR2,20,nobias,0.0414091715391229,0.447523284627506,1.19966465133236,0.162617759121272
vertrho,FUBAR2,21,bias,-0.0490261953210094,0.389177327724937,1.35493042985994,0.166055361131886
vertrho,FUBAR2,21,nobias,-0.209681151401167,0.619416661754136,2.36562250830125,0.243365499291569
vertrho,FUBAR2,22,bias,-0.443924848804608,0.499306984475224,2.72037075469385,0.365808861249879
vertrho,FUBAR2,22,nobias,0.103235191003162,0.45140553626855,0.630491511379573,0.201322122911786
vertrho,FUBAR2,23,bias,0.0393128603274615,0.321587447090623,1.67527856270505,0.380213254135983
vertrho,FUBAR2,23,nobias,0.108285133618893,0.706572977311622,0.489677068985035,0.0831428249199547
vertrho,FUBAR2,24,bias,-0.0809696861892769,0.452491678101632,1.57763298187618,0.139145257515434
vertrho,FUBAR2,24,nobias,-0.0858484454280919,0.540850488322801,1.90074635523533,0.171893104854457
vertrho,FUBAR2,25,bias,-0.0498672630182225,0.528671344599218,1.22318571140844,0.216304238654833
vertrho,FUBAR2,25,nobias,-0.0955267178085603,0.382112886051486,1.72061581576257,0.148236359931676
vertrho,FUBAR2,26,bias,-0.127109480073642,0.553557295596457,1.38230338365606,0.120020796012423
vertrho,FUBAR2,26,nobias,0.060068685589282,0.717677739545549,0.71239495519006,0.0906585725025575
vertrho,FUBAR2,27,bias,0.106606672419313,0.68380359255696,0.464000261045959,0.0995528477858173
vertrho,FUBAR2,27,nobias,-0.0315458287891284,0.68712910105708,1.02223996447907,0.253023703666739
vertrho,FUBAR2,28,bias,0.120394313469983,0.733222206865667,0.590591872540758,0.160088885652872
vertrho,FUBAR2,28,nobias,-0.00702230845378728,0.640052995132821,0.877222863524042,0.108469316105853
vertrho,FUBAR2,29,bias,-0.156891026907946,0.55213081588602,1.72290682707267,0.175918238237502
vertrho,FUBAR2,29,nobias,-0.173754250846977,0.555003402831376,2.41313831652495,0.133112686344026
vertrho,FUBAR2,30,bias,-0.0145189135187799,0.605344989443708,1.00477739765901,0.291741410572655
vertrho,FUBAR2,30,nobias,0.149851875917553,0.766875662203685,0.357046797135769,0.0719301948565088
vertrho,FUBAR2,31,bias,-0.15598857652748,0.293723744292205,2.22395584321174,0.892676276451692
vertrho,FUBAR2,31,nobias,0.0521642813610292,0.727803349542401,0.644568311385419,0.189001326613019
vertrho,FUBAR2,32,bias,-0.166967221422937,0.690125615926877,1.15425103069892,0.07770862305193
vertrho,FUBAR2,32,nobias,0.0970109245029289,0.634749213855952,0.621922173452082,0.318552542067357
vertrho,FUBAR2,33,bias,-0.0186297704546975,0.661546024562291,1.13733606361312,0.13895419094304
vertrho,FUBAR2,33,nobias,0.115032141274423,0.68886795074415,0.506995463285263,0.0873444548569652
vertrho,FUBAR2,34,bias,-0.336143504516721,0.365808820048166,3.42202174043663,0.708468648947507
vertrho,FUBAR2,34,nobias,0.153537666782427,0.564520165233136,0.520870989641526,0.161887522088724
vertrho,FUBAR2,35,bias,0.211418625426823,0.678303124536431,0.561263325133215,0.250062248451348
vertrho,FUBAR2,35,nobias,-0.298305096551116,0.561669576005118,2.58968967481579,0.132913327983447
vertrho,FUBAR2,36,bias,0.0832194853646012,0.673796634816635,0.487784533428683,0.109279432932752
vertrho,FUBAR2,36,nobias,-0.00719346438795948,0.363145863918177,1.72847666462292,0.226306233632486
vertrho,FUBAR2,37,bias,-0.0579270313322199,0.539580325725042,1.05211789655944,0.159271897731887
vertrho,FUBAR2,37,nobias,0.0879760643720436,0.578679937095214,0.799252948742207,0.115750236112623
vertrho,FUBAR2,38,bias,-0.350228988762644,0.488040809300847,2.04889618945916,0.243694832748161
vertrho,FUBAR2,38,nobias,0.248147435627243,0.677828660982769,0.823986385024974,0.627127908518123
vertrho,FUBAR2,39,bias,0.0621216797375617,0.628114614335145,0.627445607291496,0.116055390165475
vertrho,FUBAR2,39,nobias,-0.178354760573874,0.682629235176945,1.7171712945526,0.140336241542684
vertrho,FUBAR2,40,bias,-0.083201334030515,0.835984039115827,1.42990166061758,0.0811557221980965
vertrho,FUBAR2,40,nobias,0.0791039867029971,0.725648909660525,0.402181818313059,0.0669520590785028
vertrho,FUBAR2,41,bias,0.18331091619544,0.614121350909081,0.554782686142832,0.259483808381695
vertrho,FUBAR2,41,nobias,0.167607457278937,0.677326270071061,0.40381938319473,0.101422865070537
vertrho,FUBAR2,42,bias,0.187586379567242,0.687940066392997,0.540481411167186,0.185200753922477
vertrho,FUBAR2,42,nobias,0.0999769428442907,0.763477562518015,0.391001801101635,0.0858519715800954
vertrho,FUBAR2,43,bias,0.128377465657791,0.786636579814264,0.451771736588742,0.164576680823459
vertrho,FUBAR2,43,nobias,0.0335210373560449,0.777784419620254,0.682577997576919,0.105479133900812
vertrho,FUBAR2,44,bias,-0.369520927739249,0.6244401938264,3.72458995221561,0.335291241737984
vertrho,FUBAR2,44,nobias,0.20959359056647,0.773448002949716,0.406080630987384,0.117370621798313
vertrho,FUBAR2,45,bias,0.0787967132403937,0.707423907101457,0.731516856204581,0.10434549617127
vertrho,FUBAR2,45,nobias,0.0569342775144918,0.774738126313531,0.483974194152281,0.0839319237982611
vertrho,FUBAR2,46,bias,-0.0387993197698047,0.687305843500529,1.24219004118168,0.0906433972465111
vertrho,FUBAR2,46,nobias,0.120896124023311,0.703477338429822,0.532957309096659,0.120938221511253
vertrho,FUBAR2,47,bias,-0.0106617474460429,0.822864888781612,0.541368601677647,0.0659866095343504
vertrho,FUBAR2,47,nobias,-0.0118787188971721,0.542079156665546,0.921868533303833,0.125121784400052
vertrho,FUBAR2,48,bias,-0.0801377081963092,0.377869845238147,1.72377327915726,0.242879631854186
vertrho,FUBAR2,48,nobias,-0.0479378929559067,0.626043542608907,0.945240709679415,0.143576278321387
vertrho,FUBAR2,49,bias,0.185745767269863,0.760872239180817,0.479088378948667,0.142888079405908
vertrho,FUBAR2,49,nobias,0.0893087008802958,0.676992266727903,0.719208173197859,0.146115792240169
vertrho,FUBAR2,50,bias,0.209038506537462,0.630645975181003,0.547165962039245,0.198235676152405
vertrho,FUBAR2,50,nobias,0.0718372502861676,0.687012109259346,0.473612789236176,0.0840293170462725
