dataset,method,biastype,rep,estbias,r,rmsd,resvar
amine,FUBAR1,bias,1,0.0141038442595457,0.840380558570535,0.170411811673379,0.0288973702743557
amine,FUBAR1,bias,2,0.0092370892595457,0.866716545847946,0.15929892671371,0.0257453523898932
amine,FUBAR1,bias,3,0.00942408425954571,0.874757072151534,0.152932724361185,0.0236986109274797
amine,FUBAR1,bias,4,0.0171804087595457,0.842267840757782,0.167414623340052,0.0275534994746432
amine,FUBAR1,bias,5,0.0150972912595457,0.846725722186631,0.164062469957747,0.0264627170210101
amine,FUBAR1,bias,6,-0.00179803244045429,0.865611822246883,0.162705229857732,0.0270033358428588
amine,FUBAR1,bias,7,0.00538892925954569,0.889932601929552,0.140795086696546,0.020097394022196
amine,FUBAR1,bias,8,0.00799595525954569,0.859974018062572,0.15668395510707,0.0244489028922079
amine,FUBAR1,bias,9,-0.0059388914404543,0.852778392293476,0.161285376836962,0.0259498074237699
amine,FUBAR1,bias,10,0.0164060922595457,0.847732616515368,0.163882469238929,0.0264045411785015
amine,FUBAR1,bias,11,0.0041473192595457,0.893330669026279,0.145542618693673,0.0215694190808191
amine,FUBAR1,bias,12,0.0137226922595457,0.832874019251978,0.172896382304351,0.029521887049929
amine,FUBAR1,bias,13,0.000928225259545703,0.854788074538479,0.17111597754127,0.0298734586626034
amine,FUBAR1,bias,14,0.0177232972595457,0.849696768618399,0.164913742110981,0.0269404428084318
amine,FUBAR1,bias,15,0.0091896522595457,0.840484465640367,0.162966263697293,0.0254947516123378
amine,FUBAR1,bias,16,-0.0018683457404543,0.877145548279378,0.146153004089266,0.0214192385347155
amine,FUBAR1,bias,17,0.0068596705595457,0.845880989984635,0.173383212019324,0.0305366073582705
amine,FUBAR1,bias,18,0.00489763125954571,0.874621691771698,0.144375386717216,0.0204082765431148
amine,FUBAR1,bias,19,0.0165586372595457,0.884003010731247,0.152556757841751,0.0234598561387839
amine,FUBAR1,bias,20,0.0037744562595457,0.880893872403021,0.148476421046337,0.0224165568037249
amine,FUBAR1,bias,21,0.0074441522595457,0.875969729174622,0.153200440243466,0.0238546831022558
amine,FUBAR1,bias,22,0.0189439472595457,0.823028894457439,0.173079135766157,0.0283973677180465
amine,FUBAR1,bias,23,0.0122072622595457,0.845864342947936,0.164372285719996,0.0266447951847686
amine,FUBAR1,bias,24,0.0124222052595457,0.840668904081876,0.17204427356787,0.0296757717360517
amine,FUBAR1,bias,25,0.0164782673595457,0.846693190950209,0.168868690859437,0.0284964381476641
amine,FUBAR1,bias,26,0.0103447197595457,0.880027958475483,0.147014634351182,0.021769548957039
amine,FUBAR1,bias,27,0.00183692425954571,0.849915884176127,0.16835289912754,0.0287437915589138
amine,FUBAR1,bias,28,0.0150883302595457,0.874311047873459,0.154776592635363,0.0241686712135601
amine,FUBAR1,bias,29,0.0168797539595457,0.860997701620406,0.160156445050005,0.0256398680977989
amine,FUBAR1,bias,30,0.0133517342595457,0.869479963615341,0.159889137708352,0.025892678751296
amine,FUBAR1,bias,31,0.0045147594595457,0.855259977756891,0.164939885401278,0.0275820800325504
amine,FUBAR1,bias,32,0.00910305425954569,0.858912171954246,0.152672583501928,0.0224496531901935
amine,FUBAR1,bias,33,0.0171602632595457,0.866699530639134,0.155053780857986,0.0239076503016556
amine,FUBAR1,bias,34,0.0096451072595457,0.855854008340536,0.161423799746078,0.0261262685893121
amine,FUBAR1,bias,35,0.0133187342595457,0.881434546064552,0.150144997522385,0.0227989177346377
amine,FUBAR1,bias,36,0.00159706425954572,0.873801433280115,0.15294706657168,0.0237757857849338
amine,FUBAR1,bias,37,0.0095974174595457,0.879771390496715,0.14732919587095,0.021889660657722
amine,FUBAR1,bias,38,0.00382390825954569,0.872637631790928,0.158287428519108,0.0255502398192604
amine,FUBAR1,bias,39,0.0205036283595457,0.859099587759024,0.16201403985317,0.026118818655765
amine,FUBAR1,bias,40,0.0133070493595457,0.893903031568614,0.140444911173599,0.0199195424145171
amine,FUBAR1,bias,41,0.0136629002595457,0.845504717818597,0.172083108612185,0.0298560776495677
amine,FUBAR1,bias,42,0.00928145725954571,0.870120979240552,0.159259724595771,0.0257834066946124
amine,FUBAR1,bias,43,0.0197088732595457,0.840033294954592,0.162020435615566,0.0243703110180522
amine,FUBAR1,bias,44,0.0058785737195457,0.845761068239478,0.162640766412228,0.0259882893795951
amine,FUBAR1,bias,45,0.0185929272595457,0.872042177924132,0.159378161301698,0.0255638920837738
amine,FUBAR1,bias,46,0.0324488249595457,0.852421024210704,0.172126503999617,0.0290834351571171
amine,FUBAR1,bias,47,-0.0058170231904543,0.85511422440656,0.159361255293646,0.0252856368349541
amine,FUBAR1,bias,48,0.0125601526595457,0.868777136906747,0.160105912507368,0.0259810883446569
amine,FUBAR1,bias,49,0.0127167823595457,0.858457451692847,0.16381514737055,0.0270938256152676
amine,FUBAR1,bias,50,0.0107619842595457,0.854620462204789,0.162001281823551,0.0262651978338334
amine,FUBAR1,nobias,1,0.0113618816267735,0.928648586735214,0.117280296219302,0.0134030939125594
amine,FUBAR1,nobias,2,0.0119580455267735,0.926129016426458,0.115485191579262,0.0132370593825661
amine,FUBAR1,nobias,3,0.0182472685267735,0.890659163925906,0.125597531990935,0.0149983044057279
amine,FUBAR1,nobias,4,0.0347563930967735,0.918688660849409,0.120760841725592,0.013631245448729
amine,FUBAR1,nobias,5,0.0284116385267735,0.913337711783771,0.129900886722256,0.0161005144790819
amine,FUBAR1,nobias,6,0.0089163865267735,0.909913740405802,0.123709290371606,0.0155028706694521
amine,FUBAR1,nobias,7,0.0266570905267735,0.917628624585563,0.12330608698201,0.0146461738789215
amine,FUBAR1,nobias,8,0.0182689655267735,0.916920365392265,0.111252180525203,0.012060542650444
amine,FUBAR1,nobias,9,0.0346577285267735,0.905329502851025,0.129250763124943,0.0158205701946151
amine,FUBAR1,nobias,10,0.0123102055267735,0.913353220830408,0.123900948951706,0.0153922456299668
amine,FUBAR1,nobias,11,0.0229373845267735,0.898211052213261,0.129322598979149,0.0165044945824649
amine,FUBAR1,nobias,12,0.0258445805267735,0.901031500369205,0.123326681630108,0.0145549307857667
amine,FUBAR1,nobias,13,0.00987857152677351,0.909705962207006,0.123398721147028,0.0154175296241438
amine,FUBAR1,nobias,14,0.00937083452677351,0.930018978767945,0.112818598681891,0.0126161491555724
amine,FUBAR1,nobias,15,0.0062945215267735,0.928151275835429,0.109137507865395,0.0120710150175687
amine,FUBAR1,nobias,16,0.00957813752677351,0.924805739741317,0.114031654902002,0.0130663110925127
amine,FUBAR1,nobias,17,0.0075549365267735,0.935811163606975,0.101823366969767,0.0105002697408153
amine,FUBAR1,nobias,18,0.0282797145267735,0.899525754048364,0.13147768474073,0.0168229556148265
amine,FUBAR1,nobias,19,0.0449538405267735,0.904048396017145,0.137152402706307,0.0170555447417025
amine,FUBAR1,nobias,20,0.0337429455267735,0.909380728322205,0.127052333973004,0.0153010199523697
amine,FUBAR1,nobias,21,0.0259842645267735,0.884855075948137,0.134138515098886,0.0173811490202818
amine,FUBAR1,nobias,22,0.0263271965267735,0.923114897227924,0.119742219315341,0.0137312793754089
amine,FUBAR1,nobias,23,0.0180454935267735,0.922926650872869,0.114572093962892,0.0130245068581962
amine,FUBAR1,nobias,24,0.0285382385267735,0.906431829850595,0.134295919276035,0.0173420016288822
amine,FUBAR1,nobias,25,0.00182476452677351,0.905919097371981,0.118314613201124,0.0141010938902457
amine,FUBAR1,nobias,26,0.0111449405267735,0.914830427680357,0.115075461008573,0.0133537627508656
amine,FUBAR1,nobias,27,0.0273303464267735,0.91815621009899,0.12695957283944,0.0153127157735151
amine,FUBAR1,nobias,28,0.0153507511267735,0.905581452736006,0.121454879413853,0.0147445379713858
amine,FUBAR1,nobias,29,0.0021795915267735,0.924883457847171,0.117954470247794,0.0138419516518098
amine,FUBAR1,nobias,30,0.0239425445267735,0.928206062692874,0.115470385778162,0.0128011306640899
amine,FUBAR1,nobias,31,0.0093518585267735,0.928400600037359,0.106213980179002,0.0114222264447476
amine,FUBAR1,nobias,32,0.0290514585267735,0.913284331761567,0.121358569577704,0.0141669332433001
amine,FUBAR1,nobias,33,0.0336358612267735,0.901503203880773,0.135791638146143,0.0175840892149082
amine,FUBAR1,nobias,34,0.0290241975267735,0.899681044709466,0.126530841704652,0.0153255764976904
amine,FUBAR1,nobias,35,0.0156504775267735,0.928201969193321,0.106814191057175,0.0113907431771386
amine,FUBAR1,nobias,36,0.0263259765267735,0.907797479030396,0.12187020319798,0.0143870029697877
amine,FUBAR1,nobias,37,-0.0014231504732265,0.939186299343886,0.111078034177924,0.0117479518576899
amine,FUBAR1,nobias,38,0.0181685235267735,0.915952389097678,0.11815337125522,0.0139053533803269
amine,FUBAR1,nobias,39,0.0296681085067735,0.891599514492233,0.130963062522069,0.0163597111442403
amine,FUBAR1,nobias,40,0.0143659935267735,0.903375953493997,0.129424799917899,0.0168464370236463
amine,FUBAR1,nobias,41,0.0260581545267735,0.918124368801446,0.123502840906473,0.0146924001297204
amine,FUBAR1,nobias,42,0.0079895725267735,0.928975343979928,0.10612305631406,0.0114261122549347
amine,FUBAR1,nobias,43,0.0256906495267735,0.904551460774209,0.127643454650275,0.0159516244188839
amine,FUBAR1,nobias,44,0.00431535252677351,0.92528621273316,0.114120541870524,0.0131250253562931
amine,FUBAR1,nobias,45,0.0363402425267735,0.917160871822051,0.126189979212941,0.0147547309314432
amine,FUBAR1,nobias,46,0.0109554265267735,0.909977265063758,0.120965858787896,0.0148087424938302
amine,FUBAR1,nobias,47,0.0253047325267735,0.914776131216519,0.125978457858105,0.015365318421475
amine,FUBAR1,nobias,48,0.0296108985267735,0.896491225240087,0.134120959694291,0.0174608378736662
amine,FUBAR1,nobias,49,0.0269144028267735,0.901482579732326,0.13045387225859,0.0166251184308863
amine,FUBAR1,nobias,50,0.0294857435267735,0.919572788537125,0.1263411080226,0.0150237249393116
amine,FUBAR2,bias,1,0.00819886139117465,0.816120184181166,0.185981680635204,0.0346641172163527
amine,FUBAR2,bias,2,-0.0147346381171373,0.873118926501928,0.148198799193071,0.0216564375550906
amine,FUBAR2,bias,3,0.00871315751110068,0.82733796571976,0.197386217501616,0.0396356420703719
amine,FUBAR2,bias,4,0.02339294419898,0.846456492888753,0.183428420891405,0.0337453413174667
amine,FUBAR2,bias,5,0.0209831018976248,0.84194865174015,0.168365244767073,0.0277668975677165
amine,FUBAR2,bias,6,-0.00979172050786564,0.805265930024757,0.201707164044489,0.0413053374763794
amine,FUBAR2,bias,7,0.0119911165026487,0.815163407560568,0.201699358130127,0.041365987932939
amine,FUBAR2,bias,8,0.00203604956959848,0.825397931592966,0.176679721447614,0.0309919488055096
amine,FUBAR2,bias,9,-0.0185880644954223,0.854467006018386,0.16157661659897,0.0257773642053979
amine,FUBAR2,bias,10,0.00526878280460121,0.888044394670711,0.138852633404722,0.0193131251195746
amine,FUBAR2,bias,11,5.8291677379203e-05,0.870127039883474,0.165800040348668,0.0279757236132815
amine,FUBAR2,bias,12,0.0139227611586757,0.814894225762994,0.186547213528567,0.0346992372653795
amine,FUBAR2,bias,13,-0.0182344058724208,0.850728210487615,0.163847366382666,0.0265230017859241
amine,FUBAR2,bias,14,0.0102468913806965,0.829489722610924,0.172532894563976,0.029182467671097
amine,FUBAR2,bias,15,0.0140713982909891,0.824469271504905,0.179358914194115,0.0319316928952213
amine,FUBAR2,bias,16,-0.0106349365669778,0.853592873205362,0.168937642449586,0.028944836786817
amine,FUBAR2,bias,17,-0.00857677958078543,0.830913174665616,0.183562708849528,0.0341978240735467
amine,FUBAR2,bias,18,-0.0023135425832446,0.876594658422284,0.147064060843227,0.0217363600626048
amine,FUBAR2,bias,19,0.0393235917155292,0.81200296664106,0.223330319251165,0.0488784014482435
amine,FUBAR2,bias,20,0.000227569000551517,0.851279256254407,0.17303776756161,0.0305433627307153
amine,FUBAR2,bias,21,0.00912411558754515,0.86386270193272,0.159576850174936,0.0257706998405947
amine,FUBAR2,bias,22,0.0460904603636387,0.811453513891386,0.212688085791121,0.0439714495723337
amine,FUBAR2,bias,23,0.00917232566727782,0.815936398753718,0.189226126273795,0.0361104304263484
amine,FUBAR2,bias,24,0.00969849691474143,0.845239048751903,0.175171787235009,0.0311598982887683
amine,FUBAR2,bias,25,0.0300973660083721,0.829209340878728,0.198259716087827,0.0391379622065882
amine,FUBAR2,bias,26,0.00102388370068123,0.863460943999416,0.15719707743963,0.0249495537326614
amine,FUBAR2,bias,27,-0.00874019897395379,0.799058774765118,0.197755130976062,0.039287445547744
amine,FUBAR2,bias,28,0.008245959630422,0.861748007612649,0.159987955394232,0.0258678629829681
amine,FUBAR2,bias,29,0.00444022618123274,0.770703420279685,0.214445173685986,0.0461924000368622
amine,FUBAR2,bias,30,-0.00275907849446888,0.854060420864045,0.169025542302058,0.0291018663562302
amine,FUBAR2,bias,31,-0.00504874165989057,0.843845383154923,0.16865880006012,0.0285650853704386
amine,FUBAR2,bias,32,-0.00242468432398562,0.883848747873738,0.143398008795361,0.0207710679305386
amine,FUBAR2,bias,33,-0.00162039685362799,0.834260162153398,0.166934247252344,0.0269794967200175
amine,FUBAR2,bias,34,0.000718631047469562,0.85370788442313,0.156928939035242,0.0240922272768379
amine,FUBAR2,bias,35,-0.000675075083078586,0.86413859762976,0.15769939081847,0.0251742025310837
amine,FUBAR2,bias,36,-0.0227829843685886,0.865675880698831,0.158900077093678,0.0250696758866781
amine,FUBAR2,bias,37,-0.0055971035962825,0.863443443319343,0.157173027509805,0.0249017277131402
amine,FUBAR2,bias,38,-0.0142397967976146,0.831932805162281,0.182603096172162,0.033685809417428
amine,FUBAR2,bias,39,0.029136357857811,0.825097825179496,0.186967615984498,0.0345759707206192
amine,FUBAR2,bias,40,0.0224974515245757,0.866350682229548,0.175288494512819,0.030561243528044
amine,FUBAR2,bias,41,0.0195386941902753,0.773867071401917,0.235489714981659,0.0561887174682017
amine,FUBAR2,bias,42,0.0106121195230665,0.750234674710646,0.249585791175154,0.0634487462941457
amine,FUBAR2,bias,43,0.0450275287116342,0.81775068549126,0.190239404660667,0.034308962565008
amine,FUBAR2,bias,44,0.0125860362631165,0.770396220720034,0.221097278124777,0.0493921084955274
amine,FUBAR2,bias,45,0.0275655699831779,0.799548203790814,0.204874042592342,0.0418495894645026
amine,FUBAR2,bias,46,0.068228862546203,0.697282294596232,0.333371584821734,0.107601938786303
amine,FUBAR2,bias,47,-0.0145256518403052,0.80221295582507,0.199599161063454,0.0401320594387591
amine,FUBAR2,bias,48,0.0256143805423778,0.85396855799622,0.183824959933581,0.0336092831884259
amine,FUBAR2,bias,49,0.0230405556672574,0.788855510325503,0.231933117302813,0.0542008367174769
amine,FUBAR2,bias,50,0.0229651173591855,0.739390463120878,0.301586805861927,0.0903803212003993
amine,FUBAR2,nobias,1,-0.00852197117893856,0.919854835871268,0.117921577610553,0.0140122999680367
amine,FUBAR2,nobias,2,-0.0198338662982389,0.90905962385161,0.118884889320663,0.0139199013613686
amine,FUBAR2,nobias,3,-0.0134899192053557,0.87918385490997,0.127524974148779,0.0139813509163372
amine,FUBAR2,nobias,4,0.00363207281277147,0.904677283569025,0.1194835962202,0.0143920282863979
amine,FUBAR2,nobias,5,-0.0049453550744144,0.878981472242646,0.140743546430157,0.0201548956353994
amine,FUBAR2,nobias,6,-0.0352740491373004,0.900358253961286,0.123639540362641,0.01368312753775
amine,FUBAR2,nobias,7,-0.00365605107943729,0.893449260549142,0.132854400162529,0.0179965015308482
amine,FUBAR2,nobias,8,-0.0144431153896523,0.884360806346106,0.128842089695143,0.0159186190791518
amine,FUBAR2,nobias,9,0.015584733102489,0.891106824225053,0.132455035618097,0.0176072080826517
amine,FUBAR2,nobias,10,-0.0178597706552339,0.896891911121216,0.127337107931241,0.016121185509067
amine,FUBAR2,nobias,11,-0.0120041424031329,0.884638094504696,0.128891635540072,0.016085718811604
amine,FUBAR2,nobias,12,-0.0171887603225999,0.892175152736944,0.121832567219833,0.013210936246175
amine,FUBAR2,nobias,13,-0.0238507571796524,0.895464912524343,0.124937827408075,0.014850380971993
amine,FUBAR2,nobias,14,-0.0192604605178475,0.925289909861851,0.109816234883514,0.0119261618561966
amine,FUBAR2,nobias,15,-0.0429827828180026,0.908623345524335,0.119357451798091,0.0114579981793079
amine,FUBAR2,nobias,16,-0.0170046303233439,0.905425099317388,0.11915567789932,0.0139522379627012
amine,FUBAR2,nobias,17,-0.0254740054808058,0.91723250285243,0.111148565947973,0.0115403578451609
amine,FUBAR2,nobias,18,-0.00526544416438959,0.876122060482066,0.132008847824377,0.0166840800978588
amine,FUBAR2,nobias,19,0.0171217245627746,0.895739582737675,0.129037572348098,0.0166337212836987
amine,FUBAR2,nobias,20,0.0124069083392061,0.900678929762253,0.123156685495093,0.0151738355672034
amine,FUBAR2,nobias,21,-0.0130373130530313,0.869293285273291,0.135033175790999,0.0169534776748024
amine,FUBAR2,nobias,22,-0.00452236860667551,0.918415803645123,0.116298637000971,0.0137570833389925
amine,FUBAR2,nobias,23,-0.0126964687126217,0.905362313944388,0.118702486447188,0.0139766103806116
amine,FUBAR2,nobias,24,0.0030860666301674,0.890774422540249,0.135865044624322,0.0188241022007207
amine,FUBAR2,nobias,25,-0.0470693254483056,0.895660275439116,0.126880678784427,0.0117659332754623
amine,FUBAR2,nobias,26,-0.0171284040994918,0.887274235057913,0.133212710010537,0.0176708226281441
amine,FUBAR2,nobias,27,-0.00890210054025439,0.913472345182624,0.116859082865481,0.0138428936849593
amine,FUBAR2,nobias,28,-0.0167246284851052,0.866838531305074,0.137334344728336,0.017612054677284
amine,FUBAR2,nobias,29,-0.0380441545753028,0.895347174738595,0.13192855908719,0.0161380219543575
amine,FUBAR2,nobias,30,-0.00255645409285467,0.914776338794027,0.113991660136804,0.0131996873434768
amine,FUBAR2,nobias,31,-0.0203689736483228,0.904627424294283,0.119423243842407,0.0138026949281342
amine,FUBAR2,nobias,32,0.000884189846789563,0.89726595923076,0.121411480271978,0.0145398698975248
amine,FUBAR2,nobias,33,0.0111507027001943,0.894085298214437,0.131298127461619,0.0174500669604658
amine,FUBAR2,nobias,34,-0.00198441716267556,0.884957298279722,0.124693415365559,0.0141465803990141
amine,FUBAR2,nobias,35,-0.0253810003480303,0.926075482585814,0.104101240964545,0.00980301009248982
amine,FUBAR2,nobias,36,0.00674068949083402,0.896980716242766,0.123904648797584,0.0153655909633549
amine,FUBAR2,nobias,37,-0.0353036779233009,0.910325234082743,0.125562175388149,0.0148157550688503
amine,FUBAR2,nobias,38,-0.01853431036235,0.893249868481516,0.123413588697311,0.0143013420231467
amine,FUBAR2,nobias,39,0.000725912756643515,0.875418569009258,0.131767343540414,0.0165096650814676
amine,FUBAR2,nobias,40,-0.0131654481534741,0.881668782776404,0.13547424776655,0.0183441888473552
amine,FUBAR2,nobias,41,-0.000629318205008064,0.915478851004361,0.116207782773661,0.0137793077119525
amine,FUBAR2,nobias,42,-0.0152416425140252,0.916649286768432,0.110227829747048,0.011841204146307
amine,FUBAR2,nobias,43,-0.0069509491525273,0.893468906543264,0.121866408612777,0.0141629897259457
amine,FUBAR2,nobias,44,-0.0217864668025927,0.90042726716007,0.1266842264013,0.0158445521507575
amine,FUBAR2,nobias,45,0.0131241136585645,0.91543835943489,0.116965891513508,0.0137843144206874
amine,FUBAR2,nobias,46,-0.0157776140639893,0.901145670299821,0.121973505539138,0.0146856199460771
amine,FUBAR2,nobias,47,-0.00636552743983686,0.907983631089031,0.117732372027264,0.0139754819094701
amine,FUBAR2,nobias,48,-0.00276120543745452,0.878071648074463,0.134458024005867,0.0179831177679121
amine,FUBAR2,nobias,49,-0.0060220466978518,0.879355258430016,0.132446412331927,0.0172395876428247
amine,FUBAR2,nobias,50,-0.0122418756552367,0.918151502236774,0.109935046646602,0.0119919889988269
camelid,FUBAR1,bias,1,0.0723856202595457,0.643694751124065,0.3192997102932,0.0981509751521149
camelid,FUBAR1,bias,2,0.0362934132595457,0.494386742931703,0.453659738236285,0.207917248522305
camelid,FUBAR1,bias,3,0.0454190272595457,0.308939151431311,0.530424113670274,0.271180673062692
camelid,FUBAR1,bias,4,0.0054870822595457,0.581672275812907,0.334425291437873,0.111834334747061
camelid,FUBAR1,bias,5,0.109747099259546,0.502020825956884,0.436064431817233,0.180118466767412
camelid,FUBAR1,bias,6,0.0422425662595457,0.509649393439494,0.360899709124696,0.125140278843023
camelid,FUBAR1,bias,7,0.0385523572595457,0.419395877268754,0.547267686514789,0.303052547635064
camelid,FUBAR1,bias,8,0.0159830572595457,0.447485064703816,0.43254321621233,0.18559821281798
camelid,FUBAR1,bias,9,0.0669659232595458,0.370538071202291,0.541911351408289,0.289922950323124
camelid,FUBAR1,bias,10,0.0193882532595457,0.406851392802229,0.476003911642118,0.225146726494136
camelid,FUBAR1,bias,11,0.0294301552595457,0.432468965917651,0.436300074649694,0.18708763296753
camelid,FUBAR1,bias,12,0.0788634742595457,0.309906215260322,0.622029302268783,0.381175295977521
camelid,FUBAR1,bias,13,0.0635781542595457,0.561456322623222,0.375115993453426,0.138279074672451
camelid,FUBAR1,bias,14,-0.0370841957404543,0.574024634425269,0.3320964565418,0.107964554903426
camelid,FUBAR1,bias,15,0.0331114492595457,0.443498081937061,0.567691706275573,0.327720708211344
camelid,FUBAR1,bias,16,0.0610760782595457,0.600180468636904,0.354869626094957,0.12420275446362
camelid,FUBAR1,bias,17,0.0517784602595457,0.51530291210999,0.394676390180302,0.153612664152353
camelid,FUBAR1,bias,18,0.0199195502595457,0.480402351193919,0.356031906816982,0.119467862018447
camelid,FUBAR1,bias,19,0.0610696102595457,0.458190987255018,0.585927012173535,0.346233422275193
camelid,FUBAR1,bias,20,0.106593429259546,0.524690867304509,0.404954525290106,0.153715334518821
camelid,FUBAR1,bias,21,0.0366040892595458,0.242247452941396,0.586081875735191,0.328531007167539
camelid,FUBAR1,bias,22,6.47142595457124e-05,0.580924824992845,0.292390390597287,0.0800610333333752
camelid,FUBAR1,bias,23,0.0444013502595457,0.501736653389358,0.466952403907207,0.22027460983715
camelid,FUBAR1,bias,24,-0.0165425547404543,0.529855199715987,0.360879898827616,0.128704581206625
camelid,FUBAR1,bias,25,-0.0112146357404543,0.346483912022316,0.380508467669519,0.122914738080256
camelid,FUBAR1,bias,26,0.0585740882595457,0.433152011755648,0.520003644561564,0.271093845456761
camelid,FUBAR1,bias,27,0.131636584259546,0.534518166665906,0.484022101318693,0.221259256154188
camelid,FUBAR1,bias,28,0.0637313772595457,0.520986969666547,0.47696626073169,0.227972228226349
camelid,FUBAR1,bias,29,0.0536101732595457,0.553206189060383,0.351006248851443,0.11953124732747
camelid,FUBAR1,bias,30,-0.0110890657404543,0.489429948668005,0.388244052978158,0.148758133890224
camelid,FUBAR1,bias,31,-0.0082752637404543,0.619290194295971,0.306154460913274,0.0935064362148986
camelid,FUBAR1,bias,32,0.0497464162595457,0.450301551606339,0.480810489174197,0.231432386009577
camelid,FUBAR1,bias,33,0.0489019542595457,0.548329690240753,0.390575709443377,0.152274582617443
camelid,FUBAR1,bias,34,0.0354155912595457,0.409393458439591,0.491539823995935,0.240848360952222
camelid,FUBAR1,bias,35,0.0384514822595457,0.552650722181566,0.349478161187986,0.119861217480518
camelid,FUBAR1,bias,36,0.0428545832595457,0.46405963098186,0.387207706194916,0.143313933060905
camelid,FUBAR1,bias,37,0.0343265892595457,0.408887553483886,0.520731457048821,0.272718843809443
camelid,FUBAR1,bias,38,0.0284838962595457,0.592023811523789,0.392580364472626,0.156421693796246
camelid,FUBAR1,bias,39,0.00307114725954572,0.458867390159603,0.420989316450969,0.175935034993354
camelid,FUBAR1,bias,40,0.0502298902595457,0.459338597843273,0.419010409173918,0.17130420029651
camelid,FUBAR1,bias,41,0.0589267872595457,0.275680768823285,0.637552054449494,0.400150411974146
camelid,FUBAR1,bias,42,0.0554033892595457,0.441340267310058,0.492772515061687,0.242679973538581
camelid,FUBAR1,bias,43,0.0487138942595457,0.60562646112088,0.303278108536699,0.0876758299890421
camelid,FUBAR1,bias,44,-0.0169378887404543,0.629054920170354,0.316655198057151,0.101167581035504
camelid,FUBAR1,bias,45,0.0683354292595457,0.446649425123345,0.51225857119074,0.262031142917258
camelid,FUBAR1,bias,46,-0.00208095074045429,0.700052224312521,0.27430864558175,0.0765381193025506
camelid,FUBAR1,bias,47,0.0592565502595457,0.337805158844542,0.520753097525559,0.262579091797727
camelid,FUBAR1,bias,48,0.0417145642595457,0.47245343219023,0.395076574934875,0.151399666447612
camelid,FUBAR1,bias,49,0.0426423432595457,0.500340283936277,0.387564858529254,0.147198857710341
camelid,FUBAR1,bias,50,0.0361125032595457,0.499526459944365,0.327373574909099,0.0964593144553505
camelid,FUBAR1,nobias,1,0.0987858095267735,0.359474533147971,0.485307690894252,0.223061052084527
camelid,FUBAR1,nobias,2,0.0677904035267735,0.592622590329816,0.310569341545209,0.0917436091142247
camelid,FUBAR1,nobias,3,0.0294020305267735,0.563797881741061,0.360011136413808,0.130954149914438
camelid,FUBAR1,nobias,4,0.0981499155267734,0.353427862016532,0.491379783897419,0.229047083937205
camelid,FUBAR1,nobias,5,0.0634364325267735,0.618787168950803,0.300017907261694,0.0864574675446937
camelid,FUBAR1,nobias,6,0.0709895165267735,0.586193560256959,0.310291535452723,0.0906423069551147
camelid,FUBAR1,nobias,7,0.0164065675267735,0.657778918361096,0.273761303284968,0.0754392473924019
camelid,FUBAR1,nobias,8,0.0228080375267735,0.598713387318319,0.343940093311758,0.120107743574186
camelid,FUBAR1,nobias,9,-0.00160234647322649,0.615997416105136,0.283616360526535,0.0799269263712888
camelid,FUBAR1,nobias,10,0.0511074625267735,0.449629916062096,0.487596525828248,0.239491936533018
camelid,FUBAR1,nobias,11,0.0678103705267735,0.570931761289108,0.350450943997522,0.119921246844187
camelid,FUBAR1,nobias,12,0.0566645705267735,0.549359932115707,0.339271427934902,0.111921949678956
camelid,FUBAR1,nobias,13,0.0578964235267735,0.540483926641317,0.369972194604338,0.135281037594719
camelid,FUBAR1,nobias,14,0.0773757655267735,0.668837410139476,0.26805872746761,0.0658787817188844
camelid,FUBAR1,nobias,15,-0.00274379347322649,0.66835244512174,0.29145396702282,0.0866626861401732
camelid,FUBAR1,nobias,16,0.0459033615267735,0.439850353133148,0.380024445550146,0.137892922436639
camelid,FUBAR1,nobias,17,0.0552351475267735,0.363373555461914,0.485512944292864,0.231024276737141
camelid,FUBAR1,nobias,18,0.0565471105267735,0.585182174381071,0.300931540174462,0.0860341650604229
camelid,FUBAR1,nobias,19,0.0448939005267735,0.297731944894427,0.520981197834904,0.263371027594954
camelid,FUBAR1,nobias,20,0.0257820885267735,0.606702961769172,0.300135693217656,0.0897347081775129
camelid,FUBAR1,nobias,21,0.0731675675267735,0.492418798011488,0.473833699105364,0.223637622695778
camelid,FUBAR1,nobias,22,0.0768625385267735,0.565488490240534,0.421405628170796,0.174808895571412
camelid,FUBAR1,nobias,23,0.0338349195267735,0.51158190144012,0.307302666709895,0.0867068114627175
camelid,FUBAR1,nobias,24,0.0227608975267735,0.548198345492666,0.35273878474866,0.125171945243509
camelid,FUBAR1,nobias,25,0.0712726065267735,0.580150059882642,0.385624152784435,0.146530247232144
camelid,FUBAR1,nobias,26,0.0325605215267735,0.549775594457024,0.386070708152194,0.150871404124971
camelid,FUBAR1,nobias,27,0.0847878385267735,0.502924662943032,0.458176200858461,0.206866104105429
camelid,FUBAR1,nobias,28,0.0165275665267735,0.566307879127271,0.291926984337306,0.0816203041891759
camelid,FUBAR1,nobias,29,0.0395473975267735,0.524097788589754,0.371605385104644,0.137790783444801
camelid,FUBAR1,nobias,30,0.0141075305267735,0.547378847771982,0.320526149914082,0.10109215511677
camelid,FUBAR1,nobias,31,0.0657827965267735,0.420647773975194,0.462438679488417,0.210822197033102
camelid,FUBAR1,nobias,32,0.00347648352677348,0.497859893665807,0.373614277991796,0.139621197233251
camelid,FUBAR1,nobias,33,-0.0155794094732265,0.550269210223403,0.285172112051699,0.0752172801155417
camelid,FUBAR1,nobias,34,0.0725150905267736,0.396378894631493,0.492512822222074,0.238973980625104
camelid,FUBAR1,nobias,35,0.0401552995267735,0.558594603055741,0.345132350572362,0.118643479797698
camelid,FUBAR1,nobias,36,0.0509473995267735,0.604091174965334,0.393946458528994,0.154765728024241
camelid,FUBAR1,nobias,37,0.0280113355267735,0.687087656919087,0.274599608345629,0.0760999372829167
camelid,FUBAR1,nobias,38,0.0944936225267735,0.508543093288519,0.449692223004619,0.197212194962918
camelid,FUBAR1,nobias,39,0.0564930965267735,0.550180462001292,0.369367143553804,0.135331467895544
camelid,FUBAR1,nobias,40,0.0183766415267735,0.567381447262478,0.305124386967426,0.0911215602267228
camelid,FUBAR1,nobias,41,7.56855267734988e-05,0.584552222811487,0.370847038222059,0.140328235531105
camelid,FUBAR1,nobias,42,-0.0074978984732265,0.661176121262414,0.237955805753136,0.0537320941890097
camelid,FUBAR1,nobias,43,0.0683111985267735,0.542369085608766,0.354957891040529,0.122048061861949
camelid,FUBAR1,nobias,44,0.0072853145267735,0.717865612185781,0.229313552997519,0.0526528233798833
camelid,FUBAR1,nobias,45,0.0398596885267735,0.555719046078039,0.345729749719544,0.11898777409859
camelid,FUBAR1,nobias,46,0.0378864265267735,0.4873455969993,0.382835363471453,0.145079036252379
camelid,FUBAR1,nobias,47,0.0346161525267735,0.563585460296858,0.346213694248429,0.120127746180565
camelid,FUBAR1,nobias,48,0.0599320225267735,0.501473648416294,0.366660956720581,0.130111757068141
camelid,FUBAR1,nobias,49,0.118253800526774,0.40069873649769,0.489489569030501,0.226715156153901
camelid,FUBAR1,nobias,50,0.104258015526773,0.597359638777009,0.38314800725537,0.138609403319553
camelid,FUBAR2,bias,1,0.330320491308898,0.457533541781999,0.819221952151932,0.563558171972324
camelid,FUBAR2,bias,2,0.183540356869772,0.454721602796216,0.648319706518922,0.39339449596152
camelid,FUBAR2,bias,3,0.39468599932102,-0.036652039093808,2.121176813554,4.30069780300492
camelid,FUBAR2,bias,4,0.161549007647553,0.447439035014829,0.621308646622439,0.367001490356311
camelid,FUBAR2,bias,5,0.424665870481925,0.202758688851058,1.28014657827353,1.48703143022635
camelid,FUBAR2,bias,6,0.190793095669714,0.376459534937783,0.629552054855361,0.365602357144577
camelid,FUBAR2,bias,7,0.147664246144905,0.376336176930603,0.683357750362627,0.454091032282665
camelid,FUBAR2,bias,8,0.118627169652187,0.445242767792304,0.522227058438434,0.262923422034758
camelid,FUBAR2,bias,9,0.373883529293705,0.314247154789386,1.05243825723663,0.985824495597405
camelid,FUBAR2,bias,10,0.262806412922036,0.359104858428846,0.822124964074539,0.618948518639203
camelid,FUBAR2,bias,11,0.170258710967499,0.40078408746668,0.626986782936371,0.371149607262769
camelid,FUBAR2,bias,12,0.318970467921786,0.375821133307233,0.97792734108949,0.863888505460177
camelid,FUBAR2,bias,13,0.293416309969279,0.471863579071321,0.760599168428569,0.494426702255619
camelid,FUBAR2,bias,14,0.170810378479009,0.2687553953399,0.788067694416612,0.598953209694118
camelid,FUBAR2,bias,15,0.197280779972979,0.479756928655694,0.696316403393344,0.448698901823706
camelid,FUBAR2,bias,16,0.259008014703595,0.507172674530347,0.722778070504899,0.452673686378535
camelid,FUBAR2,bias,17,0.225992303495053,0.452904104499274,0.696799201512044,0.440762545898737
camelid,FUBAR2,bias,18,0.216939840408964,0.409124268459155,0.635169291153467,0.363382055545632
camelid,FUBAR2,bias,19,0.19109058786713,0.378439188772831,0.767917308851502,0.564054432184141
camelid,FUBAR2,bias,20,0.412946352325228,0.449240821603051,0.832406696472815,0.526898919541658
camelid,FUBAR2,bias,21,0.140192780026338,0.442711796893216,0.528383553456934,0.263736461393579
camelid,FUBAR2,bias,22,0.147291950327303,0.456629486117377,0.534506005493658,0.268970847432401
camelid,FUBAR2,bias,23,0.221845261119636,0.529664528738426,0.632243045254717,0.350751478522858
camelid,FUBAR2,bias,24,0.191066609196904,0.189801487435096,1.40355417549009,1.97268706322738
camelid,FUBAR2,bias,25,0.255275209309304,0.0806988306205562,1.59894559226359,2.51728107274244
camelid,FUBAR2,bias,26,0.337866401243035,0.332451110560281,1.00997981553609,0.92171340512483
camelid,FUBAR2,bias,27,0.463770995067883,0.525836040136502,0.970625066134818,0.690341123438978
camelid,FUBAR2,bias,28,0.299025662595793,0.409046432228123,1.06184954847998,1.03090696622643
camelid,FUBAR2,bias,29,0.334816595286717,0.3719118709979,0.879334820021704,0.672856622667981
camelid,FUBAR2,bias,30,0.239455895195171,0.251046128888259,1.18619116614459,1.37694294124186
camelid,FUBAR2,bias,31,0.110327685994809,0.5939171445007,0.408509935501771,0.157821687116398
camelid,FUBAR2,bias,32,0.272440186781392,0.49170625139121,0.705647393880622,0.425675647553332
camelid,FUBAR2,bias,33,0.228728270307802,0.367068878883381,0.736176757844823,0.499572373802019
camelid,FUBAR2,bias,34,0.17973076936602,0.338375197027743,0.706960035157342,0.47553331525435
camelid,FUBAR2,bias,35,0.23876835569074,0.412825947628664,0.664030127718724,0.391752122503918
camelid,FUBAR2,bias,36,0.233988584748936,0.333043582760046,0.748768579436088,0.515129549384088
camelid,FUBAR2,bias,37,0.223632988468388,0.34878724918918,0.902473142851958,0.778310483476837
camelid,FUBAR2,bias,38,0.258689355758426,0.491447888048813,0.834242224157879,0.617319191457761
camelid,FUBAR2,bias,39,0.27539135883969,0.415110409282278,1.0901380632096,1.09856142311937
camelid,FUBAR2,bias,40,0.282560482335414,0.335375930449016,0.80887526820565,0.585961876991791
camelid,FUBAR2,bias,41,0.285998746678087,0.279881474353822,1.08236983983291,1.11153972381385
camelid,FUBAR2,bias,42,0.37881120937591,0.32113065094153,1.17509952090678,1.25395297536506
camelid,FUBAR2,bias,43,0.31473115062994,0.351189849133471,0.794012262760664,0.542134795772098
camelid,FUBAR2,bias,44,0.082821484549337,0.51218388562802,0.527750471784073,0.276481009785167
camelid,FUBAR2,bias,45,0.309670159725021,0.415818470153516,0.827014421264246,0.595672162152107
camelid,FUBAR2,bias,46,0.13064781334184,0.441219635282859,0.636823951345344,0.395888657159102
camelid,FUBAR2,bias,47,0.175789035290245,0.366634143230894,0.627845643644931,0.368451016386177
camelid,FUBAR2,bias,48,0.28611677406602,0.252402363826123,1.0597940079368,1.06223432854514
camelid,FUBAR2,bias,49,0.200089975365101,0.379039973545568,0.606716053611729,0.332206504928166
camelid,FUBAR2,bias,50,0.324425536021778,0.267515997800789,1.04326828637474,1.00314756297044
camelid,FUBAR2,nobias,1,0.26262988207973,0.185205162770201,0.874513158301312,0.697898653400149
camelid,FUBAR2,nobias,2,0.159542706319347,0.435244795000211,0.475114679385923,0.201842156611071
camelid,FUBAR2,nobias,3,0.139400890741208,0.492195247728076,0.505430141456575,0.240744196600102
camelid,FUBAR2,nobias,4,0.257264741001809,0.282988613687796,0.68548645345559,0.405619849588411
camelid,FUBAR2,nobias,5,0.211247977116217,0.40153993318778,0.717803093919183,0.478925884511678
camelid,FUBAR2,nobias,6,0.245003775480585,0.534445376994566,0.540103518854592,0.234890995513963
camelid,FUBAR2,nobias,7,0.268685393867299,0.347396394492132,1.34896793380367,1.73457681928435
camelid,FUBAR2,nobias,8,0.151765224507391,0.527069378557107,0.547618820519161,0.278892940052613
camelid,FUBAR2,nobias,9,0.104519367271703,0.5095266173842,0.451529861034579,0.196870649212577
camelid,FUBAR2,nobias,10,0.214771427314602,0.3876196138358,0.930968361929787,0.824253938151611
camelid,FUBAR2,nobias,11,0.189821404314679,0.396424917236491,0.588851492838674,0.316452909478056
camelid,FUBAR2,nobias,12,0.275923657990159,0.424241731539924,0.736872072788496,0.473361962663479
camelid,FUBAR2,nobias,13,0.203431064899112,0.3100092089622,0.734531710741749,0.50707640999396
camelid,FUBAR2,nobias,14,0.199637344664696,0.383143510132775,0.632856523430446,0.367759778599789
camelid,FUBAR2,nobias,15,0.127173893779027,0.532416993536876,0.605568607249349,0.347064778957606
camelid,FUBAR2,nobias,16,0.143878534310139,0.335486877725195,0.546772732497632,0.277566637140659
camelid,FUBAR2,nobias,17,0.240609278387244,0.362007160423756,0.795582241715325,0.585905381415458
camelid,FUBAR2,nobias,18,0.197342323046157,0.440157115558958,0.562295343770368,0.282844377577291
camelid,FUBAR2,nobias,19,0.141705011697551,0.293337614879082,0.66963782141233,0.432773721057699
camelid,FUBAR2,nobias,20,0.0908558173373997,0.491742903672669,0.410015100107819,0.161479169888819
camelid,FUBAR2,nobias,21,0.191436490342452,0.450241988734903,0.720068552905849,0.484694096809668
camelid,FUBAR2,nobias,22,0.208494206387741,0.456668131590596,0.657043605712442,0.393196638618104
camelid,FUBAR2,nobias,23,0.166220672284787,0.373300423213997,0.510406315755839,0.232230985480158
camelid,FUBAR2,nobias,24,0.134909413763573,0.558149159336214,0.461091402133602,0.197385400552598
camelid,FUBAR2,nobias,25,0.220255691481008,0.408921172025658,0.704848362298107,0.456207541329854
camelid,FUBAR2,nobias,26,0.15780953113988,0.569390159287077,0.537808454212558,0.262129627418263
camelid,FUBAR2,nobias,27,0.271770251329639,0.429217614273423,0.763547642627141,0.51416226313197
camelid,FUBAR2,nobias,28,0.0945621758147372,0.355877019426104,0.480474344112444,0.218438273372754
camelid,FUBAR2,nobias,29,0.194084380060601,0.390688489110844,0.74993353119918,0.533626254030675
camelid,FUBAR2,nobias,30,0.200337811783871,0.403182914931207,0.75906848513011,0.543692665321244
camelid,FUBAR2,nobias,31,0.237145511901402,0.341740532961854,0.867290384714376,0.708662502598358
camelid,FUBAR2,nobias,32,0.0778735928027511,0.464164295283962,0.453813778488683,0.202979031499868
camelid,FUBAR2,nobias,33,0.0889499303517208,0.241452798086658,0.661527876405942,0.427501608244575
camelid,FUBAR2,nobias,34,0.253571698080617,0.359147949509351,0.793584352306335,0.576406899806343
camelid,FUBAR2,nobias,35,0.164484925993886,0.456766099617778,0.562176832164417,0.294757079572685
camelid,FUBAR2,nobias,36,0.213595466893145,0.54426334690623,0.621116016454262,0.335381414886584
camelid,FUBAR2,nobias,37,0.115384660413304,0.558780914513823,0.449584140928915,0.191897528562391
camelid,FUBAR2,nobias,38,0.272532114355327,0.435312095928449,0.747729427518082,0.48969049561191
camelid,FUBAR2,nobias,39,0.22323153317547,0.404371176848972,0.758766769786878,0.533546301442755
camelid,FUBAR2,nobias,40,0.14530531461484,0.39439788677452,0.702055409070063,0.48049264457144
camelid,FUBAR2,nobias,41,0.281916016863768,0.330942161494554,1.33192596620347,1.69343707145388
camelid,FUBAR2,nobias,42,0.100258494343468,0.567202058930372,0.443609838453887,0.189501738768299
camelid,FUBAR2,nobias,43,0.257391364293189,0.507685562216877,0.610784150365747,0.309426737761967
camelid,FUBAR2,nobias,44,0.103177529829278,0.603525765328409,0.384368729316647,0.13965383342423
camelid,FUBAR2,nobias,45,0.15542396520418,0.453694816193557,0.605227720029776,0.348043853445639
camelid,FUBAR2,nobias,46,0.17963420273536,0.390460471533847,0.642063219825339,0.38772011624628
camelid,FUBAR2,nobias,47,0.262514470523162,0.266104312355939,1.10312342928705,1.17042126559588
camelid,FUBAR2,nobias,48,0.152534507571012,0.441202334264906,0.466944446369211,0.196282096328805
camelid,FUBAR2,nobias,49,0.301579345754937,0.275124400205368,0.97084249701127,0.868963870249464
camelid,FUBAR2,nobias,50,0.271042449986736,0.50402216419669,0.697100397995043,0.409653753680627
h3,FUBAR1,bias,1,0.0496410442595457,0.365809395710043,0.547575451450484,0.298260208583472
h3,FUBAR1,bias,2,0.133795904259546,0.433383191929387,0.527427882529537,0.264026024665004
h3,FUBAR1,bias,3,0.107794864259546,0.25243630699182,0.557618364323009,0.28360593288556
h3,FUBAR1,bias,4,0.0779535142595456,0.0684395213800669,0.666294186297631,0.387290084442027
h3,FUBAR1,bias,5,0.0753096942595457,0.328020420445492,0.430464226546336,0.161674326889409
h3,FUBAR1,bias,6,0.0548406842595457,0.34165001524814,0.45001129477473,0.186793651497654
h3,FUBAR1,bias,7,-0.000516425740454274,0.496756398440837,0.313784996565025,0.0864636920527416
h3,FUBAR1,bias,8,0.103443534259546,0.361872303716482,0.61123954828283,0.367690943485116
h3,FUBAR1,bias,9,0.0683215542595457,0.213927914715609,0.459427517474785,0.17230033468006
h3,FUBAR1,bias,10,0.0650917942595457,0.499158811213877,0.43465963783355,0.187054254812278
h3,FUBAR1,bias,11,0.0254410342595457,0.6273391082942,0.314302673985389,0.0990442817000098
h3,FUBAR1,bias,12,0.0608598242595457,0.310403078863283,0.713979801727721,0.513620449917137
h3,FUBAR1,bias,13,-0.0102208657404543,0.359610263809808,0.384855330536817,0.129067170265014
h3,FUBAR1,bias,14,0.0632836842595457,0.260389035602191,0.64536989512611,0.407822678195873
h3,FUBAR1,bias,15,0.0181143142595457,0.312036274495487,0.419168890627268,0.15407295303961
h3,FUBAR1,bias,16,-0.0077539757404542,0.402683274878833,0.348923974890815,0.10301407958061
h3,FUBAR1,bias,17,0.0698290742595458,0.316219412097337,0.545036583538857,0.286431363509972
h3,FUBAR1,bias,18,0.0324688042595457,0.34313071491731,0.4786807881827,0.219384466666369
h3,FUBAR1,bias,19,-0.0121882457404543,0.474514118192173,0.308887105704256,0.0789252499589734
h3,FUBAR1,bias,20,0.0345156442595457,0.496106542569857,0.405695995381149,0.163651357986539
h3,FUBAR1,bias,21,-0.00938099574045438,0.293461843865697,0.491142905829824,0.226278202232247
h3,FUBAR1,bias,22,0.0951659342595457,0.47777395103272,0.382115447825346,0.131791454658415
h3,FUBAR1,bias,23,0.0663388942595457,0.48266287699107,0.304634409890439,0.0705203820807479
h3,FUBAR1,bias,24,0.0215848642595457,0.441834699608014,0.393138128278983,0.147763244755111
h3,FUBAR1,bias,25,0.0450727042595457,0.451163299332446,0.375804328380246,0.13133750390417
h3,FUBAR1,bias,26,0.0475854242595457,0.419296644164619,0.351432807883572,0.104934663822869
h3,FUBAR1,bias,27,0.0160669842595457,0.370125029308304,0.527787589892672,0.278123297124352
h3,FUBAR1,bias,28,0.0777498842595457,0.338656951007901,0.396696782129214,0.129762819737382
h3,FUBAR1,bias,29,0.115417244259546,0.372268279714976,0.542508576889646,0.281262643765671
h3,FUBAR1,bias,30,0.0371389442595457,0.267834232600277,0.623802592918665,0.382501750469463
h3,FUBAR1,bias,31,0.0134303542595457,0.378874427205248,0.352895091708198,0.102732633400843
h3,FUBAR1,bias,32,0.0240208742595457,0.439047705314495,0.379543985745796,0.134921792499362
h3,FUBAR1,bias,33,0.0285038842595457,0.325222956724072,0.488903999400083,0.228094363652172
h3,FUBAR1,bias,34,-0.00306495574045429,0.513852908692495,0.3048010477561,0.0813864090775738
h3,FUBAR1,bias,35,0.0534540242595457,0.372445495138529,0.447172481825479,0.188490452924084
h3,FUBAR1,bias,36,0.0206453942595457,0.525436016097787,0.293476004420181,0.0731363815259793
h3,FUBAR1,bias,37,-0.00547658574045426,0.570296960946575,0.250286336932867,0.0440067787064889
h3,FUBAR1,bias,38,0.0124686242595457,0.43746769916513,0.362063717403099,0.119583137449791
h3,FUBAR1,bias,39,0.136332614259546,0.225141361939972,0.780467512301128,0.590701496932731
h3,FUBAR1,bias,40,-0.0238628657404543,0.559520253249572,0.276826774215934,0.0642750623191966
h3,FUBAR1,bias,41,0.0815576442595457,0.326600361952133,0.497608881080251,0.231374981074824
h3,FUBAR1,bias,42,0.0805797742595457,0.45776669104368,0.571197228600616,0.326243874180739
h3,FUBAR1,bias,43,0.0879449742595458,0.333062966498847,0.652676489968209,0.423565899620617
h3,FUBAR1,bias,44,0.102421614259546,0.464385694551182,0.467516534498469,0.210188449832358
h3,FUBAR1,bias,45,0.0849543542595457,0.277498342733382,0.483398115393073,0.206976916885335
h3,FUBAR1,bias,46,0.0717449942595457,0.337366555774899,0.496641366565245,0.233561676830229
h3,FUBAR1,bias,47,0.0549024942595457,0.405710515666504,0.506785022868944,0.255095310003985
h3,FUBAR1,bias,48,0.0667122942595458,0.189193852728702,0.770075295730736,0.581036707161329
h3,FUBAR1,bias,49,0.134707694259546,0.406724206080953,0.547573044456458,0.285042014720367
h3,FUBAR1,bias,50,0.0580869442595457,0.376430128487267,0.443670388116289,0.184886286576316
h3,FUBAR1,nobias,1,0.0350756765267735,0.441030012662076,0.340343960805277,0.105278116275633
h3,FUBAR1,nobias,2,0.0347842065267735,0.510278374394008,0.372705205194692,0.138321762303069
h3,FUBAR1,nobias,3,0.0408916765267735,0.331925729719411,0.433495112151667,0.175653833969252
h3,FUBAR1,nobias,4,0.0397700465267735,0.593167730510471,0.296984844701083,0.0857085225026345
h3,FUBAR1,nobias,5,0.0583472365267735,0.404776636047142,0.489921237820598,0.23883477692203
h3,FUBAR1,nobias,6,0.0482889365267735,0.412780933848691,0.381518160790665,0.136095611823905
h3,FUBAR1,nobias,7,0.0823130465267735,0.517829385303308,0.37992060767066,0.138599561712365
h3,FUBAR1,nobias,8,0.0490063165267735,0.377253658330315,0.438812759376971,0.185578635866503
h3,FUBAR1,nobias,9,0.0655133665267735,0.429548207885612,0.400939180953937,0.153032638022941
h3,FUBAR1,nobias,10,0.0883321065267735,0.257158886606535,0.515696781715225,0.244985500002642
h3,FUBAR1,nobias,11,0.0469857165267735,0.393700982092555,0.462500698033386,0.211020909512947
h3,FUBAR1,nobias,12,0.0576675365267735,0.492644148131796,0.307808454190554,0.0822403075772451
h3,FUBAR1,nobias,13,0.0524456265267735,0.55795052521589,0.281089880736881,0.0697353463412316
h3,FUBAR1,nobias,14,0.0111683665267735,0.401239393454637,0.357682310583654,0.116514898845016
h3,FUBAR1,nobias,15,0.103404896526774,0.498712065402694,0.426060674176987,0.173551545093807
h3,FUBAR1,nobias,16,0.0434952365267735,0.422040894411449,0.382017827922852,0.13806099371368
h3,FUBAR1,nobias,17,0.0371389365267735,0.530645008948707,0.352310565195451,0.122952035703912
h3,FUBAR1,nobias,18,0.0542433465267735,0.283679689102093,0.440709479391422,0.174487337832954
h3,FUBAR1,nobias,19,0.120452606526774,0.330515934267753,0.510298995449885,0.241846539128604
h3,FUBAR1,nobias,20,0.0360388865267735,0.342568511451867,0.416217158541652,0.160744319201741
h3,FUBAR1,nobias,21,0.0027711565267735,0.507368512991724,0.311111880335691,0.0906215643903932
h3,FUBAR1,nobias,22,0.116128076526774,0.44229852496663,0.495636434561738,0.236135004203862
h3,FUBAR1,nobias,23,0.0335645965267735,0.42578962001376,0.437300258555577,0.190107429770808
h3,FUBAR1,nobias,24,0.0986039765267736,0.405509330172879,0.498585281021002,0.241285566245945
h3,FUBAR1,nobias,25,0.0596051265267735,0.339416989038739,0.385447200088172,0.128971086704097
h3,FUBAR1,nobias,26,0.0628329865267735,0.507723672444268,0.274904749429673,0.0570326047705475
h3,FUBAR1,nobias,27,0.0510618265267735,0.411147877049971,0.448655728365327,0.198304697328053
h3,FUBAR1,nobias,28,0.0166095565267735,0.54134121660642,0.259034003653225,0.054447877563737
h3,FUBAR1,nobias,29,0.0517356565267734,0.468160694264052,0.280252522863907,0.0577902335543602
h3,FUBAR1,nobias,30,0.143025786526773,0.267375325250267,0.515190597645917,0.232068577508272
h3,FUBAR1,nobias,31,0.0650830965267734,0.544698885723526,0.278358119148294,0.0641444242264455
h3,FUBAR1,nobias,32,0.0689241365267735,0.547665750542804,0.341894828912621,0.112097915153039
h3,FUBAR1,nobias,33,0.0915372765267735,0.308400770098345,0.524624114992005,0.261995013303111
h3,FUBAR1,nobias,34,0.0657965465267735,0.505123033212093,0.361508306961814,0.125305938479982
h3,FUBAR1,nobias,35,0.0718238565267734,0.344449088631039,0.44646104207906,0.186225752185613
h3,FUBAR1,nobias,36,0.0318431765267735,0.392304454820631,0.475171143103881,0.225124735838248
h3,FUBAR1,nobias,37,0.0209524465267735,0.46476301055586,0.27927507009489,0.0597903344300194
h3,FUBAR1,nobias,38,0.0350242165267735,0.469300853222797,0.315568706961533,0.0883865109495604
h3,FUBAR1,nobias,39,0.0891053365267736,0.364668090247365,0.547281762560973,0.294513292836307
h3,FUBAR1,nobias,40,0.0175978765267735,0.571813183614869,0.226593819811741,0.0313057444555561
h3,FUBAR1,nobias,41,0.101352406526773,0.249081210869619,0.636352291065267,0.39137365526314
h3,FUBAR1,nobias,42,0.114718826526773,0.305386996195609,0.604967661586787,0.354160283043706
h3,FUBAR1,nobias,43,0.0498534765267735,0.410967756912877,0.34550025448444,0.104445692753358
h3,FUBAR1,nobias,44,0.0585514765267735,0.401780573394344,0.390378314828448,0.141523647060195
h3,FUBAR1,nobias,45,0.0313976365267735,0.61348837993282,0.273825183688054,0.0720294453463004
h3,FUBAR1,nobias,46,0.0166954165267735,0.407286376783512,0.404448158460536,0.15855512534908
h3,FUBAR1,nobias,47,0.0870161965267735,0.326471772658334,0.577439607682573,0.327651720117243
h3,FUBAR1,nobias,48,0.122275586526774,0.251403422151996,0.629851037921955,0.377939392935618
h3,FUBAR1,nobias,49,0.0046989065267735,0.487169684757378,0.313878278649871,0.0906004919520825
h3,FUBAR1,nobias,50,0.0335780965267735,0.298263666286892,0.426733605808397,0.164914380973923
h3,FUBAR2,bias,1,0.374430734489588,0.246897153717877,1.34153531566544,1.69138800543564
h3,FUBAR2,bias,2,0.418549822743454,0.270225163076346,0.864625791557799,0.578726021117093
h3,FUBAR2,bias,3,0.405916699022881,0.202612292570701,1.06843424299309,0.990194471352161
h3,FUBAR2,bias,4,0.321982793442596,0.0232263640701117,1.13361319203276,1.13693455764232
h3,FUBAR2,bias,5,0.500201630168691,0.278595032629837,1.25267706601845,1.34345918323882
h3,FUBAR2,bias,6,0.286227060940026,0.269449694559845,0.708489215609446,0.417390926289589
h3,FUBAR2,bias,7,0.191321662293143,0.444578676865341,0.528160518504267,0.245641979265619
h3,FUBAR2,bias,8,0.463045025740062,0.294048521580277,1.44014155781883,1.87929715995568
h3,FUBAR2,bias,9,0.293848365793942,-0.0257418622720684,0.901311822251007,0.646365141703023
h3,FUBAR2,bias,10,0.318361954307866,0.453641631584872,0.80579478514214,0.550827268109849
h3,FUBAR2,bias,11,0.29616099976762,0.410434991825165,0.871429016751102,0.678321464384242
h3,FUBAR2,bias,12,0.297292123795204,0.330239136054152,1.16360570481804,1.27952074418442
h3,FUBAR2,bias,13,0.218917427175513,0.275987640857414,0.796742305876967,0.594594203200017
h3,FUBAR2,bias,14,0.255678781412804,0.196716923891539,1.32416918768058,1.72195626988028
h3,FUBAR2,bias,15,0.244766669495093,0.295751718241705,0.727446617260563,0.473423452347851
h3,FUBAR2,bias,16,0.189305498076797,0.336558321771061,0.681717502359118,0.43506355893647
h3,FUBAR2,bias,17,0.308434786863607,0.327118339493802,0.918403438062382,0.76335563094107
h3,FUBAR2,bias,18,0.253659671798504,0.380384159271379,0.716897012741424,0.458708176735094
h3,FUBAR2,bias,19,0.183703309745518,0.364115152868309,0.647464587175473,0.391564885609511
h3,FUBAR2,bias,20,0.253821221723449,0.30499587908937,0.792523246644418,0.573219038433365
h3,FUBAR2,bias,21,0.152624000672521,0.339861751951518,0.606537031772627,0.346143099311007
h3,FUBAR2,bias,22,0.3899745826466,0.492183169305881,0.734784124739977,0.391252008219757
h3,FUBAR2,bias,23,0.251765541328595,0.33994560787408,0.661033212828893,0.377016623919143
h3,FUBAR2,bias,24,0.26605364876196,0.398231299700927,0.69383277291543,0.41896750816422
h3,FUBAR2,bias,25,0.323055496488444,0.279656347770801,0.929055322996607,0.773333666807422
h3,FUBAR2,bias,26,0.36906908519028,0.382632511936833,0.900166720189576,0.684704340826595
h3,FUBAR2,bias,27,0.240102333481169,0.315057075099465,1.0212404061115,1.00328797395325
h3,FUBAR2,bias,28,0.381160117042392,0.309904009110422,0.992125580053558,0.855931023078937
h3,FUBAR2,bias,29,0.41637041415125,0.241688260645806,1.17432094782574,1.23016260919258
h3,FUBAR2,bias,30,0.224093542239339,0.277991374782827,0.759164754909117,0.531112583490996
h3,FUBAR2,bias,31,0.169876233691729,0.34080662672265,0.510027981599899,0.222624636376231
h3,FUBAR2,bias,32,0.266163369408897,0.347093695474776,0.706722240144429,0.435563188155195
h3,FUBAR2,bias,33,0.178387019565664,0.325685475387727,0.624087239020074,0.358497168588451
h3,FUBAR2,bias,34,0.192593705582988,0.33111165239398,0.615718214955953,0.342382542978506
h3,FUBAR2,bias,35,0.220812047781976,0.289615944279789,0.659196833707568,0.383816174258168
h3,FUBAR2,bias,36,0.217020893934012,0.373035322731067,0.605293975237638,0.322391972730772
h3,FUBAR2,bias,37,0.178498462333916,0.362873209816056,0.690839239674146,0.453896577949552
h3,FUBAR2,bias,38,0.164634519350993,0.372063283990992,0.512579519780466,0.23165761579712
h3,FUBAR2,bias,39,0.519975790617465,0.124919127774571,1.53943484568643,2.13175852076759
h3,FUBAR2,bias,40,0.0919378060850273,0.382739754227293,0.455450982042506,0.191992348014321
h3,FUBAR2,bias,41,0.385803157537612,0.140506392868018,1.09968447098508,1.06239778241837
h3,FUBAR2,bias,42,0.360052132705873,0.375008677010665,1.02296571896909,0.925041964115553
h3,FUBAR2,bias,43,0.388254501778014,0.293879133583839,1.37098938864869,1.74974327004224
h3,FUBAR2,bias,44,0.311055765709157,0.387641081298586,0.809207467276437,0.568524527326689
h3,FUBAR2,bias,45,0.466613810534269,0.222292555449484,1.31683288071603,1.54725639475432
h3,FUBAR2,bias,46,0.299886912467429,0.239510796177204,0.847454958898662,0.632897198629109
h3,FUBAR2,bias,47,0.172584899693079,0.386307301614172,0.475789814436468,0.189740981658951
h3,FUBAR2,bias,48,0.253246258947854,0.119137516918652,1.09494183048314,1.13265724726161
h3,FUBAR2,bias,49,0.512856826400305,0.380662132330109,1.04593640230069,0.839716320911467
h3,FUBAR2,bias,50,0.248292462332527,0.385907099830388,0.652126320282638,0.370003302437385
h3,FUBAR2,nobias,1,0.264585469795742,0.332356586139859,0.723248494865366,0.461543075044911
h3,FUBAR2,nobias,2,0.271194607840696,0.437344847558326,0.817420898074659,0.595159123303491
h3,FUBAR2,nobias,3,0.218086133848756,0.321532011116283,0.651121781069095,0.380724278066708
h3,FUBAR2,nobias,4,0.263301138356498,0.489927001322421,0.680357741289546,0.394290033971786
h3,FUBAR2,nobias,5,0.201210001910585,0.378341223583171,0.572380849871245,0.290781019770989
h3,FUBAR2,nobias,6,0.277655981811412,0.375119365228089,0.711079361248294,0.437286725254439
h3,FUBAR2,nobias,7,0.337314112939504,0.425927362284135,0.858752213711144,0.625409451962012
h3,FUBAR2,nobias,8,0.294163161736239,0.221667490295805,0.878569455603636,0.693227645672173
h3,FUBAR2,nobias,9,0.312810358980623,0.429054838532527,0.759547774711438,0.484833030807489
h3,FUBAR2,nobias,10,0.293522232605278,0.20006103908435,0.898123030840899,0.72644748071593
h3,FUBAR2,nobias,11,0.244580417056053,0.351850347589294,0.683613687445542,0.415187365406262
h3,FUBAR2,nobias,12,0.232584370319858,0.409494570321227,0.541684199778229,0.24203688944901
h3,FUBAR2,nobias,13,0.232932742566135,0.495298265112493,0.476828383818753,0.175835726456235
h3,FUBAR2,nobias,14,0.187974692403427,0.254914070782513,0.917948546325002,0.822969990945083
h3,FUBAR2,nobias,15,0.391004987087395,0.438692852289952,0.825965630655257,0.532267367572673
h3,FUBAR2,nobias,16,0.262535523583341,0.31070548723069,0.718324856783696,0.453961484959127
h3,FUBAR2,nobias,17,0.265989478723767,0.419940681080019,0.888436708297281,0.717718498871606
h3,FUBAR2,nobias,18,0.233743254907148,0.260897286460558,0.643053066852111,0.354873910296427
h3,FUBAR2,nobias,19,0.350107870063775,0.314343409976683,0.80274744894102,0.53180302887249
h3,FUBAR2,nobias,20,0.22215616276946,0.280375442671799,0.74512064472874,0.512777968231191
h3,FUBAR2,nobias,21,0.203379053145867,0.377631858459004,0.721943701751497,0.489314220746626
h3,FUBAR2,nobias,22,0.308425503285904,0.345544555972289,0.651625722011066,0.333200940040265
h3,FUBAR2,nobias,23,0.191809769733844,0.392317189060329,0.620282438394968,0.354881910917892
h3,FUBAR2,nobias,24,0.341123025699547,0.305054016713751,1.14791498882701,1.21844172436351
h3,FUBAR2,nobias,25,0.295088134174677,0.307177905205243,0.932024189068247,0.797112802734688
h3,FUBAR2,nobias,26,0.230286214779632,0.209743864463184,0.688906689789333,0.413387979266803
h3,FUBAR2,nobias,27,0.205524391117937,0.418296491457028,0.569677327909347,0.287634408087494
h3,FUBAR2,nobias,28,0.211235037792967,0.476587772187776,0.511932421973891,0.221744427222871
h3,FUBAR2,nobias,29,0.193825350489794,0.185836624811584,0.538056444039191,0.225526417522455
h3,FUBAR2,nobias,30,0.500071250841772,0.145631024383167,1.40979870171972,1.76777413617912
h3,FUBAR2,nobias,31,0.261448457821072,0.53199631943491,0.482474577664482,0.167678581857169
h3,FUBAR2,nobias,32,0.267365811341714,0.420635881915752,0.701295257809375,0.427630628656697
h3,FUBAR2,nobias,33,0.310358041360525,0.233647246980185,0.765397895610025,0.489641757062123
h3,FUBAR2,nobias,34,0.371060689132514,0.391473752550408,0.970477515203885,0.80736869407947
h3,FUBAR2,nobias,35,0.28339955864288,0.385768351128296,0.707132318853804,0.428248293695816
h3,FUBAR2,nobias,36,0.163391023916097,0.467635915405193,0.539897556935764,0.270140026363232
h3,FUBAR2,nobias,37,0.171234353907927,0.325002018923821,0.530541848748462,0.248026534269991
h3,FUBAR2,nobias,38,0.226670693277624,0.329236275709167,0.628595163081526,0.346914020573449
h3,FUBAR2,nobias,39,0.354289592319713,0.289356732905311,1.12102419866627,1.15102545977659
h3,FUBAR2,nobias,40,0.157672485453389,0.263534345877321,0.508435918899508,0.218920482764526
h3,FUBAR2,nobias,41,0.382719378214901,0.224962609162684,1.17170812627182,1.25137079313076
h3,FUBAR2,nobias,42,0.398189469689437,0.291777453959998,1.06253816180888,0.988947315119254
h3,FUBAR2,nobias,43,0.276192433599935,0.257523527461564,0.828703277119305,0.619600588550131
h3,FUBAR2,nobias,44,0.26709367932681,0.283863476864047,0.698382575994706,0.419154212136728
h3,FUBAR2,nobias,45,0.273275070879667,0.406661517512542,0.795733339346447,0.565386881519865
h3,FUBAR2,nobias,46,0.25030803003684,0.345561381040468,0.974954751118881,0.899316144759182
h3,FUBAR2,nobias,47,0.316000392403984,0.29964033121847,1.00760517160109,0.932805688326361
h3,FUBAR2,nobias,48,0.50081998464839,0.134662048433092,1.69643271843488,2.67864970789082
h3,FUBAR2,nobias,49,0.150458581767283,0.281335683961266,0.685123395500111,0.45089204052198
h3,FUBAR2,nobias,50,0.138396881258574,0.258609792473579,0.538768425529776,0.259470032096821
hivrt,FUBAR1,bias,1,0.127715934259546,0.263205426973167,0.681655685993519,0.446608735503396
hivrt,FUBAR1,bias,2,0.0433082842595458,0.106734536839978,0.70360503359936,0.457431967966677
hivrt,FUBAR1,bias,3,0.0491811942595457,0.509195715232112,0.291158992814918,0.0658587974504453
hivrt,FUBAR1,bias,4,0.0553255942595457,0.379361053415703,0.451716900905068,0.193822124296424
hivrt,FUBAR1,bias,5,0.0201530542595457,0.437181535504448,0.334391573093676,0.0949530837512649
hivrt,FUBAR1,bias,6,0.0264721642595458,0.292663669689431,0.453644531156569,0.185281005528568
hivrt,FUBAR1,bias,7,0.0941172842595457,0.468819957290502,0.375774216291325,0.125291369879254
hivrt,FUBAR1,bias,8,0.0471238142595458,0.155151826722593,0.635816044077174,0.373911166544799
hivrt,FUBAR1,bias,9,0.0644599642595457,0.402439174903251,0.383568118921916,0.129365321272781
hivrt,FUBAR1,bias,10,0.0762420542595457,0.36820810815904,0.487873426243931,0.227380165409672
hivrt,FUBAR1,bias,11,0.0129523242595457,0.376734262500022,0.283383717432713,0.0393456197793354
hivrt,FUBAR1,bias,12,0.000804284259545701,0.354959536175532,0.516374270941496,0.263676768055263
hivrt,FUBAR1,bias,13,0.0359596142595457,0.479992275323302,0.361817004933278,0.123332694371166
hivrt,FUBAR1,bias,14,0.0641127442595457,0.363016274692346,0.506781771612925,0.24939366780118
hivrt,FUBAR1,bias,15,0.0397085442595457,0.370876118444551,0.484098207037426,0.228343461755512
hivrt,FUBAR1,bias,16,0.0589818142595458,0.499944833921035,0.343798711756135,0.107591951046262
hivrt,FUBAR1,bias,17,0.132523794259546,0.538542401125638,0.578681764626071,0.318317202357625
hivrt,FUBAR1,bias,18,0.0650909242595458,0.320830229464539,0.440948132751405,0.172811147077401
hivrt,FUBAR1,bias,19,0.0361778142595458,0.276908023775496,0.498175671575935,0.229858714483539
hivrt,FUBAR1,bias,20,0.0015547642595457,0.406602631989844,0.316857485948461,0.0754036114621326
hivrt,FUBAR1,bias,21,0.0446681042595457,0.349892441578715,0.468915135530863,0.20888916113961
hivrt,FUBAR1,bias,22,0.0601114242595457,0.173874868812659,0.673086434044044,0.429378027054349
hivrt,FUBAR1,bias,23,0.0207484142595458,0.317810137699315,0.470742026754786,0.207759325666335
hivrt,FUBAR1,bias,24,0.0514367942595457,0.36103322874473,0.646917615202956,0.423131004966839
hivrt,FUBAR1,bias,25,0.117181794259546,0.258678001713385,0.686341898447013,0.455446050647027
hivrt,FUBAR1,bias,26,0.0396198942595457,0.395407234111315,0.4819710324638,0.228925684338676
hivrt,FUBAR1,bias,27,0.0297568942595457,0.39478795334552,0.482678924695728,0.230362950604068
hivrt,FUBAR1,bias,28,-0.00106403574045432,0.386059621610743,0.46042413842262,0.207057504670387
hivrt,FUBAR1,bias,29,0.0150153242595457,0.394719656575596,0.334677737774344,0.0889297123333187
hivrt,FUBAR1,bias,30,0.00124203425954569,0.440156769919618,0.33123643733697,0.0931810950610776
hivrt,FUBAR1,bias,31,0.0298393942595457,0.343290909428059,0.485586067437991,0.227042229661451
hivrt,FUBAR1,bias,32,0.0806830742595457,0.462671533273742,0.332414949754275,0.0889507817140048
hivrt,FUBAR1,bias,33,0.0812685042595458,0.234759579801846,0.563584007010105,0.293061125583988
hivrt,FUBAR1,bias,34,0.0060651542595457,0.493676554173552,0.275516922634994,0.0531562387925345
hivrt,FUBAR1,bias,35,0.0735338042595457,0.521823066692705,0.349569242943923,0.112542402581683
hivrt,FUBAR1,bias,36,0.122999834259546,0.218738227020183,0.685263346149797,0.44492751528534
hivrt,FUBAR1,bias,37,-0.00216394574045431,0.590843261787033,0.258584975968213,0.0550359944886863
hivrt,FUBAR1,bias,38,0.0273512442595457,0.317654813991776,0.530312996097568,0.273807779704093
hivrt,FUBAR1,bias,39,-0.0281298957404543,0.381669303345897,0.331632563753565,0.0833911351788237
hivrt,FUBAR1,bias,40,0.0711923742595458,0.273155351528999,0.520103211414526,0.249918152508716
hivrt,FUBAR1,bias,41,0.0333107142595457,0.431692513732202,0.530539388219687,0.285116450775954
hivrt,FUBAR1,bias,42,0.0215102242595457,0.560318656975348,0.265333587378193,0.054971056674216
hivrt,FUBAR1,bias,43,0.0342070942595457,0.494089638506692,0.344008261405162,0.109910777985798
hivrt,FUBAR1,bias,44,0.0939473842595458,0.196589571236478,0.764588704574692,0.569191077462866
hivrt,FUBAR1,bias,45,-0.0326738157404542,0.431100560571052,0.28354847499278,0.0477266016096313
hivrt,FUBAR1,bias,46,0.0185181942595457,0.335298907511427,0.407681961368752,0.146636135297299
hivrt,FUBAR1,bias,47,0.0926082442595458,0.242285691584369,0.472620069740777,0.187285998838444
hivrt,FUBAR1,bias,48,0.00521196425954565,0.288352748828605,0.436365036337736,0.16758136024497
hivrt,FUBAR1,bias,49,0.0799407842595457,0.414118669602213,0.466630228619846,0.209519825360901
hivrt,FUBAR1,bias,50,-0.0232040857404543,0.272029582459906,0.414929048572842,0.142790990128536
hivrt,FUBAR1,nobias,1,-0.00978489347322645,0.379670788042449,0.362144829018923,0.117686005460748
hivrt,FUBAR1,nobias,2,0.00738990652677354,0.411085820948356,0.284775243164635,0.0572374206192296
hivrt,FUBAR1,nobias,3,0.0672267965267735,0.446052120855233,0.355858053986141,0.114903894561522
hivrt,FUBAR1,nobias,4,-0.0362387734732265,0.500241619531029,0.297868975128069,0.077923341916342
hivrt,FUBAR1,nobias,5,0.0395182565267735,0.441957336822409,0.37589124553281,0.135130788588179
hivrt,FUBAR1,nobias,6,0.154130886526773,0.529109604807273,0.436701747456563,0.170256076770151
hivrt,FUBAR1,nobias,7,0.0705758165267735,0.203361552078792,0.57733832138829,0.312114947533919
hivrt,FUBAR1,nobias,8,0.0907123965267735,0.355930884876638,0.3868623120386,0.126967075539961
hivrt,FUBAR1,nobias,9,0.0299065565267735,0.52167798419823,0.325366634337205,0.101889676484613
hivrt,FUBAR1,nobias,10,0.0856118265267736,0.354590525560243,0.488593165655015,0.228705697109488
hivrt,FUBAR1,nobias,11,0.0492888265267735,0.199108304126762,0.56071848810898,0.293581121436025
hivrt,FUBAR1,nobias,12,0.0525034565267735,0.569990703882976,0.292626509615941,0.0793819843662232
hivrt,FUBAR1,nobias,13,0.0785143865267735,0.471255670468312,0.374612552887686,0.131475227394014
hivrt,FUBAR1,nobias,14,0.103241026526774,0.382906794678752,0.548683149237435,0.294514545290624
hivrt,FUBAR1,nobias,15,0.0617349165267735,0.452110623041276,0.368744900376604,0.127367941665403
hivrt,FUBAR1,nobias,16,0.0977086265267735,0.485994463783675,0.366711333714764,0.122135232510393
hivrt,FUBAR1,nobias,17,0.0180753565267735,0.485397767159313,0.342078636871188,0.112470302059144
hivrt,FUBAR1,nobias,18,0.0458501065267736,0.329068349310609,0.332957091220993,0.0830901321561419
hivrt,FUBAR1,nobias,19,0.0397762965267735,0.417544578508639,0.298094788907199,0.067009109119332
hivrt,FUBAR1,nobias,20,0.0998179165267734,0.347037327797131,0.422988657841422,0.157907005383164
hivrt,FUBAR1,nobias,21,0.00960878652677352,0.590452036592749,0.238725494431658,0.0457436765469418
hivrt,FUBAR1,nobias,22,0.00109283652677351,0.460718781813862,0.358294832754737,0.123802950781905
hivrt,FUBAR1,nobias,23,-0.00250765347322647,0.440812816012351,0.293686232487618,0.0687824413206879
hivrt,FUBAR1,nobias,24,0.0792698665267735,0.533168869018171,0.286271937926906,0.066099144018066
hivrt,FUBAR1,nobias,25,0.114002806526773,0.505854339899155,0.397534380258114,0.146123639666245
hivrt,FUBAR1,nobias,26,0.0374352765267735,0.552104423259534,0.271683309643768,0.0638682590241996
hivrt,FUBAR1,nobias,27,0.0593370465267734,0.322478363468694,0.432642847584748,0.171432816632573
hivrt,FUBAR1,nobias,28,0.0213369165267735,0.418835076650793,0.348562809741385,0.110484745408506
hivrt,FUBAR1,nobias,29,0.0418516765267736,0.404359034005487,0.416015768124117,0.167313858632621
hivrt,FUBAR1,nobias,30,0.0567054765267735,0.366186032654552,0.337312186595884,0.0906252939833126
hivrt,FUBAR1,nobias,31,-0.0135634034732265,0.488844273219051,0.260475519143313,0.0481795909048271
hivrt,FUBAR1,nobias,32,0.0190843765267735,0.562697202173279,0.32251222758778,0.103407409929887
hivrt,FUBAR1,nobias,33,0.0268349565267735,0.292280578991328,0.343983571838574,0.0889196618524382
hivrt,FUBAR1,nobias,34,0.0437645465267735,0.412721016443405,0.516945774615128,0.269699769260874
hivrt,FUBAR1,nobias,35,0.0346409765267735,0.434888294045176,0.289263776181888,0.0626860643970257
hivrt,FUBAR1,nobias,36,0.0863394165267735,0.534140649397814,0.366105618300729,0.127404455289231
hivrt,FUBAR1,nobias,37,0.0850823565267735,0.416065252147127,0.394441748830665,0.142387045857444
hivrt,FUBAR1,nobias,38,0.00975737652677354,0.500086836093377,0.296120943713387,0.0781401786751298
hivrt,FUBAR1,nobias,39,0.117893586526773,0.291846868485476,0.481501651571068,0.205740916695278
hivrt,FUBAR1,nobias,40,0.0687432565267735,0.434830066850403,0.438988949291582,0.188479984109134
hivrt,FUBAR1,nobias,41,0.0494585365267735,0.386196930231544,0.365399999811595,0.118544873638998
hivrt,FUBAR1,nobias,42,0.0488818965267735,0.415813975513727,0.375405504679869,0.130966792449593
hivrt,FUBAR1,nobias,43,0.0455241165267735,0.60232728021883,0.23570726635409,0.0417456876354854
hivrt,FUBAR1,nobias,44,0.0950208365267735,0.365124602079434,0.56735663832314,0.317078291430955
hivrt,FUBAR1,nobias,45,0.0196720165267735,0.48877316912587,0.27586113070455,0.0604301738807087
hivrt,FUBAR1,nobias,46,0.0925935365267735,0.458776292219598,0.447756279857159,0.194237378140042
hivrt,FUBAR1,nobias,47,0.0279227665267735,0.497450504011973,0.357692750043744,0.125639579000578
hivrt,FUBAR1,nobias,48,0.0622238165267735,0.364087406717527,0.48520342352286,0.229872971326352
hivrt,FUBAR1,nobias,49,0.0990838965267735,0.458125283744378,0.327964655668743,0.0862658285670781
hivrt,FUBAR1,nobias,50,0.0811175265267735,0.366149638641643,0.527517942836738,0.273433736212089
hivrt,FUBAR2,bias,1,0.489944393826378,0.200927684934107,1.33667216015078,1.577367384048
hivrt,FUBAR2,bias,2,0.37230389911508,-0.0238063303577815,1.29312153510105,1.46532294997622
hivrt,FUBAR2,bias,3,0.310615418426238,0.368322206830384,0.62460072759671,0.294502063671355
hivrt,FUBAR2,bias,4,0.257809071778568,0.333498991968779,0.679219244127456,0.398935188889874
hivrt,FUBAR2,bias,5,0.314344840108167,0.29388471151738,0.99295433909194,0.905216142425751
hivrt,FUBAR2,bias,6,0.180112280497628,0.270823117868085,0.54445122110977,0.247888406768269
hivrt,FUBAR2,bias,7,0.37986573128204,0.42579129801455,0.751105369120457,0.42798040261053
hivrt,FUBAR2,bias,8,0.262915548179914,0.0799486076336554,0.99705253972404,0.899520810855259
hivrt,FUBAR2,bias,9,0.421974187107355,0.354834666337827,0.959312079523092,0.755495721618772
hivrt,FUBAR2,bias,10,0.410778097867652,0.249937320010987,1.27968609055551,1.4979774171677
hivrt,FUBAR2,bias,11,0.194029728227482,0.131904472536749,0.590058749723063,0.269521862517525
hivrt,FUBAR2,bias,12,0.20027676038583,0.322684441056687,0.678779275188208,0.425069839583789
hivrt,FUBAR2,bias,13,0.29499888238452,0.256082759360843,0.912276805721015,0.757284107009454
hivrt,FUBAR2,bias,14,0.378516719384204,0.215474042151844,1.17440672865573,1.25965888270168
hivrt,FUBAR2,bias,15,0.312160168661853,0.333774597748031,0.933317125563114,0.788653030576384
hivrt,FUBAR2,bias,16,0.300700148484917,0.40692411952312,0.700414206245255,0.408322021941371
hivrt,FUBAR2,bias,17,0.410248216307053,0.360669977604065,0.936933907902872,0.722259292809717
hivrt,FUBAR2,bias,18,0.24046020504051,0.231503675761661,0.71282367579906,0.443035711586082
hivrt,FUBAR2,bias,19,0.186187553748871,0.231764737431351,0.611486458895756,0.323317680146421
hivrt,FUBAR2,bias,20,0.152349848730711,0.201184662766066,0.545587763222599,0.245903321877879
hivrt,FUBAR2,bias,21,0.210476489657611,0.163126626044789,0.807942225614907,0.595590501309111
hivrt,FUBAR2,bias,22,0.269580277616528,0.12102483377038,0.925124628358635,0.76680482193986
hivrt,FUBAR2,bias,23,0.253989581995033,0.209294664421717,0.87279472604833,0.69991413936281
hivrt,FUBAR2,bias,24,0.311887770315819,0.330289561145471,1.03648207812255,0.993108098068195
hivrt,FUBAR2,bias,25,0.404472878171986,0.090942943651763,1.19743972091289,1.26231240504078
hivrt,FUBAR2,bias,26,0.286099565571049,0.29466137833622,0.900525802810009,0.743542030570966
hivrt,FUBAR2,bias,27,0.235587043998542,0.494352965761006,0.569487183266402,0.274176505708668
hivrt,FUBAR2,bias,28,0.172062239696761,0.286841213392189,0.719102507665267,0.49156572900223
hivrt,FUBAR2,bias,29,0.222639819499073,0.238038332965515,0.758102510091246,0.523931720760136
hivrt,FUBAR2,bias,30,0.166931611064504,0.278943465354625,0.641216322292752,0.379513385008187
hivrt,FUBAR2,bias,31,0.263763334622246,0.22178565320157,1.05448353733248,1.06089346913926
hivrt,FUBAR2,bias,32,0.457124414246458,0.33688888329459,0.869103345857762,0.55714507359218
hivrt,FUBAR2,bias,33,0.377962721967941,0.155753507851959,1.22294878440731,1.369930408515
hivrt,FUBAR2,bias,34,0.23365452373709,0.44201444635587,0.51978249827016,0.216699572508562
hivrt,FUBAR2,bias,35,0.268250860673903,0.427392094798662,0.501157325818291,0.174950857939996
hivrt,FUBAR2,bias,36,0.500539593177051,0.182802430444483,1.2311389594639,1.28522783117568
hivrt,FUBAR2,bias,37,0.225941111460198,0.572902840347714,0.541089394279986,0.243284548746235
hivrt,FUBAR2,bias,38,0.297714183656743,0.272450897137097,1.0274493568758,0.986724612712928
hivrt,FUBAR2,bias,39,0.182528601944392,0.216952546572958,0.593018281635452,0.297481864643774
hivrt,FUBAR2,bias,40,0.293568807988799,0.282683767769024,0.721750929894662,0.435102118066756
hivrt,FUBAR2,bias,41,0.203564253587977,0.382616040653108,0.667663279725245,0.412155548817127
hivrt,FUBAR2,bias,42,0.277003230972726,0.424243377030875,0.638066830985208,0.336924775395175
hivrt,FUBAR2,bias,43,0.310962241082464,0.404681556296338,0.774093701075744,0.511881299063785
hivrt,FUBAR2,bias,44,0.353551242134294,0.287649138413727,0.976501369052268,0.845355328813966
hivrt,FUBAR2,bias,45,0.0998838192634471,0.202213644311267,0.477475152087549,0.183135082744972
hivrt,FUBAR2,bias,46,0.256653129241171,0.279520147723014,0.755610477300826,0.509155491440779
hivrt,FUBAR2,bias,47,0.398239783317294,0.0902218078857858,1.12331346709394,1.08884180618052
hivrt,FUBAR2,bias,48,0.201089891521763,0.182922119867822,0.887104469595425,0.745885810516649
hivrt,FUBAR2,bias,49,0.237237920332532,0.181391097390811,0.683350067136635,0.389649205094432
hivrt,FUBAR2,bias,50,0.180522715621635,0.171675915647085,0.775230665292701,0.555413430856489
hivrt,FUBAR2,nobias,1,0.174260668755839,0.358221280773709,0.570288908585001,0.2974962924075
hivrt,FUBAR2,nobias,2,0.179378109698913,0.298006882547411,0.504722056646156,0.211790383756326
hivrt,FUBAR2,nobias,3,0.319882841252952,0.225379963239847,0.960341845745269,0.83350088496794
hivrt,FUBAR2,nobias,4,0.160512973070535,0.31968378289865,0.860437660448308,0.728748774039616
hivrt,FUBAR2,nobias,5,0.254670243917713,0.206634582305022,0.994014216911564,0.938092573010858
hivrt,FUBAR2,nobias,6,0.709737395420474,0.407482080076326,1.62097405309881,2.03136914051539
hivrt,FUBAR2,nobias,7,0.305429774836491,0.0747361326344833,1.28040006855999,1.54733858877673
hivrt,FUBAR2,nobias,8,0.326263614865066,0.334514034043065,0.723215071135119,0.423771009551847
hivrt,FUBAR2,nobias,9,0.203448307730796,0.335745765860331,0.613858353954538,0.338674613277765
hivrt,FUBAR2,nobias,10,0.296586866877792,0.301927641984022,0.818734306004335,0.593698728852722
hivrt,FUBAR2,nobias,11,0.237749676523687,0.114735070764969,1.0117699659285,0.963145843892627
hivrt,FUBAR2,nobias,12,0.228266455450435,0.42453003672847,0.614971766068415,0.332730383603154
hivrt,FUBAR2,nobias,13,0.27556847871998,0.329464613803,0.782005540256131,0.546434942947232
hivrt,FUBAR2,nobias,14,0.398345054638994,0.385146795052006,1.16675687599043,1.19178153483538
hivrt,FUBAR2,nobias,15,0.313655163384412,0.366521578784422,0.754241578136656,0.480072582732557
hivrt,FUBAR2,nobias,16,0.301917499427177,0.333988269376132,0.776896012099307,0.522743920539643
hivrt,FUBAR2,nobias,17,0.207218555460049,0.377910891443147,0.68619790752688,0.436656064246029
hivrt,FUBAR2,nobias,18,0.207089637415114,0.242856204181224,0.546374312608828,0.239880308250832
hivrt,FUBAR2,nobias,19,0.234973407449466,0.23725726413273,0.598510371828916,0.290757425192935
hivrt,FUBAR2,nobias,20,0.310000797009336,0.418610224805921,0.592294622028776,0.258825423087475
hivrt,FUBAR2,nobias,21,0.198366828454037,0.428962305373873,0.473698374963168,0.184810184536043
hivrt,FUBAR2,nobias,22,0.186825708780668,0.285524570363647,0.809518516531164,0.632143331755077
hivrt,FUBAR2,nobias,23,0.215836926343349,0.220575036216656,0.778242838932783,0.560865736576809
hivrt,FUBAR2,nobias,24,0.277790094973152,0.338443391253234,0.612500409146032,0.299064682612728
hivrt,FUBAR2,nobias,25,0.489779122219339,0.335201814089835,1.24728263155445,1.32259866543981
hivrt,FUBAR2,nobias,26,0.270037796046184,0.375344095753987,0.744045981313704,0.490235035506094
hivrt,FUBAR2,nobias,27,0.233809044566953,0.284757041466765,0.654931674057875,0.374572642625895
hivrt,FUBAR2,nobias,28,0.208963977987079,0.186652413639221,0.770667140004646,0.545326122926041
hivrt,FUBAR2,nobias,29,0.221894545101981,0.293583269945758,0.671881948898328,0.405220095190631
hivrt,FUBAR2,nobias,30,0.325274776955164,0.206446040646704,0.942491743718664,0.792110089132752
hivrt,FUBAR2,nobias,31,0.137409093307976,0.339905693955231,0.533904823776379,0.264979637445471
hivrt,FUBAR2,nobias,32,0.179753201407839,0.471794209975233,0.51458615041626,0.2371854560508
hivrt,FUBAR2,nobias,33,0.208825528624092,0.32080351395675,0.578112779360056,0.289264635353945
hivrt,FUBAR2,nobias,34,0.279390955850103,0.323192457072733,1.00160984246679,0.939990042312236
hivrt,FUBAR2,nobias,35,0.248781663156118,0.293830800803196,0.598158571947357,0.291651160606085
hivrt,FUBAR2,nobias,36,0.292804170397861,0.431312222949763,0.675742276236748,0.377766335761932
hivrt,FUBAR2,nobias,37,0.305964818159131,0.405235599017928,0.670986203972012,0.363885727364534
hivrt,FUBAR2,nobias,38,0.164204200817513,0.383845712712547,0.525429712762069,0.250678537231869
hivrt,FUBAR2,nobias,39,0.368947186816881,0.209600454652728,0.873415989374633,0.63005801989581
hivrt,FUBAR2,nobias,40,0.290993535033152,0.419988009916938,0.775784722577133,0.523190678902593
hivrt,FUBAR2,nobias,41,0.331005428860044,0.270691958685851,0.948202440285342,0.805408199840603
hivrt,FUBAR2,nobias,42,0.181194875221282,0.466923877959504,0.455227761158379,0.175841174946897
hivrt,FUBAR2,nobias,43,0.221486898756059,0.360022666370136,0.531587201058117,0.231615310919728
hivrt,FUBAR2,nobias,44,0.333703600546994,0.281153647583941,1.06532157820578,1.04342828187652
hivrt,FUBAR2,nobias,45,0.178827220752687,0.293719790372527,0.626062674178222,0.360437799060336
hivrt,FUBAR2,nobias,46,0.311353449055624,0.434753928891779,0.757889208809975,0.482585427866507
hivrt,FUBAR2,nobias,47,0.226410182778767,0.437327633567069,0.609114523710238,0.326178769157647
hivrt,FUBAR2,nobias,48,0.238595371775247,0.288091419017797,0.792633584669058,0.581554677265947
hivrt,FUBAR2,nobias,49,0.343859022987883,0.413712974986702,0.620928523607792,0.271837313457216
hivrt,FUBAR2,nobias,50,0.231667554665143,0.333165266097825,0.668713923199329,0.39959634981246
vertrho,FUBAR1,bias,1,0.00697908025954571,0.585528510990645,0.276902755556174,0.0687219519085305
vertrho,FUBAR1,bias,2,0.0206276332595457,0.517888278553874,0.33803648974881,0.108566580473896
vertrho,FUBAR1,bias,3,0.0064273542595457,0.560195261674045,0.297013954522747,0.0811351342237829
vertrho,FUBAR1,bias,4,0.0675778352595457,0.588478949674188,0.305477942560592,0.0850227537768089
vertrho,FUBAR1,bias,5,0.0380784242595457,0.719687894823492,0.228792543217412,0.0485377553522361
vertrho,FUBAR1,bias,6,0.0737294542595457,0.411094792350346,0.472546969222398,0.21640186677194
vertrho,FUBAR1,bias,7,0.0511003542595457,0.510944899911222,0.391833163280942,0.150892433347098
vertrho,FUBAR1,bias,8,0.00701735725954572,0.540363855828551,0.313223358565479,0.091529690287915
vertrho,FUBAR1,bias,9,0.0174296342595458,0.521667321144364,0.284075378898622,0.0649086921146182
vertrho,FUBAR1,bias,10,-0.0169408197404543,0.610674272250759,0.280585886301642,0.0741697643808534
vertrho,FUBAR1,bias,11,0.0294814942595457,0.554136709659101,0.278366948854246,0.0642907908837183
vertrho,FUBAR1,bias,12,0.0250198822595457,0.661960719021153,0.270896536308772,0.0717319083170502
vertrho,FUBAR1,bias,13,0.0431978742595457,0.553840366955655,0.379842236805058,0.144157749036733
vertrho,FUBAR1,bias,14,0.0080295542595457,0.450259550385952,0.294260434742798,0.0625037422065733
vertrho,FUBAR1,bias,15,0.00886930425954571,0.576590126326399,0.317948747324688,0.0988833067590249
vertrho,FUBAR1,bias,16,0.0262279902595457,0.60296933691158,0.26809517454343,0.0633411310160567
vertrho,FUBAR1,bias,17,0.0394619442595457,0.603917370304237,0.285414786595096,0.0753456353288772
vertrho,FUBAR1,bias,18,-0.00157873574045431,0.528793808033335,0.320700510126216,0.0962232760201383
vertrho,FUBAR1,bias,19,0.0547190942595457,0.633159163864057,0.290253390899399,0.0798269374898154
vertrho,FUBAR1,bias,20,0.0278559042595457,0.610777743272183,0.302412255269013,0.0893886799202829
vertrho,FUBAR1,bias,21,0.0213260242595457,0.590758087408909,0.316721482278919,0.0986872116035923
vertrho,FUBAR1,bias,22,0.0201823712595457,0.675677835577858,0.266776391103754,0.0703025513169659
vertrho,FUBAR1,bias,23,0.0633771942595457,0.566444694298748,0.328751831937144,0.101623548906608
vertrho,FUBAR1,bias,24,0.0412507542595458,0.553063172695957,0.279722963537865,0.0640172837112232
vertrho,FUBAR1,bias,25,0.0270480942595457,0.508372921516308,0.31434484366867,0.0875425910711113
vertrho,FUBAR1,bias,26,0.00346869425954569,0.560636464337616,0.280121434996205,0.0679087180228758
vertrho,FUBAR1,bias,27,-0.00931761574045431,0.602966685436289,0.272969283831407,0.0678963671109503
vertrho,FUBAR1,bias,28,0.00845624425954571,0.51714361303967,0.340656331660071,0.11106788648713
vertrho,FUBAR1,bias,29,0.0037619462595457,0.617651828509334,0.273040859036062,0.0697890796665391
vertrho,FUBAR1,bias,30,0.0183798142595457,0.514880653941506,0.332872672516259,0.104095323046924
vertrho,FUBAR1,bias,31,0.0441448542595457,0.563880323685121,0.328916873936946,0.103986461341761
vertrho,FUBAR1,bias,32,-0.0298482527404543,0.446163492069103,0.296264715723666,0.0623588382273344
vertrho,FUBAR1,bias,33,0.0144339742595457,0.691338830630974,0.241448121212615,0.0555320633409214
vertrho,FUBAR1,bias,34,0.0496034232595457,0.445500372577632,0.424100971747351,0.174846795269183
vertrho,FUBAR1,bias,35,0.0620583442595457,0.551638808416838,0.410453404008549,0.167731079990717
vertrho,FUBAR1,bias,36,0.00474538225954574,0.474327678135521,0.343366909503535,0.108334656477235
vertrho,FUBAR1,bias,37,0.0259418842595457,0.626083670945923,0.249952411843085,0.0525330906658187
vertrho,FUBAR1,bias,38,0.0478606842595457,0.605408343761999,0.289874194642783,0.0778700187820108
vertrho,FUBAR1,bias,39,0.0408614942595457,0.521775945877884,0.277447542721143,0.0571067367260583
vertrho,FUBAR1,bias,40,0.0271881942595457,0.583330135285783,0.297463376202051,0.0832198232357082
vertrho,FUBAR1,bias,41,0.0185426452595457,0.547149683313646,0.401824094523933,0.163923050336258
vertrho,FUBAR1,bias,42,0.0447325712595457,0.550477188547238,0.375662835267422,0.14039320271393
vertrho,FUBAR1,bias,43,0.0201487392595457,0.580173218463275,0.324563793486295,0.10381131660163
vertrho,FUBAR1,bias,44,0.0551244252595456,0.475674872172695,0.401185807014839,0.155772705242218
vertrho,FUBAR1,bias,45,-0.0245660657404543,0.632266857820911,0.248290210623024,0.0522787498256823
vertrho,FUBAR1,bias,46,-0.0479502657404543,0.58730667721268,0.275223186072608,0.0644564049345324
vertrho,FUBAR1,bias,47,0.00607777425954568,0.519218510114063,0.274056090007366,0.0562923789589229
vertrho,FUBAR1,bias,48,0.0371994582595457,0.630624774445301,0.292246994417935,0.0829733533646262
vertrho,FUBAR1,bias,49,0.0540025642595457,0.64014797712448,0.310127759830275,0.094211757844136
vertrho,FUBAR1,bias,50,0.0789053942595457,0.450025037012209,0.460627548945824,0.206853535549568
vertrho,FUBAR1,nobias,1,0.0672956765267735,0.550927564216338,0.304432559967997,0.0841882964392272
vertrho,FUBAR1,nobias,2,0.0349405765267735,0.602208375167587,0.271380748264721,0.069127624449117
vertrho,FUBAR1,nobias,3,0.0435897365267735,0.550391852740486,0.393570870338245,0.156071194435344
vertrho,FUBAR1,nobias,4,0.0279349565267735,0.613082900785314,0.250450290478985,0.0562567293945084
vertrho,FUBAR1,nobias,5,0.0733911465267735,0.519865828990301,0.276898969603934,0.0581853147168106
vertrho,FUBAR1,nobias,6,0.0243466195267735,0.585211999142944,0.327101276190552,0.107633074031233
vertrho,FUBAR1,nobias,7,0.0374455595267735,0.644598250546682,0.286011288145813,0.0813108267363468
vertrho,FUBAR1,nobias,8,-0.0109439264732265,0.691438634868188,0.235604353025145,0.0546014619456893
vertrho,FUBAR1,nobias,9,0.0350491265267735,0.68333569441463,0.235271460587649,0.0523983739920583
vertrho,FUBAR1,nobias,10,0.0550687565267735,0.648760035397938,0.278970295656991,0.0751832931063538
vertrho,FUBAR1,nobias,11,0.0276002855267735,0.689557673373206,0.256823390187642,0.0660058342172059
vertrho,FUBAR1,nobias,12,0.0287152665267735,0.573800883184763,0.244566368216187,0.0467424112497513
vertrho,FUBAR1,nobias,13,0.0668257225267735,0.567985996663209,0.334086903065823,0.107652648891072
vertrho,FUBAR1,nobias,14,0.0430759865267735,0.608625428517142,0.255982223108633,0.05817517362483
vertrho,FUBAR1,nobias,15,0.0563339725267735,0.625012055374537,0.311183253227115,0.0951542120867714
vertrho,FUBAR1,nobias,16,0.0725991775267736,0.564578662932343,0.355675074881197,0.122946447131892
vertrho,FUBAR1,nobias,17,0.0670669645267735,0.7161480294244,0.244541372564135,0.0558031946409244
vertrho,FUBAR1,nobias,18,0.0239607915267735,0.627528822006069,0.249627282712951,0.0574962231310538
vertrho,FUBAR1,nobias,19,0.0305075075267735,0.624893235742753,0.256458669930937,0.0613837954902473
vertrho,FUBAR1,nobias,20,0.0177907625267735,0.720534650990128,0.215267963887389,0.0446772514488856
vertrho,FUBAR1,nobias,21,0.0503924065267735,0.517457268248204,0.327740701328591,0.101408310807795
vertrho,FUBAR1,nobias,22,0.0346418225267735,0.599473378865299,0.299415580135672,0.0882323126270263
vertrho,FUBAR1,nobias,23,0.0204217865267735,0.647172950220691,0.254276370583064,0.0625022827710107
vertrho,FUBAR1,nobias,24,0.0795954155267736,0.623693528290936,0.294463812161356,0.0803051820465066
vertrho,FUBAR1,nobias,25,0.110410836526773,0.636752720216698,0.268627883644016,0.0560090994118242
vertrho,FUBAR1,nobias,26,0.0285082965267735,0.69197777065089,0.230870954481001,0.0509501238983218
vertrho,FUBAR1,nobias,27,0.0456257315267735,0.623340164651689,0.280334998007609,0.0757604633422426
vertrho,FUBAR1,nobias,28,0.0507536265267735,0.618072712993921,0.263013523844651,0.0630575749856508
vertrho,FUBAR1,nobias,29,0.0326796105267735,0.630877424720338,0.232566764275733,0.0451322104332239
vertrho,FUBAR1,nobias,30,0.0277581795267735,0.637171995972785,0.239723418480908,0.0514727114308766
vertrho,FUBAR1,nobias,31,0.0571416615267735,0.742690496930946,0.296790114220722,0.0836964714614171
vertrho,FUBAR1,nobias,32,0.0637916185267735,0.596726780078726,0.349276653068329,0.120239561193045
vertrho,FUBAR1,nobias,33,0.0157872465267735,0.618835171394643,0.250282389858926,0.0574963288106238
vertrho,FUBAR1,nobias,34,0.0359645725267735,0.613208528772476,0.266260169849872,0.0664971507542102
vertrho,FUBAR1,nobias,35,0.0404168765267735,0.619381518351412,0.264494585516795,0.0654040086941568
vertrho,FUBAR1,nobias,36,0.0914359065267736,0.588403716151464,0.329169647521183,0.100699087880272
vertrho,FUBAR1,nobias,37,0.00243164752677354,0.688582054578403,0.221426285412965,0.045937743892503
vertrho,FUBAR1,nobias,38,0.0527157945267735,0.619062805667325,0.313357290073935,0.0968726160360603
vertrho,FUBAR1,nobias,39,0.0451357265267735,0.659535792420692,0.242381965647956,0.0537766654694058
vertrho,FUBAR1,nobias,40,0.0218717565267735,0.663262222171726,0.218424941393984,0.0400997722083947
vertrho,FUBAR1,nobias,41,0.0500287175267735,0.519266304283526,0.295716285390849,0.0768839306650025
vertrho,FUBAR1,nobias,42,0.0306360365267735,0.684866323484406,0.239161790392438,0.0552422123859808
vertrho,FUBAR1,nobias,43,0.0260757325267735,0.614554596814062,0.25162811919785,0.057380768885445
vertrho,FUBAR1,nobias,44,0.0351022615267735,0.571865333495367,0.323252300978199,0.103503179371937
vertrho,FUBAR1,nobias,45,-0.0139736614732265,0.604354329230935,0.258749755319566,0.0619288459698705
vertrho,FUBAR1,nobias,46,0.0715449895267735,0.617448684644572,0.322075742537946,0.100269858117745
vertrho,FUBAR1,nobias,47,0.0579258585267735,0.737509328387898,0.236658168421568,0.0535060846925179
vertrho,FUBAR1,nobias,48,0.0210095745267735,0.508971488118089,0.327503823032904,0.102957042187869
vertrho,FUBAR1,nobias,49,0.0518839145267735,0.656387426905699,0.250965599652523,0.0582131456236018
vertrho,FUBAR1,nobias,50,0.0361021395267735,0.69330024735893,0.249517105345542,0.0613492594866304
vertrho,FUBAR2,bias,1,0.125974111324102,0.467094119740275,0.517495708243717,0.256712835063878
vertrho,FUBAR2,bias,2,0.186427590335754,0.454295237447686,0.605276665610398,0.33827316058064
vertrho,FUBAR2,bias,3,0.111109841560152,0.452523584952141,0.481400521068565,0.221596251762196
vertrho,FUBAR2,bias,4,0.343296656862024,0.360205256096848,0.808975387234013,0.547538491525362
vertrho,FUBAR2,bias,5,0.250384675899321,0.466368990987328,0.662723072172815,0.382635477877533
vertrho,FUBAR2,bias,6,0.301974058771431,0.266757022893325,1.09741666333266,1.13578270600608
vertrho,FUBAR2,bias,7,0.237530367185571,0.388745753532305,0.731729521986706,0.488713994216288
vertrho,FUBAR2,bias,8,0.137528490302737,0.458831878603189,0.517983174971448,0.253779352191536
vertrho,FUBAR2,bias,9,0.211739920564789,0.303789182313487,0.768129003913931,0.553879343469034
vertrho,FUBAR2,bias,10,0.162491078093243,0.416956690099929,0.740097177786782,0.529749223253165
vertrho,FUBAR2,bias,11,0.17454837440946,0.377165169217739,0.61706465422409,0.355529569513033
vertrho,FUBAR2,bias,12,0.252263090157762,0.483541882152062,0.779950134194683,0.541442362331736
vertrho,FUBAR2,bias,13,0.198103579484201,0.367158656759814,0.784465862721297,0.587645677449581
vertrho,FUBAR2,bias,14,0.156483711923586,0.281595576642249,0.641653297665556,0.384160283292717
vertrho,FUBAR2,bias,15,0.115195390213433,0.461302326268482,0.490220214148767,0.230299922678229
vertrho,FUBAR2,bias,16,0.196778069316585,0.432759005861203,0.565801991093155,0.286264397806292
vertrho,FUBAR2,bias,17,0.22558015841333,0.497541358216621,0.723173816832562,0.470341096962848
vertrho,FUBAR2,bias,18,0.123770491130168,0.435478709355333,0.540522958701309,0.281599292910268
vertrho,FUBAR2,bias,19,0.244714607157501,0.470809850566752,0.649204562419685,0.367598790074577
vertrho,FUBAR2,bias,20,0.175473286952502,0.372515728362556,0.766708630867979,0.568166384191059
vertrho,FUBAR2,bias,21,0.13292488669641,0.49274615956825,0.459611398129618,0.196242197124006
vertrho,FUBAR2,bias,22,0.231306278434902,0.503309430539183,0.644638658873205,0.365177540212725
vertrho,FUBAR2,bias,23,0.288797694102189,0.406675906997824,0.780869541992189,0.535564902879792
vertrho,FUBAR2,bias,24,0.242299738457376,0.336662706170352,0.695059526513249,0.430344424422934
vertrho,FUBAR2,bias,25,0.160184246267112,0.293035108466995,0.585567706095529,0.310263785191476
vertrho,FUBAR2,bias,26,0.0795318033463188,0.360980293035023,0.44291095974895,0.178569737650398
vertrho,FUBAR2,bias,27,0.0927342612800104,0.445778384172104,0.444641863553936,0.187960519516802
vertrho,FUBAR2,bias,28,0.178099202074405,0.41595306719588,0.645029768810691,0.392187790609621
vertrho,FUBAR2,bias,29,0.136998456812829,0.449257141986991,0.518973499786305,0.254594557377114
vertrho,FUBAR2,bias,30,0.146715811268516,0.352461766781054,0.698005908613881,0.474449137779954
vertrho,FUBAR2,bias,31,0.268614906720692,0.321386708441405,0.93429400290324,0.816690836619164
vertrho,FUBAR2,bias,32,0.07102469558043,0.232247212617304,0.504945590615429,0.224957595222686
vertrho,FUBAR2,bias,33,0.15286024108887,0.565378914786138,0.507512218972061,0.236783522258872
vertrho,FUBAR2,bias,34,0.337733816933416,0.3259183126667,1.0155974828605,0.933933232066849
vertrho,FUBAR2,bias,35,0.22063555709478,0.448361253249025,0.780070551987773,0.563194177846336
vertrho,FUBAR2,bias,36,0.172455352436378,0.411912979914074,0.658811428160376,0.412528903181972
vertrho,FUBAR2,bias,37,0.164091977524597,0.443684124497311,0.513251006409081,0.23935191281654
vertrho,FUBAR2,bias,38,0.222653232424954,0.390998898369885,0.596867441704918,0.310439266193258
vertrho,FUBAR2,bias,39,0.255963089738772,0.288175840320646,0.762858351736982,0.522188788410032
vertrho,FUBAR2,bias,40,0.101231876641538,0.339777557586923,0.503482598239659,0.235844175760782
vertrho,FUBAR2,bias,41,0.202803398763405,0.470981327975307,0.807311034546855,0.606413481066323
vertrho,FUBAR2,bias,42,0.163061127436455,0.392392207323343,0.59772866424136,0.335886233735592
vertrho,FUBAR2,bias,43,0.146983488135396,0.441822439577739,0.637615406367379,0.392328849742672
vertrho,FUBAR2,bias,44,0.241803413095688,0.407184744615661,0.723568093445421,0.474159944684228
vertrho,FUBAR2,bias,45,0.100166426788963,0.491321738619297,0.488827802779977,0.233391426657266
vertrho,FUBAR2,bias,46,0.0636500009970762,0.352815587221812,0.597364450040031,0.35619658269894
vertrho,FUBAR2,bias,47,0.112581645181562,0.346253659871809,0.494972174319839,0.224577007032298
vertrho,FUBAR2,bias,48,0.174747390224658,0.480941724521426,0.521895133391022,0.246569798218007
vertrho,FUBAR2,bias,49,0.299753020350523,0.347152294492353,0.959308966111609,0.844504282563382
vertrho,FUBAR2,bias,50,0.254025169346279,0.515966750554802,0.613284690155925,0.315289592956025
vertrho,FUBAR2,nobias,1,0.192555345486249,0.436663236096115,0.53533544787828,0.254079451528544
vertrho,FUBAR2,nobias,2,0.136497619751933,0.472831048822345,0.468500458036286,0.204341378442294
vertrho,FUBAR2,nobias,3,0.210947435047804,0.438362402901826,0.847094640620066,0.669483563097722
vertrho,FUBAR2,nobias,4,0.0980433116028724,0.497558958311655,0.375578516528589,0.130501410341139
vertrho,FUBAR2,nobias,5,0.183242856385097,0.317483963004405,0.4733880217989,0.17853586561043
vertrho,FUBAR2,nobias,6,0.11076607041294,0.496000012905438,0.497717010092237,0.240103201285071
vertrho,FUBAR2,nobias,7,0.213216511946038,0.431800921515038,0.756966179293845,0.531641453441547
vertrho,FUBAR2,nobias,8,0.111682534159841,0.611784831786014,0.413555550351958,0.160031365822977
vertrho,FUBAR2,nobias,9,0.186054386428313,0.520459529143022,0.509657373000951,0.229137482521901
vertrho,FUBAR2,nobias,10,0.185580862713729,0.505943169490095,0.523207596203182,0.24370070659029
vertrho,FUBAR2,nobias,11,0.153847590780719,0.542354467755171,0.513724251652932,0.242595098566504
vertrho,FUBAR2,nobias,12,0.112160945797853,0.395444685314465,0.413017139257786,0.15122361960366
vertrho,FUBAR2,nobias,13,0.209564036884649,0.476006468532824,0.521749543616359,0.232926103875378
vertrho,FUBAR2,nobias,14,0.189133971834907,0.496798988273934,0.480329322786367,0.19877349518514
vertrho,FUBAR2,nobias,15,0.18733685576115,0.553039150437791,0.526538421395558,0.24347841885863
vertrho,FUBAR2,nobias,16,0.219137144243356,0.523572085571808,0.621340558722366,0.336969775561354
vertrho,FUBAR2,nobias,17,0.250532592197317,0.5532471729186,0.572070095871476,0.264409883228353
vertrho,FUBAR2,nobias,18,0.137390555378109,0.523759882522418,0.424144590035734,0.163967138695875
vertrho,FUBAR2,nobias,19,0.117122257983755,0.464593384587008,0.417931435498381,0.160992223976226
vertrho,FUBAR2,nobias,20,0.13724585238359,0.590721331810246,0.414186732608992,0.155383814601145
vertrho,FUBAR2,nobias,21,0.227411850081979,0.42753774063206,0.656520013319145,0.386340080896985
vertrho,FUBAR2,nobias,22,0.116072457601618,0.469760780482882,0.46556988714048,0.206782495418558
vertrho,FUBAR2,nobias,23,0.131214542016554,0.544072719661323,0.478559042230928,0.215019020086264
vertrho,FUBAR2,nobias,24,0.229250884110176,0.422685313194739,0.577680904468982,0.286581527723066
vertrho,FUBAR2,nobias,25,0.248112227495992,0.557668118108376,0.467416137350524,0.160118649732298
vertrho,FUBAR2,nobias,26,0.213703159161019,0.443067307794512,0.667229851247023,0.405447540994063
vertrho,FUBAR2,nobias,27,0.286901356595729,0.365652796255826,0.994065288685527,0.912703584993466
vertrho,FUBAR2,nobias,28,0.178041829096472,0.363804405718077,0.532648490861308,0.252067047362467
vertrho,FUBAR2,nobias,29,0.152439682811277,0.473241867228548,0.457097755301406,0.188312075276528
vertrho,FUBAR2,nobias,30,0.118852000269163,0.445409816026833,0.498666919202731,0.238735472184951
vertrho,FUBAR2,nobias,31,0.173189214322102,0.602846917283473,0.550820607423395,0.264340304081177
vertrho,FUBAR2,nobias,32,0.197504750434354,0.417500802114486,0.659269780425253,0.403113461549424
vertrho,FUBAR2,nobias,33,0.0702318896444331,0.459454510888319,0.399774548168037,0.15388485824648
vertrho,FUBAR2,nobias,34,0.143153364778047,0.441721099572409,0.508501059932145,0.242310137868678
vertrho,FUBAR2,nobias,35,0.15180099629958,0.497556223580352,0.404911627154042,0.141081863462889
vertrho,FUBAR2,nobias,36,0.209369918654649,0.516536065003313,0.483684016344151,0.193991287850686
vertrho,FUBAR2,nobias,37,0.0888444447066864,0.536294990430961,0.376369700369162,0.135356459304747
vertrho,FUBAR2,nobias,38,0.270249684433387,0.360163330742188,1.05415745867534,1.04329819694158
vertrho,FUBAR2,nobias,39,0.172011182992473,0.530291397813273,0.46013874745236,0.185852108175966
vertrho,FUBAR2,nobias,40,0.119052820517223,0.504736008667442,0.369232874335399,0.12049321250872
vertrho,FUBAR2,nobias,41,0.145641038216965,0.401780947733449,0.432181058388172,0.16054959795612
vertrho,FUBAR2,nobias,42,0.127524385443523,0.52054621612704,0.421367752360798,0.164162504810806
vertrho,FUBAR2,nobias,43,0.12201000966452,0.344333986844893,0.512905650632605,0.245929736771858
vertrho,FUBAR2,nobias,44,0.13744351171299,0.49611741874414,0.491499295373235,0.227201198682184
vertrho,FUBAR2,nobias,45,0.0991185596269245,0.529254492494742,0.432645853993378,0.180973155234372
vertrho,FUBAR2,nobias,46,0.169214170756705,0.377707497462439,0.609840617450075,0.349588320259093
vertrho,FUBAR2,nobias,47,0.162989716524752,0.59990992519275,0.404585861570758,0.139756901115528
vertrho,FUBAR2,nobias,48,0.0969285347013718,0.40694126235052,0.51722947533579,0.261840259456376
vertrho,FUBAR2,nobias,49,0.208732883703929,0.545307312759697,0.510391429276608,0.219940069136328
vertrho,FUBAR2,nobias,50,0.110848425303649,0.5909460036266,0.349713348804139,0.111747900480357
